node,elevation_m
27699301,93.7
12922419410,93.7
5953014008,93.7
14207217386,93.7
5850072952,93.9
5953014017,94.3
437605981,94.5
5953000908,94.6
5953000912,94.9
972873325,94.9
1700468608,94.8
5953000913,94.8
699528117,94.5
971410744,94.3
5953000924,94.2
5953000929,94.1
1124349827,94.0
6794438553,93.7
5953000945,93.4
1124349818,93.4
709178802,93.3
8660115540,92.9
5771946017,92.8
5771946019,92.5
5771946027,92.3
1124349812,92.1
5771946021,91.9
8660115541,91.9
5771946029,91.8
9441250704,91.5
26270977,91.5
625959042,91.5
9441250706,91.5
5771946034,91.3
971606335,90.9
5973753612,90.6
1633378815,90.2
5973753619,89.8
5973753618,89.8
12891953105,89.6
28979456,89.5
12060113207,85.4
10909275759,85.8
26046248,86.0
428236271,89.7
4509164653,89.9
621511851,90.6
7042300107,91.2
621511884,93.2
7042300130,93.6
427907440,93.6
7042300131,93.8
621511922,94.3
384146095,94.4
12060113221,95.7
6778864713,95.7
26046283,95.8
52715527,83.2
1145051191,83.2
1145051183,83.1
8805733290,82.9
616029490,83.0
766968803,83.0
8805733288,82.8
256517790,82.6
8805733287,82.3
256517791,81.9
8805733286,81.6
256517792,81.2
256517793,80.3
729440564,80.1
8805733285,80.0
256517794,79.9
256517795,79.7
8805733284,79.6
1853704866,79.5
8805733283,79.3
256517796,79.0
8805733282,78.7
247105788,78.5
8805733281,78.3
1853704870,78.1
247105784,78.0
12887768668,78.0
8805733272,78.1
8851609468,77.9
12887768669,78.0
8805733270,78.0
8805733271,77.9
247105771,77.8
8616229401,77.8
247105767,77.7
247105758,76.5
247105754,75.9
8805733269,75.6
8805733268,75.2
8805733267,75.1
8805733266,74.8
247105745,74.7
8805733265,74.7
8805733264,74.8
582292718,74.8
8805733263,74.8
247105738,74.9
766968924,75.4
11191801720,75.6
8805733262,75.7
247105723,76.4
247105722,76.3
8805733260,76.2
1234226221,76.1
1853702081,76.1
247105694,76.1
14180674311,76.2
8805733261,76.3
247105693,76.6
10187060925,77.2
1237906040,77.1
26046238,77.2
1315815658,68.1
8806181553,68.7
627860699,71.1
6387988126,72.1
6387988123,72.2
6387988129,72.2
627860695,72.1
8806181554,71.6
8806174609,71.3
6387988139,71.0
6387988382,70.1
8806174604,70.0
428089155,69.7
26046230,69.5
9201545737,69.5
6387988372,69.5
8806181555,69.4
8806174592,69.1
8806181563,69.0
627860701,68.8
8806174589,67.8
13285994209,67.5
11051376881,67.3
26046231,67.0
1315815710,61.5
8807414592,61.9
6387988356,63.7
6387988340,64.2
6387988341,66.3
11051376879,66.6
8806181524,67.4
971037814,67.8
8805685960,68.5
8805685959,69.8
8796993036,71.4
6387988176,72.0
8796993034,72.2
26046232,73.4
8806174583,74.7
26046233,75.3
6387987279,77.1
27738817,77.4
6387988191,78.0
6387988087,79.1
13285969547,79.6
8796993077,79.7
2629255199,80.0
582279948,77.9
26046251,78.1
5354820399,78.3
5354820400,78.5
10187060798,78.8
256589858,79.1
1236269278,79.6
26046252,80.0
6237376084,81.3
6237378199,81.4
6363358026,83.2
582279959,84.3
52720778,84.6
6237376070,85.1
26046256,85.4
6237376069,85.9
26046264,86.1
6237376068,86.5
582280041,87.0
1034822257,88.1
6237376067,88.6
26046271,89.1
6237376066,89.5
582280040,89.7
6237376065,90.0
26046277,90.2
6363357693,90.8
1034822196,90.9
1034822244,91.0
620501403,85.6
7855938507,85.8
620501404,86.2
14173850954,86.4
620501366,86.8
1038837696,86.9
678999824,87.5
729440565,88.5
6091768486,89.2
729440585,89.2
5777925886,89.3
5973753589,89.4
12891953103,89.5
5777925887,89.5
627860627,89.6
620501365,89.5
12891953107,89.3
5973753622,89.3
5777925889,89.2
616029740,89.2
1633378869,88.8
766968912,87.0
7125626679,86.2
1633378830,86.0
765313338,85.8
254218848,85.4
1633378809,85.2
9593798548,82.7
14207217372,82.6
11251311202,90.9
29207999,90.7
7706082151,88.4
7706082154,88.6
3492713155,91.6
8807924747,95.7
8807924757,96.7
4734212727,98.8
1386719220,96.4
11206972337,94.9
3492713140,95.8
8851581991,77.3
9029207016,77.4
6424890192,78.8
12887768648,79.9
8807417026,80.0
12887768646,80.0
703593918,80.0
427890089,80.0
10187060761,80.4
12060113197,80.6
1234229228,80.6
254241031,80.7
30327179,90.6
6796333376,90.6
10593126863,90.6
10909275740,91.0
30453158,91.8
30453159,92.7
12883681719,93.1
12883681720,93.9
30453160,94.2
6328181128,94.0
13285994353,94.0
6328176139,93.8
13285994361,93.6
30453161,92.5
13285994362,91.3
8809792199,91.5
8809792201,91.6
30453164,91.3
8809792158,91.3
13285994365,90.8
13285994366,85.8
9935537875,81.3
13285969557,81.3
2629255269,81.2
9935537874,81.1
9935537873,81.0
30453169,80.9
347296902,89.3
8636706792,89.4
8763497475,89.9
8763497469,90.0
8763497507,91.1
8763497473,91.4
8763497505,91.5
8763497502,93.3
9325220313,93.8
8763497499,93.8
616030023,94.7
9325220303,94.7
9325220301,94.8
8763497494,94.7
9325220292,94.6
9325220289,94.3
11251379142,93.4
8636712996,93.4
347296901,93.2
347317850,86.4
347317862,86.4
347317863,85.5
7519538259,84.7
7519538269,84.2
7519538258,83.3
7519538256,82.3
7519538246,80.8
7519538254,80.0
7519538245,79.3
7519538240,78.3
7519538236,77.1
7519538229,76.1
11310702013,74.4
8632617984,74.3
52727279,73.8
347296894,88.5
8636706779,88.3
11251379147,88.3
8636712939,86.9
728152744,87.0
8636712940,86.9
12666122599,81.2
8629647572,81.1
728152745,81.0
8629647571,80.9
12666122598,80.8
13204010819,70.1
8629647567,70.1
531007399,70.1
8629647568,69.9
13204010817,69.8
12666135101,69.6
8629647554,69.5
30530824,69.6
8629647555,69.5
12666122600,69.4
12666145755,67.5
5964788526,67.5
52922499,67.4
52715439,78.5
8465247406,78.5
246157700,78.5
726307553,78.3
52715469,78.1
7470717011,78.0
246157878,78.2
7470717012,78.7
52715478,79.3
7470717013,79.8
246157880,80.3
1145051186,81.8
8805733295,82.8
52715482,82.9
13186894417,83.0
8805733294,83.0
8805733293,83.1
246157884,83.2
8805733292,83.3
1145051190,83.2
8805733291,83.2
12887383871,83.3
9029220757,83.3
6796313304,83.5
12922419506,83.9
12922419503,83.9
12922419505,83.9
8725912522,92.3
12881569235,92.3
6854684009,92.3
582280018,91.6
582280020,91.4
1231333143,90.9
613049500,90.8
8725912524,90.8
582280029,90.0
613049543,88.9
52720756,88.8
6237391295,88.3
582279967,87.5
773146993,85.9
11362393832,85.4
773147016,84.7
613049428,84.7
12887391300,84.7
52720801,93.6
6854684008,93.5
10593125309,93.5
1231333146,92.8
52720804,92.7
726231372,92.6
12887391177,92.1
12179699228,91.6
1241180238,91.4
7416129837,90.6
12179699226,90.5
52724746,89.5
8805786547,89.7
8809792160,91.3
8809792212,89.8
8806143146,89.7
347314519,89.7
3866210304,76.7
11142096486,76.7
10187763216,76.7
338377866,75.6
338377867,76.0
53410278,80.7
8743203570,80.7
11402441869,80.6
8743203567,74.0
127461836,73.9
53410294,77.6
8740733762,78.0
12786862424,78.1
8740733793,88.5
53410302,88.8
8740733794,89.0
451615517,94.1
11099829307,94.5
8740733785,94.6
11099829305,94.8
8740663905,94.6
11099829308,94.5
8740733822,86.0
347301886,85.2
8740733823,84.6
8740733837,77.4
338368992,77.3
8740733838,77.1
3496243625,73.8
8740733843,73.7
338368280,73.7
8740021500,73.6
11223452368,73.4
623646728,71.8
8737733405,71.8
8192965604,72.0
338369175,73.5
8710874602,73.8
12786862449,74.0
12786862425,88.6
8710874594,88.6
338369129,88.8
8710874593,88.8
12786862426,88.9
8710909452,94.2
3478231606,94.2
8710909453,94.2
501552452,88.0
9067292252,85.0
8710909447,85.0
53410366,85.1
338369099,76.4
8710909417,77.0
12786862448,77.2
8710874610,88.4
338369105,88.6
8710874609,88.7
12786832260,92.0
8710909463,91.9
3478231638,91.7
8710909464,91.6
12786832261,91.4
501552451,83.1
9067355838,81.5
8710909471,81.4
338369112,81.5
338370697,77.3
8710909430,77.7
12786862447,78.0
11952539380,88.6
8710909424,88.6
338370699,88.6
8710909423,88.6
11952539381,88.6
8710909479,88.0
3478231646,87.8
8710909480,87.7
501552450,80.2
9067355836,79.0
8710909475,79.0
338370701,79.1
8678024188,78.6
11142050403,78.5
577417798,76.4
11952539357,70.3
8678024184,70.3
338370702,70.1
8678024185,70.0
11952539356,69.9
338377517,63.5
11234789387,62.2
8678024214,62.1
338370703,62.1
8677886382,62.1
11234789386,61.9
532808352,60.3
14058903281,57.9
52919514,89.9
451615553,89.5
52919565,89.6
566370173,90.0
347296837,90.7
453233658,91.4
52919512,92.1
458240962,92.8
52919525,92.9
529790029,92.2
11251311204,91.2
8636706764,91.1
11155412016,91.0
52720832,82.4
6434281278,82.6
12060113211,82.8
428236266,86.3
1234868179,86.7
6854684125,89.8
427907438,90.1
5960558135,91.8
52720763,92.4
14208218644,92.7
14208218643,93.1
427907439,93.3
1231333145,93.5
30530794,65.2
8629749619,65.0
11251344937,65.0
12784804760,75.1
8636706801,75.2
30530817,75.5
8636706808,75.6
12784804761,75.7
7862963801,85.6
8636706814,87.4
30530819,87.6
8636706813,87.7
11251379144,92.4
8636706788,92.5
52727242,92.7
8636706796,92.5
11251379143,92.5
577452908,88.3
8636706794,87.7
347316059,87.7
3474558106,83.3
8669234960,83.3
3474558120,83.8
12666145750,82.1
8669235000,82.0
3474558138,81.6
8669235001,81.3
12666145749,81.2
3474558151,79.0
8649224410,77.3
3474558167,77.1
8649224411,76.8
3474558180,75.3
12666145754,72.9
8649243337,72.6
3474558298,72.2
8649243338,71.9
12666145753,71.8
3474558310,69.7
9029133757,66.9
8649243334,66.8
52922510,66.9
53410287,82.6
13266146353,82.9
11099809656,93.1
3478231581,93.5
11099809659,93.5
6949401871,94.1
53410375,90.6
8740733738,90.6
11099809631,90.6
349918269,32.7
349918270,32.2
8828795594,31.8
8828795593,30.8
127466513,30.0
8828795572,29.5
6428851871,29.6
127466518,31.2
1675185901,29.8
12786862401,28.3
127466524,28.0
244346754,98.4
10208273325,98.3
244346764,97.9
317504922,96.8
1235052871,87.8
13877345127,87.8
244513665,87.7
10208273249,87.5
10208273245,87.4
244513666,87.7
1140225533,88.2
13877345123,88.8
13877345122,89.5
1140225517,89.9
12881060152,89.7
6941765748,89.6
14005376903,92.4
14005376906,92.8
973434957,95.4
973434824,95.7
8990500682,95.8
14005372027,96.0
427907432,96.1
14005372026,96.1
700344845,96.0
1034904041,95.7
700344846,95.6
12837509629,95.8
6331589167,95.8
244513683,96.0
6331589168,95.9
12837509626,95.9
12837509615,95.9
12837509613,95.8
1034822180,95.7
12887391146,95.3
6964831489,95.3
244513684,95.4
7470717010,78.4
246157810,78.2
246157814,77.7
246157831,97.3
6419761474,97.2
948285011,96.9
246157837,96.8
246157839,96.2
10909275780,96.2
616029612,96.1
703594084,95.9
246157843,95.8
566368685,95.7
703593892,95.7
703594147,95.3
246157845,94.9
10909275779,94.5
246157848,94.2
428236937,94.2
12805003956,94.2
246157850,94.2
246157852,94.3
12805003957,94.5
246157854,94.6
12805003958,94.7
246157855,94.9
627860606,95.2
12806538387,95.6
1068758785,96.4
12806538388,96.4
6290166732,96.6
12806784654,96.7
246157860,96.7
6290166733,96.7
566369228,96.7
6290166738,97.0
246157862,97.0
246157864,97.5
10208273286,97.6
10208273287,97.8
246157868,98.1
247688509,100.6
1041922661,100.6
1041922946,100.4
1041922855,100.2
1041922780,99.8
1041922700,99.7
6297377608,99.6
6297377977,99.2
12805251435,98.7
6297377616,98.9
247688516,98.4
247688517,98.4
247688518,97.3
6283843415,97.1
6283843418,96.8
247688519,96.6
6283843421,96.6
6283843422,96.5
10208273341,96.4
6283843423,96.4
247688520,96.4
52727272,90.7
7509484127,90.7
12784804726,90.8
5627242482,91.2
347317124,91.6
7509484143,92.1
52727275,92.1
347317170,92.1
577452907,91.1
11650427956,88.5
7509460532,88.4
477802422,88.2
52727246,87.9
677596738,82.5
582279983,82.5
677596691,82.6
255473880,82.7
254241763,83.0
620044899,83.3
620044886,83.4
971037835,83.5
13050745654,83.6
971103520,83.7
971037804,84.0
1700460237,84.3
774410905,86.3
8790992857,86.7
7455006178,86.8
620044877,86.6
1038871826,86.5
254241030,77.5
9195830740,77.5
14020003428,77.5
12776992618,77.6
26046211,67.7
11051408210,67.7
8805786582,67.8
8805786418,67.8
8806181441,67.8
8805786433,67.9
254242456,67.9
8806181452,67.9
8806181458,67.9
8805786581,68.0
8806181466,68.0
254242460,68.1
8806181472,68.3
8805786580,68.3
8806181477,69.4
8806181481,70.2
254242461,70.4
7271116230,70.3
347314628,69.7
347314629,69.5
6387988233,69.2
347314630,69.1
6387988247,68.9
8806181575,68.9
8796993032,68.8
6387988267,68.8
6387988263,68.4
6387988273,68.2
6387988274,67.0
11051376878,65.7
6387988303,65.6
347314632,65.6
26046213,62.3
8805786560,62.1
8805786561,61.8
1111265305,61.3
8805786562,60.8
254242526,60.3
14055558752,58.9
7271116229,58.0
8806194902,57.9
254242530,57.8
627860711,57.8
6387988226,57.7
6387988219,57.6
8806207139,57.5
254242531,57.5
8805786576,57.5
6387988215,57.5
6387988225,57.6
6390181835,57.6
7271116222,57.8
6387988223,57.9
627860704,58.1
6390181820,58.3
9201545782,58.5
6387988224,58.6
8796993022,58.9
8750802598,59.0
13285969593,59.2
971037842,59.4
8796993029,59.7
254242532,59.8
9201545774,59.9
254242533,60.2
13285969594,60.5
6387988248,60.8
9201545770,61.1
6387988192,61.5
254242537,63.1
13285969595,63.9
11051376899,64.7
6387988203,64.9
6387988355,65.8
13285994210,66.8
8796993038,66.9
11251316836,87.3
8633288627,87.8
11251379138,87.8
3889807639,89.1
6238969282,77.2
6434669805,78.2
263596350,78.2
263596351,77.8
263596353,77.3
263596355,77.4
10208273326,98.1
246157870,98.4
1143176100,98.6
276323013,98.6
1143176078,99.4
6283843366,99.7
6290170345,99.9
10208273342,100.0
247688515,100.0
338355816,62.3
8748099566,62.3
11402441888,62.4
4098616260,66.9
338363061,67.0
8746932283,66.9
8746932254,71.7
338363082,71.8
307349169,79.6
14092968681,79.5
307349170,79.7
1149419046,79.8
1149419022,79.8
1149419020,79.9
1149419048,80.0
1149419009,80.3
1149419025,80.1
1149419050,80.1
1149419029,80.0
6329704744,80.0
1149419045,80.0
307349173,79.9
9935537876,79.6
307349174,79.5
582269049,98.7
6283843414,98.8
12122875932,98.9
12122875933,99.0
616029704,99.2
10208273343,99.5
247688523,95.4
317124792,95.9
13250504302,96.2
13250504301,96.3
3492713105,95.8
3492713103,95.3
3492713099,95.0
13250490200,94.9
13469607172,94.9
317124796,94.9
13469607174,94.9
13469607173,94.9
3492713089,95.1
317124798,95.1
13469607171,95.2
13250490199,95.3
13250490198,95.2
3492713084,95.5
13250490197,95.5
3492713083,95.6
13250490196,95.6
13250490195,95.6
3492713082,94.9
317124799,94.7
317124815,94.7
13250504307,94.4
13250504306,94.1
317124804,93.9
13198544597,94.0
317124813,93.6
13250504305,93.6
13250504304,93.7
317124817,93.8
13250504303,93.5
13198544596,93.5
317124822,93.4
317124823,93.8
317124824,93.7
317124825,93.6
315992858,94.0
315992859,94.8
315992860,94.8
315992861,94.6
315992862,94.4
315992863,94.1
315992864,93.2
315992865,91.9
315992868,90.2
244513669,89.0
315992870,96.7
10208273328,96.6
315992871,96.5
315992872,95.4
6941765696,94.3
276323217,94.2
317124724,89.3
317124725,89.9
317124726,90.3
317124727,90.6
317124728,91.6
317124729,91.6
317124730,92.2
317124731,92.5
317124732,92.6
317124733,92.7
317124734,92.9
317124735,93.2
317124736,93.9
317124737,94.2
317124738,94.5
317124740,94.5
317124741,94.6
317124742,94.8
317124743,95.1
317124744,95.3
317124745,95.6
10208273329,95.7
317124746,95.9
317124748,96.4
3492713116,95.0
7272983182,94.8
3492713108,94.6
317124770,94.3
317124771,93.9
7272983181,93.5
317124772,93.1
13250504344,93.0
317124845,92.3
317124986,86.3
11554594821,84.8
11554594820,84.4
317125016,83.3
11554594819,83.1
11554594818,83.2
317125038,83.2
13198544565,82.9
317125177,82.8
11554594817,82.7
11554594816,82.2
317125379,82.2
11554594815,82.3
13198544566,82.4
317125423,82.5
317125424,84.3
317125425,84.7
317125426,84.8
11554594814,84.3
317125427,83.9
317125428,83.5
13025695750,83.3
13025695749,83.0
317125429,82.5
13025695751,82.3
317125430,82.4
11554594813,82.7
317125447,83.1
317125448,83.9
317125449,83.6
317125450,83.2
11554594812,82.7
317125451,82.7
428076496,91.5
11554594830,91.9
3743253783,91.9
482786177,92.4
3743253784,92.5
3743253785,92.5
3743253786,92.1
428076497,91.9
13186888111,91.9
11554594829,91.9
9463756242,92.1
11554594828,92.0
13186888110,92.1
11554594827,92.1
11554594826,92.0
13186888109,92.0
11554594825,92.0
11554594824,92.0
428076498,92.0
13186888108,92.0
11554594823,92.3
13186888107,92.3
3743253787,92.3
13186888106,92.3
3743253788,92.2
428076499,92.2
11554594822,92.3
9463756243,92.3
13186888116,92.3
13186888115,92.2
13186888114,92.1
3743253789,91.8
3743253790,91.5
428076500,89.3
3743253791,88.3
13186888113,87.3
13186888112,86.3
428076501,85.3
318786569,84.2
11512387760,83.8
11512387759,83.5
13198544584,83.4
318786571,83.4
11512387758,82.9
13198544587,82.7
13198544585,82.5
13198544586,82.5
9463756237,82.5
318786572,82.5
318786573,82.6
11554594811,82.4
11554594810,82.4
11554594809,82.6
11554594808,83.6
318786574,84.2
318786575,84.5
317125452,83.7
317125454,80.3
317125455,79.5
317125461,77.6
6796333410,96.3
6394941492,96.4
13469102382,96.2
6394941493,95.5
6394941491,95.0
3492713146,94.3
6394941485,94.0
6394941490,93.7
317126365,93.2
6394941488,92.4
6394941489,91.6
6394941486,91.1
6394941487,90.9
317126373,91.0
317126380,90.8
13469102380,90.6
317126383,90.3
13469102379,90.0
317126384,90.2
13471558658,90.6
317126385,90.9
317126386,90.7
7170116378,90.7
13471558657,90.9
7170116379,91.0
13471558656,91.2
7170116377,91.2
7170116376,92.0
13471558655,92.1
317126387,91.9
317126388,92.5
13469102381,92.5
7170116381,92.5
7170116382,92.3
7170116380,92.2
3743254477,92.1
13471558654,92.2
13471558653,92.6
13471558652,94.0
13471558651,95.0
336921043,95.1
13471558650,95.5
3743254478,95.4
7170116383,95.8
13471558649,95.7
13471558647,95.6
13471558648,94.9
7170116384,94.6
317126389,94.5
3743254479,94.7
317126390,95.8
7170134785,95.7
13471558646,95.9
317126391,95.7
13471558645,95.4
13471558644,95.3
7170134787,94.6
7170134786,93.9
3743254480,93.4
7170134788,92.9
13469102339,92.8
13469102340,92.5
317126392,92.5
13471558641,91.9
3743254481,91.3
13471558639,91.1
13471558640,91.0
13471558638,91.1
3743254482,91.0
13471558636,90.7
13471558637,90.3
336921049,89.8
13471558635,88.7
3743254483,88.5
735972595,88.1
13469102318,87.2
13469102319,86.7
13469102320,86.6
13469102321,86.3
13469102322,86.2
13469102323,85.9
336921056,85.6
13469102324,85.0
735972617,83.6
13469102325,82.4
735972718,82.1
13469102335,81.8
13469102338,81.7
13469102337,81.6
735972625,81.6
13469102336,81.4
13469102326,81.2
13469102327,80.7
735972578,80.2
13469102328,79.7
13469102329,79.1
735972614,79.1
13469102330,79.1
13469102331,78.9
13469102332,78.4
13469102333,78.6
13469102334,78.3
735972727,77.9
735972581,76.5
735972629,76.5
735972580,75.6
317126425,84.5
13469070923,84.2
317126426,82.3
317126427,78.8
317126428,76.9
317126429,76.1
14089071489,75.4
13469607164,75.3
13469102341,91.8
13471558669,91.3
13469102342,90.7
735972592,89.4
735972677,87.9
735972621,85.6
13469070964,84.0
317126393,82.6
735972602,80.4
735972631,79.6
3743254505,75.3
14089071539,75.4
317126439,75.1
724834685,75.0
243953004,79.6
4059372412,79.4
676620157,77.8
317504359,76.7
13687419965,76.2
317504376,75.1
317504394,74.7
317504409,73.8
317504750,55.7
7167301981,58.6
318784010,60.2
7170134801,62.1
3743253967,63.1
7170134800,63.8
317504784,64.5
3743253968,65.3
7170134798,65.7
6958778515,66.5
7170134799,67.3
318784013,67.5
3743253969,68.0
13025695726,68.5
13025695725,68.7
745849633,69.6
13025695727,69.8
317504796,70.0
3743253970,70.3
317504811,70.9
13025695728,71.0
11210900800,71.2
3743253971,72.2
3743253972,72.7
11210900799,73.0
318784014,73.4
3743253973,73.8
318784015,73.9
317504830,75.0
11210900798,74.9
318784018,75.3
317504835,75.7
11210900797,75.9
11210900796,76.2
11210900795,76.4
317504836,76.6
11210900794,76.9
3743253974,77.4
318784019,77.5
676619931,77.5
317504837,77.4
13687441542,77.3
3743253975,76.9
13687441543,76.6
745849593,76.2
7170134794,75.3
3743253976,74.7
3743253977,74.2
317504839,73.9
317504840,74.0
7170134793,74.5
7170134792,75.3
13687441544,76.0
3743253978,76.8
317504254,58.4
7170134802,58.9
13687441081,58.9
13687441080,59.0
7170134803,59.4
3743253934,59.9
7170134804,60.6
11512387709,60.9
3743253935,61.0
317504255,61.3
7170134805,62.6
317504256,63.1
3743253936,63.7
3743253937,63.8
11512387710,63.8
317504262,64.0
11512387711,64.6
11512387712,65.8
317504263,66.3
11512387713,67.2
317504264,68.1
13198544592,68.5
13198544594,69.4
13198544593,69.9
317504266,70.6
317504267,71.1
317504268,71.5
13198544595,71.8
11512387722,71.8
317504269,72.3
11512387720,72.7
11512387721,73.1
317504247,73.4
11512387719,73.6
317504270,74.1
11512387718,74.6
11512387717,75.1
11512387767,75.2
13250504314,75.2
13250504315,75.4
317504274,75.4
11512387765,75.5
317504272,75.5
11512387764,75.8
317504273,76.3
13250504313,76.2
9463756239,76.1
13250504312,76.1
9463756238,76.2
13250504311,76.4
11512387763,76.5
318788609,76.5
13250504310,76.7
318788610,76.9
13250504309,77.1
11512387762,77.5
318788611,77.9
318788612,78.5
318788613,79.8
3743253940,81.3
318788614,82.1
318788615,84.6
318788616,84.4
3743253941,83.3
318788617,82.5
13186888117,81.4
318788618,80.1
3743253942,78.7
13250504316,75.4
11512387766,75.7
3743254218,75.8
317504275,76.4
317504276,76.9
3743254219,77.2
318785880,78.3
317504277,80.2
317504278,82.3
318785882,84.9
317504279,87.5
318785883,90.3
318785884,93.3
317504280,94.4
317504281,95.5
317504282,96.2
11554594831,97.0
13250504322,97.2
317504284,97.3
4493651892,36.4
3743253950,36.6
4493651889,37.1
317504856,36.9
3743253951,37.2
3743253952,37.9
13025695748,38.6
13025695747,39.6
317504857,40.2
13025695746,40.8
13025695745,41.5
3743253953,42.3
13025695744,43.3
3743253954,43.8
13025695743,44.0
13025695742,44.1
3743253955,44.4
13025695741,44.9
13025695740,46.5
317504858,46.8
317504859,47.9
13025695739,49.1
13025695738,49.8
3743253956,51.4
13025695737,52.7
13025695736,53.3
3743253957,54.4
317504860,55.2
7167301982,55.5
317504861,59.0
3743253958,59.9
317504862,60.6
317504657,61.1
317504865,61.6
3743253959,62.4
13025695735,62.7
3743253960,63.2
745849592,63.9
745849570,64.5
745849607,65.1
745849599,66.6
13025695734,67.4
745849622,69.5
13025695733,69.7
745849614,71.3
745849641,73.2
13025695732,74.8
3743253961,75.8
745849631,76.3
8743012386,77.0
8748535242,24.2
3743254587,24.9
3743254586,25.4
317504873,25.9
317504874,26.4
4540150498,27.3
10756793173,27.7
317504875,28.1
10756793172,28.3
4540150500,28.5
13654060605,26.9
317504876,27.2
10756793171,29.8
317504881,30.3
3743254733,31.2
1760323081,76.9
13999198418,77.1
10211049477,77.3
10211049475,77.7
10211049476,78.2
1343546913,78.6
4784694323,78.8
10211066147,79.0
10211066145,78.9
10211066146,78.6
1760323162,78.4
10211066149,78.2
10211066148,78.0
13648850215,77.9
14028439116,78.0
317504924,78.0
14028439118,77.9
13648850213,77.8
10211066153,77.6
1231226366,77.1
10211066152,76.5
10211066151,76.0
1233039614,75.4
317504925,74.0
318550394,89.6
3743254464,89.2
318550410,89.3
13025695795,89.1
318550411,89.3
13025695794,89.2
13025695793,89.3
874380626,88.9
318550412,88.8
13025695792,88.9
13025695791,88.9
13025695790,89.2
3743254465,89.0
13025695789,88.6
318550413,88.1
3743254466,88.0
318550414,88.0
318550421,88.9
3743254467,89.5
3743254468,89.4
874380620,89.7
318550429,90.2
318550430,90.3
874380621,90.0
8669235056,89.8
4560913497,92.3
3743254469,93.1
13025695796,93.4
318550403,93.2
318550405,92.7
13025695797,92.4
318550406,91.7
3743254470,91.5
318550407,91.0
3743254471,90.5
318550408,90.4
318550409,90.4
3743254473,88.2
318550432,87.8
318550433,87.7
13025695788,88.1
318550434,88.4
13025695787,88.1
3743254474,89.1
13025695798,89.2
318550435,89.2
13025695800,88.7
318550436,89.3
3743254475,89.1
3743254476,88.5
318550401,88.3
13025695799,90.3
8669235053,90.6
6419795065,95.6
10996290717,95.6
703594090,95.7
6940315833,95.8
318550438,95.8
14208218661,95.7
6292505759,95.6
948285014,95.5
6292505758,95.5
3728681876,95.8
948284984,96.6
6940315823,96.9
11554594801,55.5
13198544571,55.1
11554594802,54.6
13198544570,53.9
318782271,53.7
13198544569,53.6
13198544567,53.3
13198544568,53.1
11554594803,52.8
318782272,52.1
7167301979,51.1
7167301980,50.3
7167301978,49.6
7167301977,48.5
7167301976,48.2
318782273,48.3
11554594804,48.2
318782274,48.5
318782275,48.9
318782278,48.8
7167301975,47.6
318782279,47.4
7167301974,47.4
318782280,47.4
3743253962,47.8
7167301973,47.9
318782281,48.5
7167301972,49.4
318782282,49.7
7167301970,50.1
7167301971,51.0
318782283,51.6
7167301968,52.3
7167301967,52.6
7167301966,52.9
7167301965,52.9
318782284,53.2
11554594807,54.1
11554594806,53.6
318782285,54.2
745849606,54.9
318782286,55.2
318782287,56.1
318782288,55.7
318782289,56.3
318782290,57.7
11554594805,57.4
318782291,56.9
318782292,56.7
318782293,56.7
7167301963,56.7
318782294,56.8
7167301964,57.1
318782295,57.4
318782296,57.6
13025695730,57.4
13025695731,57.3
318782297,57.6
3743253963,58.2
7167301962,58.5
13687441074,58.6
317504494,58.8
318786533,77.0
13250504317,77.7
318786535,78.1
318786537,79.3
318786538,80.7
318786539,81.9
11512387761,82.5
3743253794,82.4
318786541,82.5
3743253795,82.5
318786542,82.6
9463756244,82.8
318786543,83.2
318786545,84.1
318786547,84.6
318786549,84.9
318786550,85.0
318786553,84.8
13198544588,84.5
320725870,58.6
3743253943,57.1
7170134806,56.4
13025695729,56.2
320725871,56.1
3743253944,56.0
3743253945,55.8
320725872,55.7
13025672084,55.2
320725874,54.6
320725875,52.2
3743253946,51.5
13025672083,51.3
320725876,51.0
320725878,50.3
11512387738,50.1
3743253947,49.8
11512387737,49.4
11512387736,49.0
320725880,49.0
320725882,48.8
320725884,47.9
13025672082,47.4
3743253948,47.1
13025672081,46.3
13025672080,46.6
320725886,47.2
13025672078,47.9
13025672079,48.7
320725888,48.8
676619933,47.5
320725890,47.3
676620198,47.4
13186888119,46.8
320725892,46.7
676620115,46.9
676620068,46.8
320725894,46.0
320725898,44.0
7167301961,43.5
676619973,43.0
320725900,42.4
11554594790,42.5
11554594789,43.2
13186888120,43.2
676620233,43.0
11554594788,43.1
320725903,43.3
11554594787,43.2
320725905,43.0
320725908,42.8
11554594774,42.5
11554594773,42.0
676620144,41.8
676619945,41.1
11554594772,41.4
11554594771,41.2
11554594770,41.1
11554594769,41.4
320725909,41.2
320725910,40.8
11554594776,40.1
11554594775,39.2
676620266,38.4
676620124,38.1
11554594777,39.2
320725911,39.2
320725913,38.7
11554594778,37.6
11554594779,37.4
320725915,37.3
11554594780,37.4
7167301960,37.3
676620050,37.1
11554594781,36.9
676619991,36.8
11554594782,37.1
320725916,37.1
320725917,36.8
11554594783,36.7
320725921,36.2
676620324,34.9
676620153,34.8
11554594784,34.5
676620083,34.1
676620167,33.7
11554594785,33.2
320725923,33.2
13687441435,33.0
11554594786,33.0
320725926,33.0
320725929,33.1
6056560552,33.2
6056560547,33.7
6047198590,34.4
6056560548,33.9
6047198589,33.7
10756793179,33.7
6056560553,33.3
10756793178,32.9
6047198588,32.8
10756793177,32.7
6047198587,32.5
6047198586,32.5
6047198585,32.5
886572093,32.3
886572089,32.4
6056560549,32.4
13025672088,32.4
13025672087,32.4
13025672086,32.3
13025672085,32.1
6056560551,31.8
6056560550,31.8
320725964,34.4
320726786,34.5
11554594797,34.7
320726787,34.9
11554594796,35.1
320726788,35.2
3743254206,35.4
320726789,35.7
11554594795,35.7
11554594794,35.7
11554594793,35.7
320726791,35.6
11554594792,35.7
320726792,35.7
11554594791,35.6
320726793,35.5
320726794,35.2
320726796,34.9
320726798,35.3
11554594798,36.2
3743254207,36.8
320726799,37.0
3743254208,37.0
320726800,37.1
3743254209,37.1
3743254210,37.3
320726801,37.3
3743254211,37.4
320726803,37.6
320726804,37.7
11554594799,38.0
320726805,38.5
13025672089,39.1
11554594800,40.7
320726806,42.7
13025672090,46.7
13025672091,52.5
13025672092,54.3
320726807,56.3
320726808,57.6
13025672093,58.4
320726809,58.9
3743254212,59.7
320728613,28.1
13186888126,28.2
13186888127,29.0
320728817,29.7
320728818,30.4
13186829471,30.7
320728819,30.4
336013536,93.2
336013521,91.6
11310850695,91.4
1695780317,91.4
14208218701,91.5
336013540,91.5
336895455,57.5
7170134808,57.7
676620243,58.5
3743254128,58.6
3743254129,58.7
336895482,58.9
3743254131,59.1
3743254133,59.5
3743254134,59.9
3743254135,60.7
336895399,62.4
3743254136,62.9
3743254137,63.2
676620353,63.2
3743254138,63.3
3743254139,63.0
3743254126,62.5
3743254140,62.4
3743254141,62.6
13198544572,62.6
3743254142,62.4
676620002,62.5
3743254127,62.7
13198544573,62.9
13198544574,63.2
482785941,63.3
6958344904,63.5
4059372415,63.6
3743254143,64.0
3743254144,64.1
3743254576,64.1
14019642454,74.2
6304376226,76.1
6304376218,76.6
445970852,78.7
14019619171,79.2
8199123185,79.5
9484714076,80.6
8199122515,81.2
9484714079,84.2
336895647,86.9
14047440322,87.2
4759597910,87.2
6292505991,95.8
1068758253,96.3
10996237559,95.0
10996237558,94.7
336921010,93.8
6580640237,93.7
10760636725,93.7
6386857874,93.6
6386857873,93.4
9800616500,93.3
8816277622,93.3
527770890,93.2
9161214789,93.2
7706133701,93.3
8816202116,93.7
336921025,95.9
6796333386,95.9
6231684137,95.7
6231684139,95.5
6960981047,95.3
336921032,95.2
11647933945,73.8
6390179551,74.0
7273106704,73.9
6390179494,73.8
6390179495,73.7
6390179496,73.7
6390179498,73.4
336921076,74.0
2876874435,74.3
2876874436,74.5
2876874437,73.1
336921082,71.7
336921089,70.3
2876874438,69.1
336921103,68.3
2876874439,67.2
2876874440,66.0
336921117,65.1
2876874441,64.2
2876874442,59.8
336921129,54.6
2876874443,50.9
14089071723,49.6
2876874444,48.0
2876874445,46.1
336921142,43.9
2876874446,41.5
2876874447,31.7
14089071721,30.6
2876874448,28.7
482786272,24.7
14089071704,23.4
2876874449,22.6
14089071705,21.9
2876874434,20.8
2876874451,20.0
2876874433,19.6
336949704,74.4
3377788902,74.1
8805733253,73.7
8805733252,73.4
536078457,73.0
8805733251,72.5
1237906073,71.9
9201522257,69.8
1237905960,69.1
8805733222,68.9
8805733221,68.7
971103532,68.3
1155933625,68.0
5335496441,67.3
1237906061,67.1
8805733229,66.8
1237906111,66.8
1237906181,66.4
971037821,66.1
1237906047,65.7
1237906044,65.7
1237906137,65.6
1237905992,65.3
971037826,65.1
338353346,31.8
8748535326,31.4
12786862474,31.3
11139976754,23.7
8748535316,23.7
338353348,23.8
8748535262,23.5
11139976753,23.5
6169166277,17.9
8748535273,17.8
338353349,17.7
338354980,26.3
8748535222,26.5
11139771391,26.5
11139771390,26.5
8748535248,26.5
338354982,26.4
676620142,75.9
676620054,76.0
338355804,76.3
676620130,78.1
676620277,79.0
338356514,51.3
8750656068,51.2
11142050381,51.2
338360592,51.3
12786832277,51.9
8748319098,51.9
338356515,52.0
8748319099,52.0
12786832276,51.9
8748319071,47.3
338356516,47.0
8748319072,46.7
12786862465,38.2
8748319060,38.2
338356519,38.1
8748319059,37.9
12786862466,37.8
338356520,34.2
11402441893,32.7
8750656048,32.8
338356523,32.8
6383662891,68.4
8746932250,68.4
12786862477,68.5
13263217552,69.3
8746932294,69.3
338362293,69.4
8746932293,69.5
13263217551,69.5
12786862419,75.7
8746932264,75.7
338362382,75.6
338364167,76.3
8748008810,76.4
11223452342,76.4
451615442,78.7
12787439360,92.8
8748015705,92.8
338364170,92.8
8748015706,92.7
12787439361,92.7
451615436,85.8
11099829329,83.9
8748015699,83.8
53410340,83.8
8746932238,83.6
11099829328,83.4
623646582,81.1
12786832263,73.2
8746934341,73.1
338489636,73.1
8746934342,73.0
12786832264,72.9
8746934355,73.2
338363498,73.4
8746934354,73.6
11402441872,75.4
8746934321,75.4
338363418,75.4
8746934320,75.4
11402441873,75.4
11402441874,74.5
8746932306,74.5
338355812,74.6
338375788,82.5
8708063454,83.0
8708063449,86.4
338375789,86.6
8708063448,86.6
12786832259,84.0
8708063480,83.9
3478231651,83.7
8708063481,83.5
12786832258,83.3
501552449,77.8
9067355835,76.7
8710909488,76.7
338375793,76.8
349919990,72.8
8708063501,74.1
8708063494,84.4
338376177,84.6
8708063495,84.8
12786862431,84.6
8708063474,84.5
338376178,84.5
8708063473,84.3
12786862432,84.3
8708063510,80.6
3478231658,80.6
8708063509,80.2
501552448,75.9
9067355833,74.1
8708063491,74.1
338376181,74.1
8678029662,73.8
11142050404,73.7
532808249,72.2
8678029648,63.8
338376182,63.5
8678029647,63.2
338377683,56.1
338377780,72.9
13266188873,73.2
12786862479,73.2
12786862441,83.1
8708064950,83.0
338377445,82.8
8708064951,82.7
12786862442,82.7
8708064941,82.4
338377446,82.3
8708064940,82.2
12786832255,78.3
8708064929,78.4
3478231664,78.4
8708064928,78.1
12786832254,78.1
501552447,72.8
9067355832,71.2
8708064923,71.1
338377448,71.1
8678029674,70.7
11142084905,70.6
522420135,68.4
8678029682,59.6
338377449,59.5
8678029683,59.3
12787439368,51.8
8678029704,51.5
338377451,51.4
338378092,76.3
13266188876,76.3
12786862481,76.3
12786862437,79.4
8708065038,79.5
338378093,79.5
8708065037,79.5
12786862438,79.6
8708065026,78.7
338377913,78.6
8708065019,78.4
12786832250,74.0
8708065010,73.9
338378096,73.6
8708065009,73.3
12786832251,73.2
12181227655,66.6
8669235070,90.7
11650427945,90.8
3474558147,91.3
8669235073,91.0
12666145763,88.6
8669235023,88.6
3474558145,88.4
8669235022,88.2
12666145762,88.1
8669234947,82.8
3474558143,82.9
8669234948,82.8
8716139522,82.4
12666135105,76.3
8669235006,76.3
3474558140,76.2
8669235007,76.1
12666135104,76.1
8669234998,82.1
8669234999,81.3
9249596116,72.7
8669234990,72.8
3474558137,72.6
8669234989,72.1
9249600117,72.1
14011036652,70.5
8657652635,70.6
3474558136,70.8
8657652636,70.9
14011036653,70.9
8657434156,67.1
3474558135,66.5
8657434159,66.0
529790083,58.0
11083085692,54.0
3474558134,53.7
11083085689,52.8
3020914568,42.6
12206144931,40.1
1348819735,39.9
12206144920,39.8
12784864807,40.0
4324805583,40.2
616030040,89.7
8633267709,89.4
12784804721,89.2
347317426,88.4
347317428,87.4
577452945,87.2
7519538283,87.0
4319144971,86.9
347317430,86.8
7519538278,86.7
8633267701,86.3
347317432,84.9
347317433,83.0
347317434,82.1
4319144977,81.4
347317435,80.4
347317437,79.0
4319144975,77.3
347317438,75.5
347297619,73.5
4319144976,72.6
577452955,72.1
7519161403,71.8
347297620,70.9
7519161396,69.6
4319144967,68.5
347297621,67.4
7519161385,67.5
347297622,67.1
7519117579,66.6
8633267692,66.0
4319144979,64.9
347297623,64.3
4319144974,64.9
347297624,65.3
4319144978,63.2
8633267698,60.9
347297625,60.4
11051376876,70.8
8806181493,71.0
6387987263,71.2
254242462,72.0
971037810,73.3
971037827,74.8
8805786579,75.8
254242463,76.6
971037839,77.5
6387987270,77.9
6387987272,78.4
254242464,78.6
6387988297,78.7
6387988298,79.6
6387987275,80.6
9935537872,80.7
8805786485,80.7
347314517,81.3
6359483198,81.9
6359483188,82.8
6359483191,83.4
12060119843,83.8
3301853636,84.2
6359483187,84.3
6359483185,86.3
6359472773,86.7
8806143176,88.3
8806143165,88.5
6359472747,89.0
12060119846,89.3
6359472743,89.5
1361118387,89.6
6359472740,90.3
8806143163,90.6
8806143161,92.1
347314520,92.4
347314521,92.9
6328176140,92.1
13285994367,91.7
8806143157,91.7
8806143158,91.7
347314522,91.9
971154161,84.0
971140572,84.8
971136075,85.2
5767392978,85.2
5767392979,86.8
9289231171,86.9
774410929,87.1
6091768215,87.4
616029746,87.8
774410988,88.8
9289231176,89.5
774410974,90.1
6359466249,91.8
14028435736,91.5
6359466257,89.8
12805014827,94.1
6294464804,94.1
6294464785,94.0
276323218,94.0
6294464803,93.8
6294464793,93.8
6294464802,93.6
276323219,93.3
12805014824,93.2
276323220,93.2
6294464801,93.4
276323221,93.5
276323189,89.5
298548977,89.2
6941765712,89.1
616029569,89.8
276323208,90.4
428236935,90.7
347297565,50.7
12784804745,50.7
12872365144,50.7
12784804743,65.3
8632618005,65.5
3442526166,65.9
8632618004,66.3
12784804742,66.5
11251379148,80.4
8632617996,80.4
347315867,80.6
8616308661,87.4
7509460561,87.4
347316092,87.5
12784804730,87.5
6386674495,87.6
347317427,87.7
7509460539,87.7
8616308663,87.8
347316411,87.9
7509484122,88.1
7509484121,88.2
12784804732,88.4
347316413,88.5
12784804731,88.6
7509484120,88.8
347316414,89.4
347317163,92.6
5627242485,95.2
7509484123,95.4
347316415,95.5
7509484124,95.5
347316416,95.4
5627242484,94.7
7509484125,93.6
12784804729,93.4
5627242483,93.0
12784804728,92.6
347316463,92.3
12784804727,92.0
347316464,91.6
347316465,91.4
577452698,90.9
347316466,90.8
12784804725,90.6
347316467,90.4
5627242479,90.3
347316468,90.0
347317166,89.8
577452704,89.4
7509460530,89.2
347317425,89.2
7509484088,92.2
577452699,92.5
7509484111,92.6
7509484154,89.7
5627242481,90.8
7509484142,91.9
13266147363,79.6
8708064982,79.5
522420138,81.0
12786862434,82.2
8708064943,82.2
8708064942,82.5
12786862433,82.5
577452777,83.5
8708063475,84.3
8708063472,84.6
577452766,85.4
12786862429,86.2
8708063451,86.2
8708063450,86.8
12786862430,86.8
577452762,87.5
8710909426,88.5
8710909425,88.6
577452749,89.0
12786862428,88.5
8710874612,88.5
8710874611,88.6
12786862427,88.6
577452709,89.1
8710874595,88.9
347406554,26.6
4316329435,27.1
4316329437,27.6
4316329443,28.2
4316329447,28.6
347406557,29.0
4316329450,29.2
4316329449,29.1
4316329448,28.7
347406593,28.3
4316329438,27.7
4316329434,27.4
4316329430,27.0
4316329428,26.7
4316329426,26.4
4316329427,26.5
347406630,24.1
4316329416,23.6
4316329413,23.5
4316329415,23.8
4316329417,24.2
4316329420,24.6
4316329424,24.9
6428851872,25.2
6429544768,25.5
347406635,25.6
4316329432,25.9
4316329433,26.4
6429544763,26.4
4316329436,27.0
347406627,27.6
4316329431,27.7
4316329429,27.5
4316329425,26.8
4316329423,25.7
347406680,27.5
4316329414,27.6
8828795578,27.7
4316329418,27.9
8828795577,28.1
4316329419,28.2
347406672,28.8
4316329422,29.2
8828795581,29.5
4316329421,29.6
8828795580,29.1
347406675,28.4
7273349838,26.9
4316329412,25.5
4316329411,24.3
7273349837,23.9
4316329409,23.8
4316329407,24.1
4316329405,24.8
4316329406,25.9
8828795579,26.3
4316329408,26.5
4316329410,27.0
7273349839,27.3
347407031,76.0
8743203539,76.0
12786862451,75.9
623646572,74.3
623646573,71.6
12786862450,71.5
8743203537,71.6
347407032,71.5
1036922333,23.2
11139771378,22.9
246157708,22.5
4213259931,22.4
8748535306,22.2
1036922337,22.2
349918072,29.9
8828795595,29.9
349918073,29.9
6169166271,32.9
349918074,33.1
879369140,33.2
349918094,33.2
349918100,30.2
8828795592,29.4
349918182,28.8
3222890581,28.5
6426908519,28.3
349918183,28.2
349918184,28.3
3222890573,28.5
349918185,28.9
6426908506,29.4
6426908497,29.4
6426908514,29.6
3222890451,29.6
6426908513,30.0
349918927,80.2
8743203555,80.1
11402251668,80.1
12786862454,78.1
8743203559,78.0
349918939,78.0
11310850690,90.9
11310850689,90.9
1315815644,74.6
353015221,75.2
9201522308,75.4
9201522297,75.7
9201522309,77.3
3301456848,77.8
26046244,84.2
6794438507,84.2
5563248229,84.7
14204826319,85.0
1137732859,85.6
14204826303,85.9
4675986044,86.3
5563248230,86.7
14204826356,87.0
14204826334,87.3
709178811,87.6
384143753,88.3
6794432480,88.6
1149419017,85.0
12891953201,85.2
6794459590,85.2
384143769,90.5
626087043,89.5
28979459,89.4
971430818,89.4
616029745,89.7
14077928622,89.9
14077928616,90.6
709178791,90.2
5850072965,92.0
384145645,91.8
384146901,89.4
973435028,89.2
12895360800,89.3
973435029,89.5
973435031,90.1
384146093,95.9
5295101428,96.1
1633378687,95.5
6336549672,95.3
6778920319,95.3
5295101422,94.5
973435232,94.5
9324460001,94.4
1034904870,94.5
6778920321,94.6
7170134807,57.1
3743254177,57.4
3743254178,57.7
3743254179,57.7
3743254180,57.8
3743254181,58.1
336895456,58.3
3743254182,58.8
3743254183,59.5
3743254184,60.3
3743254185,61.1
336895405,61.1
3743254186,61.3
3743254187,61.3
3743254188,61.1
3743254189,61.0
3743254190,60.8
336895459,60.3
3743254191,59.3
3743254192,59.2
482786066,59.1
336895464,58.8
3743254193,58.7
3743254194,58.8
336895467,59.2
3743254195,58.9
3743254196,59.3
3743254197,59.6
336895475,60.2
320729343,53.4
3743254202,53.1
3743254168,52.8
3743254157,53.0
3743254203,53.6
7272983177,53.7
3743254563,53.6
3743254158,53.4
3743254159,53.7
320730657,55.0
3743254160,55.3
3743254161,54.3
320730666,53.7
320730659,52.8
3743254162,52.1
320730660,51.8
3743254163,52.1
482786109,52.2
3743254164,52.0
336895429,51.8
336895436,51.1
2031216604,92.7
13354129552,92.9
13354129551,93.0
726231171,93.5
13354129550,92.6
6856264265,92.4
8748535307,23.0
8748535309,23.0
1036922325,23.2
427466836,22.1
427466942,22.1
11139771393,22.3
427466945,22.5
11139771394,22.8
8748535303,23.0
427466919,23.7
2408306651,87.1
2408306648,87.1
2408306653,87.1
1038848685,88.1
12891953113,88.2
1038848686,88.1
627860684,88.4
12943388029,88.4
427890093,88.5
427893015,81.6
10184820075,81.7
626086935,81.9
677177257,81.9
677177220,81.7
971103538,82.0
677177237,82.3
427896232,87.9
729440535,88.1
1636438787,87.8
2317418541,87.6
12186528418,87.2
255473922,90.1
8990552594,90.1
973435127,89.9
973435126,90.0
13544957515,90.0
427907443,90.1
6419638243,89.9
427907444,89.8
973435222,89.9
973435024,89.9
10760636724,92.2
878206764,92.2
8588173094,92.2
621511890,93.7
2408306638,93.6
5850072947,93.6
12887776905,93.6
2408306635,93.5
12887391138,93.5
5850072915,93.4
5850072916,93.3
621511865,93.3
427907483,2.5
8828800661,6.9
8828800662,9.9
8828800663,11.2
8828800664,13.0
8828800665,17.7
427907484,21.7
645600325,32.0
427907554,73.9
726307552,74.4
726307477,74.8
8465247410,75.0
726307526,75.1
9196949475,75.2
8465247411,75.3
726307575,75.6
8465247409,75.7
726307504,75.8
726307545,76.0
9196949474,76.0
726307495,75.7
726307543,74.3
427907549,9.4
427907575,21.9
726307514,25.3
645574919,33.9
9196949467,34.5
9196949466,36.0
726307559,39.6
427907560,58.1
317125504,72.5
11512387757,71.9
336895391,70.8
336895395,67.5
317504229,67.0
3743254430,66.3
3743254431,65.9
778531902,65.5
3743254432,65.3
3743254433,65.0
11512387735,64.7
3743254434,64.6
3743254435,63.5
3743254436,63.2
3743254125,62.3
3743254437,61.1
3743254438,61.0
336895411,59.5
3743254439,57.6
3743254440,55.6
3743254441,54.7
6328178711,94.0
6417091504,94.1
13285994354,94.1
13285994359,94.1
13285994352,94.1
6328178704,93.6
6328178695,93.1
6328181121,93.1
8805786491,92.0
13285994346,91.7
8807924225,91.7
52727216,91.6
8807924227,91.6
13285994344,91.5
428089404,90.3
8807926813,88.0
428089405,87.6
8807926814,87.4
6796283668,85.6
8805786492,85.2
13285994333,84.9
8807526080,84.8
428089105,84.8
8805786515,84.8
52727236,89.6
8807924243,89.4
8807924278,90.3
8809795322,90.4
8807924263,90.1
8809795318,89.5
8809792214,89.3
8807924257,88.8
428089408,88.6
8807924259,88.4
8807924261,87.6
8807924251,86.8
8807926751,86.7
428089103,86.9
8807926812,88.7
8807926792,89.1
8807926799,89.1
428089410,89.1
8805786553,88.8
6796283663,88.0
8805786555,87.7
8807926815,87.7
6328181134,87.2
13285994339,87.2
428089411,84.6
8807526023,84.5
13285994328,83.2
428089413,83.1
428089135,85.3
13285994327,85.2
8807515999,85.1
8807515990,84.2
8807526054,83.3
8807526057,82.9
8807515982,82.5
8807515971,80.7
8807912150,79.8
428089109,79.7
428089164,74.5
2629255255,74.3
8806174598,70.2
428089433,70.9
9201545723,71.4
8806181540,72.0
428089435,73.1
8806181539,74.8
8807416904,75.8
428089436,76.2
9201545718,76.8
8796993061,77.0
428089148,77.3
13285994211,77.4
13285994212,77.5
971114078,77.6
8806197930,78.2
9201545717,78.4
616029779,79.5
428210381,83.9
8806197947,84.0
9289231173,85.7
3301459561,85.7
854356654,88.2
10997917942,88.0
921100312,87.9
14208218638,87.8
14208218639,87.7
9532470771,87.7
428218740,88.0
726231167,87.9
14208195069,87.9
14208195070,87.9
7992915281,87.8
14208195071,87.8
9532470776,87.7
428218742,87.6
726231366,87.3
10997917925,87.0
1233039517,86.8
12881060162,88.8
12881060163,88.6
428218739,88.1
10997917929,88.0
10997917941,88.1
427890079,88.5
627860687,88.5
12891953110,88.5
12891953108,88.4
1039516765,88.3
12891953112,88.2
1039516764,88.2
7455006147,87.1
7455006148,86.9
7455006152,86.8
7455006153,86.7
7455006150,86.8
7695781456,86.8
7455006151,86.8
13050745647,86.8
7455006154,86.8
7455006155,86.7
7455006156,86.8
7455006157,86.7
9463756247,86.8
7455006158,86.7
7455006149,86.7
7455006159,86.6
7455006160,86.7
7455006161,86.8
8790992858,86.9
7455006162,87.0
7455006179,87.0
7455006163,87.1
6327736873,88.5
12943388027,88.4
12891953109,87.3
5973750062,86.6
971510474,86.1
5973750061,86.0
774410966,85.7
678999827,85.6
774410990,85.5
5973750060,85.3
7855938514,84.1
14179666200,84.1
620501536,84.1
5973750076,84.0
428236274,79.1
6434281269,79.3
12887391118,79.3
582279953,80.9
582279955,82.3
773146980,83.6
6967348627,83.9
582280032,85.7
582280013,84.5
1234868057,85.5
428236303,89.2
10938924849,89.5
5850072937,89.4
6419638343,88.2
6434281242,86.6
428236304,86.5
6767640368,86.2
428236272,83.7
6434281284,83.8
428236306,88.9
1144945828,88.9
973435329,88.9
428236307,89.0
973435330,89.0
621511860,89.0
428236308,89.0
428236309,89.0
428236311,89.1
428236312,89.3
973435334,89.4
5960558134,89.7
6854684016,93.2
10593125308,93.3
7418077161,93.7
428236314,93.9
428236315,94.0
12887391198,93.9
621511892,93.9
12887391196,93.9
12887391197,93.9
7418077160,93.9
428236319,94.8
9324681120,94.9
6854684017,94.5
428236270,94.5
427907448,93.2
621511899,93.3
11419717020,93.2
620044872,93.3
7418077157,93.3
428236322,93.2
427907464,93.2
973435346,93.2
11419717023,93.2
428236321,93.2
9463756249,93.2
428236328,93.2
621511867,92.8
11419717021,93.3
620044873,93.2
428236334,93.2
428236335,93.1
11419717022,93.0
620044870,92.7
620044869,92.4
12881569233,92.4
10613120982,92.4
6856285329,92.7
1144962080,93.4
428236343,93.9
1034822253,94.9
1236269524,77.1
428236347,77.0
428236345,76.9
1140372430,76.9
10187060767,77.0
428236346,77.1
10187060766,77.0
428236348,77.0
1140372427,77.0
428236349,77.0
1140372429,77.0
428236350,77.1
10996290713,95.8
10996290715,95.8
276323016,91.9
298548976,91.5
428236988,92.9
428236997,92.6
8880755403,92.6
428236999,91.6
428237009,91.1
428237011,91.3
276323213,91.9
1141692292,92.4
676620162,93.0
12805014823,93.8
276323277,94.1
6943420579,93.8
6497637324,91.1
428237020,91.2
428237021,91.2
6497637320,91.3
6497637321,91.3
428237023,91.3
1140225523,91.3
1140225510,91.2
1141437453,91.1
428237024,90.9
1140225494,90.8
428237026,90.7
428237031,90.7
428237036,90.7
676620046,90.7
6497637322,90.8
6497637323,90.8
616029575,90.8
428237045,91.0
6941765704,90.6
6941765706,90.3
676619947,90.1
616029570,89.9
676620137,89.7
12805014810,89.1
6941765713,89.1
428236941,89.4
428236962,89.6
347297649,50.2
7519161458,51.3
430941853,55.3
7519161459,57.3
430941854,58.6
430941855,60.0
9404079435,60.2
4319144965,60.8
430941856,61.9
4319144964,63.0
430941857,64.3
4319144966,66.4
12784804720,66.8
443614789,60.5
443614796,60.5
854403354,60.6
566343867,60.6
854403357,60.7
566343871,60.8
566344061,60.8
10211077777,61.0
443614843,60.8
5354745565,60.6
443614844,60.5
13999248260,60.8
443614845,60.9
443614847,62.5
10211077766,62.9
13999248261,61.0
443614848,60.5
443614849,60.3
5492344882,63.1
443614850,63.5
443614790,59.4
10211077792,59.6
6434664120,58.8
6434674237,58.1
443614851,57.8
443614852,55.1
443614853,53.4
13070259041,52.3
6434674238,51.7
443614854,51.0
443614855,49.5
3743254200,51.1
443614857,51.2
3743254201,51.1
443614859,58.2
443614860,60.4
5354745559,60.6
445970886,53.8
445970880,56.6
6434664112,56.6
6434674225,57.7
6434674236,58.8
623566386,59.7
12622216618,60.1
14019619167,78.5
12397185314,78.6
12397185308,78.8
10086088886,79.5
783668051,79.9
783668091,80.0
10086088885,80.1
1233039346,80.2
783668024,80.3
1234358192,80.6
1231226384,80.6
1234351359,80.6
13648850210,81.3
12884215057,81.5
445970856,81.7
12884215059,81.6
13648850212,81.5
445970857,81.9
10086060116,82.0
10086088817,82.1
8199190756,83.4
1234351363,84.2
566368139,84.3
10211077789,56.7
445970881,55.7
445970882,53.9
6434664124,54.4
445970885,54.1
6434664125,53.9
445970884,54.4
10211077790,53.7
445970878,89.0
243953025,89.2
276323227,89.0
6933683564,89.0
4759597909,88.7
2612946290,88.6
451615514,80.5
8743203563,80.5
8743203557,76.6
623646553,76.3
451615518,93.1
8740733765,87.4
451615519,87.3
8740733763,76.3
451615520,76.0
566395640,72.8
451615533,73.4
522420136,71.3
8708064926,77.4
522420137,77.5
8708064939,77.5
8708064937,81.0
8708064955,81.2
8708064947,82.0
522420139,81.9
8708064957,81.8
451615539,73.2
532808161,74.3
8669233466,78.8
3474557952,79.1
8669233504,79.3
8669233505,74.9
3474557953,74.7
8669233509,77.2
3474557956,77.5
8669233483,77.5
8669233481,87.9
3474557958,87.9
8669233486,88.1
8669233491,89.8
3474557961,89.7
8669233496,93.5
3474557966,93.3
6933731868,90.2
451615546,90.3
8577366571,77.7
8743012375,77.7
451615663,78.4
12786862491,79.0
451615664,79.5
676620024,80.2
451615665,80.3
8743012369,80.4
451615666,80.5
676620306,80.7
451615667,80.8
646227122,80.9
12786862489,81.0
13266179557,81.1
451615668,81.2
452381583,83.3
8746934348,74.3
451615455,74.0
8746934349,73.9
8746932237,72.1
451615456,72.2
8746934359,72.3
8746934360,76.3
451615457,76.4
8746932309,76.3
452381584,76.4
452381586,75.3
8746932260,75.4
8746932259,71.1
452381598,71.2
8746932301,70.6
452381614,70.6
3478231818,90.1
452381615,90.1
13093001936,90.1
3478231810,90.1
13093001937,90.2
2792973738,90.2
13093001938,90.3
13093001939,90.5
452381616,90.6
676620082,78.8
8743012370,78.8
12786862490,78.7
452381618,78.7
646227120,78.8
452381619,79.0
676620152,79.2
13266179556,80.9
13266179555,81.5
676620185,82.5
452381621,82.7
676619990,82.8
676620322,80.9
452381624,80.3
11688441583,72.5
3743254593,72.2
724309078,72.3
3743254594,72.5
3743254595,72.3
3743254596,72.3
3743254597,72.0
3743254598,71.8
3743254599,71.9
8710909439,71.9
13263217550,72.0
453233648,60.0
8748071292,54.9
453233649,54.6
8748071274,45.2
453233650,45.2
453233651,79.6
8743203554,79.6
8743203545,77.8
623646552,77.8
8649304298,92.8
8649304295,88.6
3474558293,88.6
8649304294,88.5
8649304285,84.5
3474558189,84.4
8649304260,84.6
8649304269,80.4
3474558186,80.2
8649304249,80.1
8649304247,73.3
3474558183,73.5
8649224415,73.5
8649224414,75.4
8649243325,75.0
8649243328,67.9
3474558179,67.9
8649243364,67.8
529790073,68.2
582272110,65.1
8746932252,65.2
465189801,67.9
8746932282,67.8
8746932279,74.8
465189806,74.9
29207997,90.3
7509460550,90.0
477802369,89.6
12784804736,88.2
477802376,87.9
12784804735,87.7
477802384,87.7
12784804734,87.7
12784804733,87.7
477802387,87.5
6386674492,87.5
6386674493,87.7
477802392,88.4
12784804723,89.1
52727269,89.1
477802412,88.7
477802429,87.8
6386674496,87.7
12784804740,87.9
477802436,87.9
12784804739,87.8
6386674497,87.7
12784804738,87.9
477802446,88.1
477802456,89.0
12784804737,89.6
11251379145,89.6
7509460551,89.7
477802466,90.0
721620280,93.6
721620225,93.9
721620234,94.4
721620181,94.8
721620204,95.5
13025672094,96.4
721620287,96.2
721620184,96.0
721620270,95.8
721620292,95.7
13025672095,95.7
721620243,95.8
13025672096,96.1
13025672097,96.4
721620248,97.3
13025672098,97.3
721620194,96.9
317504296,96.7
883564343,97.4
11554594832,97.6
13250504328,97.7
478180999,97.9
3743254000,97.7
13250504329,97.3
13025695719,97.0
13250504330,96.9
11554594833,96.8
13025695720,96.6
11554594834,96.3
13025695721,95.8
3743254001,95.4
13025695722,95.5
478181010,95.4
13025695723,95.4
478181047,95.6
13025695724,95.5
3743254002,95.3
11554594835,95.3
3743254003,95.2
3743254004,95.1
3743254005,94.9
478181059,94.8
11554594836,94.8
478181075,94.9
11554594837,95.0
478181121,95.2
478181137,95.6
11554594838,95.6
478181147,96.2
478181245,95.9
478181256,94.5
11554592940,93.1
478181264,91.8
3743254006,91.3
13025695715,90.6
11554592941,90.4
13025695716,90.0
478181277,89.8
13025695717,89.2
478181290,88.7
478181304,88.6
11554592943,88.7
11554592942,88.8
478181315,88.6
478181329,88.6
13025695718,88.6
11554592944,88.6
3743254008,88.6
478181343,88.8
11554592945,88.9
11554592946,88.4
3743254009,87.6
11554592947,86.6
478181358,85.5
11554592948,82.0
13329277180,80.7
478181365,80.2
478181380,79.9
11554592949,79.6
721620187,79.3
3743253995,96.3
3743253996,95.9
478181456,95.7
478181467,95.9
478181472,95.5
478181481,95.9
11554594839,95.5
3743253997,95.0
11554594840,94.7
478181494,94.3
3743253998,94.0
478181505,93.8
478181510,93.5
11554594842,94.0
11554594841,93.2
11554594843,93.0
478181511,92.8
478181512,92.8
478181513,92.5
11554594844,92.3
478181514,92.1
11554594845,91.3
478181515,90.8
478181516,90.9
478181517,90.3
478181518,89.7
11554594846,89.1
478181519,88.8
478181520,88.6
478181522,87.9
478181531,87.6
478181538,87.3
3743253999,87.2
478181546,86.5
883564276,85.9
478181554,85.8
478181615,84.5
478181622,84.8
6958778514,84.1
478181629,83.9
478181636,83.7
6958778502,83.9
478181693,84.3
6958778499,84.4
883564427,84.8
6958778500,84.5
883564305,84.1
11688420068,83.5
6958778501,83.3
883564371,82.8
11688441569,81.9
11688441570,81.0
11688441571,80.5
11688441572,80.0
11688441573,79.7
11688441574,77.8
11688441575,76.8
478181682,76.2
11688441576,75.9
11688441577,75.6
11688441578,75.5
11688441579,75.3
478181666,74.9
11688441580,74.6
3743254730,73.9
11688441594,75.4
13186842681,74.6
13186842682,74.2
478181742,73.8
478181735,73.9
13186842683,74.1
478181750,74.6
13186842686,74.7
13186842684,74.5
13186842685,74.6
13186842687,74.3
478181758,74.6
13186842688,74.3
13186842689,74.5
478181765,74.5
13186842690,74.7
478181771,74.6
13186842691,74.5
13186842692,74.7
478181778,74.7
478181786,74.8
478181792,75.0
6958278723,74.9
6958278722,74.9
883564378,74.9
3743254600,75.0
478181800,75.2
13186842693,75.3
478181808,75.2
13186842694,75.4
13186842695,75.4
13186842696,75.3
478181815,75.2
721620220,74.9
7147625874,74.8
13186842697,74.4
7147625873,74.2
478181839,73.2
7147625872,72.9
478181846,73.1
13329277185,73.2
478181854,73.3
478181861,73.6
478181871,75.0
478181879,76.8
721620290,78.9
3743254601,79.3
721620206,79.5
478181907,78.5
721620250,77.4
478181973,72.4
3743254618,72.4
478181997,72.7
7542630367,72.2
7542630366,72.1
7542630365,72.6
7542630364,72.2
7542630363,72.2
7542630362,72.3
7542630361,72.3
7542630360,72.3
478182005,72.4
7542630359,72.4
478182020,72.3
7542630358,72.4
3743254619,72.5
478182029,72.5
7542630357,72.5
7542630356,72.4
7542630355,72.3
478182036,72.4
478182045,72.3
478182055,72.3
478182065,72.1
6047205805,72.9
8710874547,73.0
6047205807,72.8
6047205809,72.7
478182090,72.7
6047205808,72.7
646227148,72.7
7541755140,72.6
646227155,72.3
478182210,72.5
7147625880,72.0
724309102,83.2
13329277184,83.3
3743254620,83.1
724309104,82.1
724309106,80.9
3743254621,79.8
13329277183,79.5
724309108,79.3
13329277182,79.3
7170651132,79.1
724309110,78.9
883564333,78.8
3743254622,78.7
883564376,78.5
721620264,78.6
721620274,78.9
13186888105,78.9
721620188,79.6
721620307,79.8
721620211,78.9
6958778505,83.3
6958778504,82.8
11688420067,82.9
11688420066,82.8
6958778510,82.4
6958778507,82.1
6958778506,81.9
11688420065,81.8
11688420064,81.7
478181721,81.8
6958778513,81.8
11688420063,80.7
6958778512,79.5
646227124,79.4
479571689,24.4
14089071615,25.0
479571687,30.0
3743254527,32.3
479571685,33.2
3743254526,33.3
479571683,33.9
13025695815,35.6
479571693,36.5
479571696,36.9
317126464,37.0
317126544,15.8
479571700,18.2
14089071610,20.4
9864793579,21.6
9864793578,22.1
14089071621,22.4
479571702,23.0
14089071620,23.4
14089071619,24.1
9864793577,24.1
14089071618,24.5
479571705,22.6
3743254529,25.0
479571708,24.8
11512423581,24.1
14089071624,23.0
3743254531,23.3
14089071623,24.6
14089071622,22.5
3743254523,22.5
14089071626,22.7
11512423580,22.3
14089071625,23.0
479571710,23.2
14089071627,24.6
11512423579,25.5
14089071628,26.0
3743254530,26.2
479571711,26.9
14089071629,27.1
11512423578,27.6
479571714,28.3
14089071630,29.1
11512423577,29.7
14089071631,30.5
14089071632,31.0
479571716,31.8
14089071633,31.5
479571718,32.0
14089071634,31.2
479571719,26.8
13025695812,23.9
14089071637,24.8
479571721,22.7
479571724,19.0
479571771,41.0
11512399053,42.0
11512399052,43.0
3743254498,44.3
11512399051,45.7
479571778,47.7
479571780,49.2
11512399054,50.6
479571782,51.4
11512399055,53.3
11512399056,54.0
11512399057,54.2
13676240523,52.5
479571784,53.5
479571786,54.9
13676240522,55.8
479571788,56.3
479571791,56.9
11512399058,57.6
11512399059,57.9
479571793,58.5
3743254499,59.8
479571795,61.3
479571797,62.4
3743254500,63.5
479571800,65.9
13676240520,66.4
13676240521,66.5
3743254501,67.0
479571802,66.9
13676240519,68.2
11512399060,68.8
479571805,70.2
479571807,70.3
11512399061,70.2
479571809,70.0
479571811,68.8
3743254502,69.6
479571813,69.3
11512399063,69.3
479571815,69.7
14089071572,69.9
11512399062,70.0
479571820,69.5
14089071642,9.7
479571732,9.7
14089071645,8.7
14089071646,6.4
14089071647,5.4
14089071648,4.8
9881582334,4.8
6958344903,63.0
3743254145,63.6
482785944,64.4
11512387734,64.8
482785945,65.9
11512387733,66.3
482785946,66.5
482785947,67.1
482785948,67.6
482785949,68.5
482785954,69.2
317125576,84.5
3743253765,84.4
3743253766,84.0
13198544578,83.2
13198544577,82.5
3743253767,82.5
482785957,82.4
13250504352,82.2
3743253768,82.1
3743253769,82.1
13250504351,82.1
482785958,82.1
13250504350,82.1
13198544599,82.1
13198544598,81.9
482785959,81.4
3743253770,80.4
11512387755,80.3
9463756245,80.8
13250504349,80.9
11512387754,81.0
11512387753,80.8
482785961,80.6
482785964,81.1
13250504348,81.4
11512387752,81.4
11512387751,81.4
3743253771,81.3
3743253772,81.4
13250504347,81.5
13250504345,81.5
13250504346,81.5
3743253773,81.4
482785973,80.8
3743253774,80.5
11512387748,80.2
482785977,79.2
482785979,78.9
482785982,78.8
3743253775,78.7
11512387749,78.5
482785985,77.9
11512387750,77.4
3743253776,77.0
482785989,76.7
3743253777,76.2
482785992,75.3
482785993,74.4
482785994,73.2
482785995,72.1
482786007,70.6
482785996,70.0
11512387727,69.9
3743253779,69.7
482785997,69.4
482785998,69.2
482785999,68.2
482786000,67.5
3743253780,67.0
482786001,66.2
3743253781,65.6
482786003,65.0
11512387728,64.6
11512387729,64.7
482786004,64.5
11512387730,63.8
482786005,63.8
482786008,63.8
11512387731,63.9
482786009,63.7
11512387732,63.5
482786010,63.1
13687441348,62.8
7170134809,62.2
482786011,62.1
482786012,61.3
482786014,61.0
7170134810,60.9
482786015,60.4
13198544542,60.1
482786016,59.9
13198544543,59.4
13687441371,59.1
13687441372,58.8
482786017,58.4
482786021,57.9
13198544544,57.8
482786026,57.5
13198544545,57.5
13198544546,57.2
482786028,56.3
482786034,55.3
13198544549,55.4
482786039,55.2
13198544548,55.0
482786041,54.6
13198544547,54.7
482786050,54.2
246157766,44.8
4540150502,44.4
317504920,44.7
13687419964,76.2
13687419963,76.1
317504841,76.3
317504842,76.5
11512434381,76.7
3743253979,77.6
318784024,78.9
11512434380,79.1
3743253980,79.2
11512434379,79.5
317504843,80.1
3743253981,80.8
11512434378,81.7
11512434376,82.2
11512434377,82.5
317504844,83.0
11512434375,83.9
3743253982,84.1
11512434374,84.4
317504845,84.9
3743253983,85.4
11512434373,85.8
318784026,86.2
317504846,86.8
11512434372,87.6
11512434371,88.1
317504847,88.3
11512434370,88.9
3743253984,89.4
318785178,89.7
11512434369,90.1
11512387768,90.9
3743253985,91.3
13250504331,91.3
13250504332,91.4
317504848,91.6
3743253986,92.1
318785179,92.9
13250504333,93.1
3743253987,93.2
3743253988,93.5
317504849,94.0
3743253989,94.7
13250504334,95.0
317504850,95.1
318785181,95.0
11554592951,94.6
317504851,93.6
13250504319,93.4
3743253990,93.4
13250504318,93.5
318785182,93.6
13250504320,94.1
11554592950,94.5
11554592952,94.8
11554592953,95.4
13250504321,95.6
318785184,96.2
11554592954,97.2
317504852,97.3
3743253991,97.3
13250504323,97.6
317504289,97.7
13250504324,97.3
317504291,97.0
13250504325,96.9
317504292,96.8
3743253992,96.7
13250504326,96.6
3743253993,96.8
13687419959,96.7
13250504327,96.6
13687419958,96.6
317504293,96.7
3743253994,96.6
318785187,96.8
5174204254,97.2
13687419955,97.4
5174204255,97.5
318785188,97.6
3743254015,97.6
13025672099,97.4
13025695703,97.4
13025695702,97.3
13025695701,97.2
482786181,97.1
13025672100,97.1
482786180,95.3
13025695704,94.9
13025695705,94.9
482786179,94.1
14089071669,40.9
11512399049,41.3
3743254518,40.9
11512399050,41.6
14089071670,42.0
11512399031,41.8
14089071671,41.6
11512399032,41.7
14089071672,41.6
11512399033,41.4
14089071673,41.4
11512399034,40.7
11512399035,40.7
14089071674,40.6
11512399036,40.0
14089071675,40.1
11512399037,40.4
14089071676,40.0
14089071677,39.9
482786182,39.7
482786183,40.1
482786184,40.4
3743254519,37.4
482786185,37.0
482786186,36.5
3743254520,36.2
482786188,35.1
482786189,34.1
3743254521,33.7
11512399048,33.2
11512399038,32.6
11512399047,32.2
11512399046,32.2
11512399045,32.1
482786190,32.4
11512399044,31.1
3743254522,30.3
11512399043,31.4
11512399042,32.3
11512399041,32.4
11512399040,31.9
11512399039,31.5
482786191,31.3
482786192,30.7
482786193,30.8
482786202,29.8
482786203,29.4
482786204,27.0
482786205,24.7
482786207,24.6
482786209,24.0
482786210,24.0
14089071703,23.5
482786211,23.1
14089071702,22.8
482786212,22.1
11512423586,21.7
6407519645,21.5
11512423585,20.7
482786214,20.1
482786215,19.9
14089071700,19.2
14089071701,18.4
11512423588,17.5
11512423584,17.2
11512423587,17.4
9881553311,15.9
14089071699,15.5
14089071698,15.0
9881553312,14.5
482786216,14.9
14089071697,14.7
14089071696,17.1
482786217,17.7
482786218,19.0
14089071734,19.4
11512423591,19.9
11512423590,21.1
3743254532,21.1
11512423589,22.0
9881553309,22.0
582270579,31.6
8748535225,31.5
499953778,33.9
8748535226,34.0
499953784,41.4
499953785,49.8
8750656071,49.9
8750656069,49.4
7730349932,49.5
566395524,75.6
8708065004,80.9
501552441,80.9
8708064995,81.0
12148862522,80.9
8708064997,78.8
501552442,78.8
8708064979,78.9
8708064980,75.5
501552443,75.3
8708064972,75.1
577452876,67.6
508040860,25.3
1686636457,24.4
8748535243,24.5
427466908,24.7
623646466,46.6
8748319087,46.9
508040863,49.8
6345563945,34.1
8748319056,34.1
508040865,41.7
8748319078,42.0
508040866,52.0
8748319095,52.6
508040867,53.5
582271600,51.5
8748071301,51.6
515588890,63.4
8748071297,63.6
515588924,63.7
8748099543,63.9
8748099542,64.9
515588933,64.8
8748099536,64.7
8748071272,67.9
515588946,68.0
582271915,58.6
8748099568,58.7
518297611,65.8
8748099565,65.8
465189807,70.3
28979442,85.2
14179670103,85.2
384144789,84.9
620044883,84.5
971130630,84.3
6407398453,84.3
620044884,84.1
5973750068,83.9
5973750077,83.9
971128741,83.9
254241375,83.5
14005372092,83.4
7695781466,83.4
347314585,83.3
12806784687,94.4
12806784694,94.7
527770852,96.0
527770855,96.0
527770861,96.1
1225708197,96.1
527770865,97.2
8816277661,96.7
527770876,96.7
6290166734,96.8
6290166735,97.0
6290166736,96.9
6290166737,97.0
527770880,97.1
14002210772,97.2
1143163029,97.3
527770884,97.1
527770885,96.8
12806866929,101.2
8816277634,101.3
729656182,101.1
10909275778,100.8
1123072943,99.9
6392901697,99.5
566369256,100.0
7708055115,99.9
1123073257,99.1
6386857864,98.9
6386857862,98.1
6386857860,97.2
8816202113,96.0
527770889,95.9
13285994410,93.1
527770891,92.5
6386834086,92.3
9800616513,92.1
8784160241,91.9
9800616507,91.4
12944765938,91.2
6960981076,91.2
26046293,91.2
7706133699,92.5
6386834088,93.5
8816277621,93.7
527770892,93.7
3492713189,93.7
3492713191,93.7
3492713193,93.7
971300555,93.6
7706133697,93.0
566368520,92.6
3492713208,91.1
12944765948,91.1
12944765947,90.9
3492713201,90.9
6386834089,91.3
6960981074,91.4
6386834090,92.0
6386834091,92.0
6386834092,92.2
7708055095,92.6
566368624,93.4
6940315883,93.3
703594003,94.3
527773683,94.5
703594132,94.6
6940315880,94.7
703594180,94.7
703594153,94.0
12544296751,93.9
527773684,93.9
6940324610,94.7
527773685,94.6
6580337731,93.0
3478231829,91.1
8669235079,91.3
3474558162,90.4
8669235026,90.5
8669235027,87.2
3474558159,87.2
8669235020,86.8
8669235019,82.6
3474558156,82.7
8669233465,82.7
8716139521,82.9
8669233464,74.9
3474558154,74.8
8669235015,74.9
8669235012,79.2
8669234997,78.9
8669234996,70.9
3474558150,70.6
8669233459,70.6
8669233463,69.6
3474558149,69.6
8657652650,69.8
8657427952,63.6
3474558148,63.1
8657434150,62.6
529790081,54.1
8669233461,90.2
3474558131,92.1
8669235032,92.0
8669235031,89.8
3474558127,89.7
8669234942,89.8
8669234944,83.1
3474558125,83.0
8669234950,83.0
8716139525,82.2
8716139523,82.1
8669234951,77.8
3474558123,77.7
8669234954,77.7
8669234967,83.9
8669233472,83.7
8669233473,74.5
3474558118,74.3
8669234988,74.2
8669234986,71.3
3474558117,71.2
8725875715,71.4
8657427953,71.1
3474558116,70.8
8657434149,57.4
3474558115,57.2
8657434132,57.0
8657434130,46.3
3474558114,45.9
529790102,41.7
630162892,75.3
8669234968,75.5
8669234976,73.3
3474557969,73.1
8669234977,73.2
577452796,72.0
8669234981,71.5
532808178,71.3
14047440323,87.3
336895661,87.1
1233278076,86.9
783668029,86.9
783668077,86.1
6391530823,84.5
783668013,84.8
1234351374,84.8
783668085,84.3
10086088880,85.3
336895669,85.6
1234351320,83.5
535031260,90.3
921100322,89.0
14093555128,88.9
7855938505,86.8
1037663376,86.6
5850073005,86.3
14179670193,86.3
14179670121,86.3
5850073008,86.3
7855938524,86.3
7855938520,86.1
10909275781,86.0
10187282011,85.7
7695781457,83.1
5850510732,83.3
971148103,83.6
971148107,83.6
620044891,83.5
9198044676,83.5
9198044677,83.4
247105792,85.2
13050735277,85.0
14097433384,85.0
14097433390,84.1
14097433395,83.7
14097433383,83.0
14097433378,82.3
14097505408,80.6
13050735293,79.9
536078465,75.6
536078468,74.9
536078479,74.8
536078477,73.2
336949669,72.4
536078483,71.9
536078484,71.6
336949678,71.3
536078498,2.7
10292204368,1.3
3079388101,89.7
3079388103,89.9
3079388104,90.4
729440549,90.7
729440563,90.5
729440545,90.4
621511832,90.1
766968806,87.7
6361416938,85.2
6794438508,84.6
547096273,84.6
566361565,71.4
10211077795,71.6
13276552973,71.6
11535641327,71.2
10211077796,70.9
11535641328,70.6
1233039255,70.5
9691493180,68.6
566360386,65.8
13276552977,67.0
9890276215,67.1
7509460537,87.9
7509484086,92.5
7509484150,91.3
577452703,90.2
7509484157,89.6
1038910233,76.3
8807417013,76.4
577452692,76.9
577452694,76.3
8807416982,77.8
577452693,78.1
7509484103,92.5
577452702,93.2
577452695,93.2
577452696,92.6
577452697,91.6
7509484104,91.0
577452725,84.9
8710909460,93.3
3478231627,93.1
8710874568,93.2
8710874567,89.1
8710874608,89.1
566395904,74.9
577452731,91.6
8710909443,94.3
3478231602,94.1
8710874589,94.3
8710874592,86.6
451615523,86.5
52925039,72.3
577452871,74.9
8708064919,79.3
3478231660,79.4
8708064918,79.3
8708064917,83.5
8708063508,83.4
8708063505,84.4
577452776,84.1
8708063504,84.3
1112187086,72.9
451615537,71.9
349920067,72.2
6047202820,73.0
8937155550,74.5
8710909442,79.6
451615529,79.7
8710909441,80.2
8710909438,87.7
8710874571,87.7
8710874572,85.5
3478231649,85.2
8710909485,85.2
577452854,78.6
8669234978,76.6
3474557983,76.5
8669233475,77.0
8669233474,81.5
3474557985,81.3
8669233468,78.1
3474557988,77.9
8669233467,78.0
8669234929,84.3
3474557990,84.3
8669233462,84.4
8669234933,89.7
3474558093,89.7
8669234932,89.7
8669235042,93.6
3474558097,93.3
8669235049,93.4
6933731866,89.4
451615532,72.7
8708063461,72.9
8708063467,83.8
577452740,83.9
8708063471,84.5
8708063468,85.4
8708063478,85.5
8708063487,82.2
3478231652,82.1
8708063488,82.0
577452849,77.3
577452844,81.7
8710909469,89.5
3478231641,89.6
8710874570,89.8
8710874569,89.2
8710909422,88.9
566396056,76.7
577453025,66.3
8629647585,66.4
8713158905,67.0
8629647588,77.7
577452991,77.7
8636712921,77.8
8636712917,87.7
577452934,87.8
8636712926,87.8
7055720428,91.2
577452926,91.3
577452922,86.7
8636706784,86.7
9079202480,86.5
8636706781,89.2
577452918,89.4
577453026,61.1
8629713567,61.1
8629713608,65.6
577452997,65.7
8636712954,65.5
8636712950,84.3
577452942,84.2
8636712956,84.4
8636712959,92.4
577452930,92.6
8636712992,88.4
577452914,89.2
6386674489,89.4
577452915,90.9
8763497477,92.1
8763497478,93.0
8636712995,93.1
577452929,93.3
8629626686,91.1
577452913,89.4
6386674490,88.1
577452910,88.0
577452911,88.3
577452973,68.2
8633267700,68.9
577452974,71.4
577452975,73.9
577452952,79.6
8633267693,79.4
577452953,76.7
577452954,74.1
577452946,88.7
577452947,88.6
577452948,87.9
577452949,87.0
8633288624,80.6
577452964,80.1
428218738,69.3
27462128,68.5
566341094,61.8
879369104,59.4
879369088,56.3
4690339551,54.9
8748535294,23.3
338355827,24.2
582270577,28.2
8748535224,28.3
508040859,27.4
10187060793,84.3
582279960,84.7
6235664240,84.9
6235664239,85.2
6235664241,85.4
582279997,80.5
582279988,79.8
582279990,78.7
6713739291,78.7
6311970315,78.6
582279939,78.2
6311970324,78.1
6311970323,78.1
6311970322,78.2
6311970321,78.3
6713739306,78.5
6311970319,78.5
6311970318,78.7
582279969,87.3
11362393830,87.6
582280030,87.6
773146989,86.4
582279968,86.2
582279970,85.9
773147009,85.9
773146983,86.3
773146986,85.7
1234868140,81.1
582280012,80.6
6967348658,82.5
582279956,82.5
5589272351,82.0
610649377,82.1
6967348615,82.0
6967348616,81.9
582279950,78.6
10187060803,78.4
12887391101,78.3
582279952,77.9
26046249,77.8
1236269714,77.9
582279954,78.8
582279942,74.9
4540150507,74.9
1236269492,75.0
1236269489,74.5
582279943,74.7
6235666329,75.0
582279944,75.1
6235666328,75.2
6235666332,75.3
6235666327,75.3
6235666331,75.4
6235666330,75.5
582279945,76.5
582279946,75.0
582279947,75.0
6363358024,79.8
6363358025,79.7
582279958,79.8
582279994,81.3
2031213250,81.0
12887383883,80.6
3015510734,80.5
3015510737,80.5
3015510227,80.4
5830834607,80.4
5830834608,80.4
12887383884,80.4
10187060814,82.2
12060113213,82.2
12887391106,81.1
12887391108,81.1
12887391107,81.0
6713739326,81.1
582280002,81.1
12887391109,81.2
6854684131,84.4
1144960464,84.1
6856285328,94.1
613049577,94.0
582280024,93.4
10708161073,93.5
6854684011,93.4
10708161080,93.2
1231333147,93.1
10708161041,93.1
10708161039,93.0
4535237792,92.9
10708161038,92.8
582280015,92.7
4535237793,92.3
10708161037,92.1
582280016,92.0
582280017,91.7
577452690,75.6
1237905987,75.7
600464034,75.5
582279926,79.7
726307530,79.7
610649379,79.8
610649383,80.3
677596642,80.3
677596733,80.3
11777492153,80.6
1241180229,93.9
10613007593,93.7
726231382,93.3
1241180217,90.7
8725912523,90.7
613049503,90.7
1234868063,90.5
1234868171,90.6
1234868126,90.7
1234868225,90.2
1234868161,90.0
6854683998,86.2
7416129836,90.4
6237391309,90.4
582280034,90.6
616029643,98.0
6940315877,98.1
12805251607,98.1
1123073232,98.5
1123073278,98.6
616029883,98.5
616029479,82.7
6419638198,82.7
6419638197,82.6
6419638196,82.6
6419638193,82.5
6419638192,82.5
13186894422,82.5
13186894423,82.6
616029546,82.5
6813428324,82.5
616029482,82.6
8805733289,82.6
616029488,82.6
8851609493,82.8
616029491,73.3
9196819384,73.3
12627879794,73.3
616029537,73.3
9196819385,73.3
11877929566,73.4
616029538,73.6
616029542,73.8
616029540,73.3
616029518,73.6
9196819382,73.4
9196819365,73.2
616029498,72.8
9196819370,72.6
4540150510,72.4
9196819381,72.3
9196819369,72.1
616029496,71.9
7141912748,72.1
9196819380,72.4
9196819368,72.6
616029494,73.1
4540150511,73.5
9196819367,73.9
616029503,74.0
9196819383,73.9
9196819366,73.8
9195994140,73.2
9196949520,73.1
7141912746,74.1
9196819407,74.2
7141912747,74.3
9196819408,74.5
616029520,74.6
616029505,74.3
9196819403,74.1
9196819402,73.9
616029507,73.7
616029509,73.5
616029511,73.3
9196819401,73.2
616029513,73.1
9196819404,73.1
616029515,73.3
616029523,74.1
9196819405,74.1
616029526,74.1
9196819406,74.1
616029558,87.8
616029578,87.9
616029580,87.9
616029582,88.3
616029585,89.4
616029571,89.1
616029573,89.5
6941765751,90.9
616029696,92.6
616029587,92.6
616029589,92.6
616029600,92.7
616029601,92.7
616029602,92.6
616029679,91.1
616029681,91.2
616029683,91.2
616029689,91.3
616029693,91.4
616029694,91.6
616029695,91.8
616029698,92.2
616029554,88.7
616029556,88.6
6941759515,88.1
616029562,89.8
6941765752,89.8
10597984712,99.1
6283842979,99.3
1123073144,99.5
616029662,99.6
616029614,96.2
616029615,97.0
616029645,97.0
616029617,97.2
616029658,98.3
6290170340,98.6
1123073043,99.8
616029677,99.9
616029659,100.4
12805207855,100.4
1123072896,100.0
6283842982,99.9
676620268,93.1
6941765749,93.1
616029701,93.2
616029938,74.7
6390179639,72.4
616029957,72.3
26046206,74.3
13285994319,74.2
6390179559,74.3
13285969574,74.3
2629255259,74.2
2629255265,72.4
616029982,71.9
616029980,71.5
766968914,88.9
616029744,88.8
766968797,88.2
766968917,87.5
616029743,87.3
729440594,86.3
14093555122,89.0
14093555155,89.1
616029804,79.7
6074342284,79.7
616029852,80.5
6359483219,80.5
6074342206,80.6
971076180,81.4
353015236,85.1
616029777,85.1
428089048,85.1
616029764,84.9
13050745662,85.3
971076234,85.8
13050745687,86.0
616029769,86.4
13050745686,86.6
13050745688,86.6
616029772,86.8
8725875690,87.1
971076111,86.8
13050745676,86.7
13050745675,86.6
971076271,86.5
13050745674,86.2
13050745673,86.0
616029845,85.6
6074342195,85.3
7059323415,87.7
9289231170,87.4
6964810344,87.2
5850510718,87.4
5290616776,87.4
9289231174,87.8
6299650897,79.7
6359466267,79.2
616029762,79.1
6074342280,79.7
616029791,79.7
616029781,80.1
8725875712,80.5
8725912518,84.9
8725912519,85.0
9201522315,80.6
3301892684,80.0
3301892685,79.5
3301892686,79.4
3301892687,79.4
616029782,79.5
3301892675,79.5
3301892676,79.6
3301892677,79.6
3301892678,79.8
3301892679,80.0
616029785,80.2
3301892680,80.4
3301892681,80.4
3301892682,80.4
6074342286,80.2
3301892683,80.1
616029788,79.6
6752596380,85.0
6752596381,84.9
971121442,84.9
5593711205,84.7
6497677075,84.5
7237561701,84.4
6359483238,84.4
971076108,84.4
7237561706,84.6
353015239,84.7
1123073295,101.7
1123072946,101.5
1123073070,101.2
1123073109,101.0
10295442487,70.9
10295442488,70.9
10295442489,71.0
10295442490,71.1
616029962,71.1
4386729106,71.1
4386729107,71.1
4386729108,71.2
4386729109,71.4
10295442483,71.1
10295442484,71.3
10295442485,71.1
10295442486,71.1
4386729110,70.9
4386729111,70.9
4386729112,70.8
4386729113,70.7
4386729114,70.7
4386729115,70.8
616029977,71.2
616029975,70.6
4386729104,70.2
4386729105,70.0
616029973,70.0
616029972,70.1
616029969,70.4
616029965,70.6
616029985,72.0
616029990,91.6
8763497549,91.7
8763497548,91.7
8763461009,92.8
8763461008,93.5
8763497512,93.6
616030001,95.1
8763461007,96.0
7055720426,91.5
8629626685,91.5
6386680151,90.2
12784804722,90.3
3488069338,88.5
8636706777,88.3
616030004,88.5
7055720427,88.5
616030007,88.5
616030011,88.7
254241513,80.2
10909275765,80.3
10909275762,80.2
620044895,80.1
10909275763,79.9
620044896,79.8
10909275764,79.8
620044897,79.7
620044898,79.5
709178767,93.4
1120780046,93.0
729440574,93.0
13544957526,91.0
620501353,91.0
729440567,91.1
1055740087,90.9
1055740074,91.0
14077928623,91.0
5973750059,84.2
620501409,84.2
6091768246,84.5
971130627,84.5
729440527,84.8
620501410,85.0
14179666163,85.2
6091768248,85.1
14179666168,85.3
14204807973,85.4
620501408,85.5
766968897,88.3
5973750027,86.2
766968907,85.1
427893014,84.4
12891953106,89.5
5973753620,89.6
5973753616,89.9
1633378818,90.1
5973753613,90.2
620501363,90.3
5973753607,90.9
5973753603,90.9
9441250709,91.4
625959037,91.5
620501355,91.5
3488070899,85.9
12881569225,86.0
10187282010,86.0
3488069361,86.0
3488069377,85.9
14179670115,86.0
14179670194,86.1
10187282008,86.2
620501372,86.1
620501370,86.6
1038847588,86.7
5771946040,87.9
1038641436,89.4
620501358,89.8
1038641440,88.0
1038641432,87.8
1038641450,86.4
1038641449,86.3
1038641444,85.8
6419638258,89.5
620501515,89.5
427907445,89.5
620501512,89.4
620501511,89.3
13650270948,89.4
26270957,89.5
6778864719,95.8
12060113220,95.8
14208218605,95.8
973435258,95.9
14208218606,96.0
1034904261,96.0
14005372095,95.7
8990500666,95.8
700344842,95.6
8990500668,95.3
14005372094,95.1
1633378753,94.0
699528139,93.9
11002164479,93.8
14005372163,92.3
11002164446,92.1
384145636,92.0
5850072999,91.8
14005372162,91.7
1120779968,90.2
1062435427,88.6
1062435366,86.9
2407446050,86.7
5850072938,90.6
973435380,90.7
621511810,90.2
621511877,92.8
621511809,89.8
621511811,89.6
621511812,89.3
621511857,88.9
621511878,92.6
621511882,92.7
621511895,94.0
621511897,93.8
621511898,93.7
5850072930,93.4
621511800,83.4
6434281385,83.4
621511801,83.1
621511803,84.3
621511804,84.3
6434281236,84.2
621511805,85.4
621511806,86.5
7042300104,90.0
5850072945,90.2
7042300103,89.8
621511864,89.2
621511862,92.4
621511866,91.3
621511876,95.2
621511873,95.4
621511874,95.4
621511875,94.3
6854684020,94.3
621511903,94.6
9324587456,94.5
621511906,94.3
1034904093,94.3
621511905,94.5
621511900,94.4
9324587449,94.5
621511881,92.8
973435387,93.0
621511931,95.3
10938983333,95.3
12060113215,95.2
1034822195,95.1
12060113214,95.2
621511933,95.3
9324673314,95.2
621511932,94.9
12622210381,56.5
623566383,56.9
6434664119,57.3
623566384,57.4
623566373,58.7
6434664113,59.1
623566375,59.4
5354745563,59.7
5354745560,59.8
623566376,60.6
12622210380,59.7
623566390,59.8
623566385,60.1
6434664114,60.6
623566378,61.3
5354745562,61.0
623566379,60.9
5354745561,60.9
623646458,21.1
6429544769,21.5
623646455,23.3
623646456,22.2
623646457,23.1
8748319067,39.6
623646465,39.5
623646579,79.4
8746932245,72.3
451615449,72.1
8746932244,72.3
8746932249,75.2
451615450,75.4
8746934327,75.6
8746934325,74.7
451615451,74.5
8746932305,73.5
582272622,73.5
8743123582,71.9
623646557,73.1
8743203558,76.3
623646541,77.5
623646559,71.0
8743203527,72.3
623646578,72.1
623646565,70.8
8743203536,71.0
8743203541,73.8
8743203542,74.7
6928079100,78.0
623646639,93.2
8740733789,93.2
8740733786,91.4
3474557893,91.1
8740733784,91.0
8740733780,79.9
458240982,79.6
5850072951,93.9
5850072950,94.0
1633378665,94.3
12920219069,94.5
5953000910,94.6
625959022,94.7
5953000909,94.7
625959019,94.8
1144966085,94.7
5953000914,94.6
625959023,94.3
625959026,94.2
5953000928,94.1
5953000922,94.1
582292721,94.1
1124349795,94.0
625959039,93.6
6794438554,93.6
1124349752,93.5
5953000947,93.4
1124349849,93.4
5771946018,93.2
5771946012,93.1
625959041,92.8
5771946013,92.8
5771946015,92.5
1124349754,92.2
5953000964,92.2
5771946020,92.1
625959040,92.0
9441250705,91.4
5771946164,90.4
5771946037,90.7
5771946163,91.3
5777925888,91.4
1140391199,91.4
9441250708,91.4
5960541927,91.3
5953000951,91.3
5953000948,90.9
1633378757,90.2
626087047,90.0
13545131843,89.7
1600521286,91.2
5960541899,91.3
626087028,91.7
626087027,91.7
677177267,91.8
11383437046,91.8
766968889,92.1
6794438526,91.7
384143998,91.9
384144001,93.2
13050735276,85.2
12060113200,85.2
1139526356,85.2
13544957528,84.9
13544957527,84.8
1137736374,82.7
1137736357,82.3
1139526339,81.9
1139526553,81.9
1137736307,81.7
1137736384,80.9
14092968682,80.5
1139526524,80.5
8660115563,86.5
971076312,86.5
1038871838,86.5
971076140,86.6
1038871806,86.6
626086961,86.6
1038871814,86.6
626086963,86.6
626086972,86.6
8660115562,86.6
1038871824,86.6
1038871829,86.7
626086974,86.8
1038871830,86.7
971076199,86.7
626086980,86.7
1038871843,86.7
971076268,86.6
1038871811,86.5
10184841827,80.7
12060113199,80.8
626086950,83.1
11539256954,83.3
766968922,93.3
626087056,93.5
626087042,90.6
13545131844,90.6
626087048,90.9
5953000950,91.4
13676603390,91.4
9441250707,91.4
8660115542,91.6
9441250703,91.4
5771946026,91.3
5771946032,90.9
5771946162,90.8
5771946165,90.7
626087021,90.9
626087023,90.7
626087035,89.3
1633378779,89.3
626087041,89.2
766968870,89.1
766968776,88.1
1633378813,87.5
627860631,89.6
729440562,89.6
12891877192,89.6
5973750082,89.6
8660115549,89.6
12891953125,89.6
8725912629,89.6
627860644,89.3
5973750079,89.2
8660115544,88.8
12943388026,88.6
428236259,88.6
8436449398,95.7
14208218662,97.1
14208218663,97.3
12837509658,97.1
12837509653,97.1
971470846,97.0
971470842,96.7
28979462,96.5
12802023935,96.3
12802023930,95.8
1034822227,95.5
6778920296,95.4
11690789474,95.3
338491166,79.1
8743012368,79.3
12786862488,79.4
338491167,79.7
338491168,79.9
243952973,80.3
243952974,80.8
243952975,82.3
883564339,83.5
243952976,81.9
646227144,79.8
646227141,76.8
646227143,74.6
646227142,74.1
7545525448,72.8
8708063464,72.8
3743254731,73.0
8708063463,72.8
8708063462,72.7
650011150,51.6
650011151,52.2
650011152,52.5
650011153,52.1
650011154,51.1
650011155,50.6
650011156,50.6
1304330369,50.8
1013148616,47.2
650011157,47.3
650011158,47.2
14065084913,47.3
650011159,47.8
650011160,47.9
650011161,48.1
650011162,48.2
650011163,48.9
317504921,46.2
650011165,48.9
650011166,49.5
650011168,49.5
650011169,49.9
650011170,52.1
650011171,52.0
650011172,52.2
650011173,52.2
650011174,52.4
650011175,52.4
650011176,52.6
650011177,52.9
3743254564,51.9
3743254565,52.7
3743254566,53.5
3743254567,53.8
7170134815,54.2
7170134814,54.4
7170134813,54.7
336895603,54.9
3743254568,55.1
336895609,56.9
3743254569,57.6
7170134812,58.2
336895616,58.8
7170134811,58.9
3743254570,59.5
3743254571,59.6
3743254572,60.7
3743254573,61.6
3743254574,61.4
336895624,61.8
3743254575,62.3
317124781,88.0
317124790,87.3
3478231813,87.0
11211456220,86.2
767590986,86.1
11873851359,93.2
11777709359,93.2
1140225519,89.4
676620334,90.4
676620292,86.1
11211456222,86.2
11211456221,86.2
338490784,77.5
8743012383,77.8
676620148,77.9
6955825958,78.4
676620092,78.6
676620005,78.7
13294396574,78.8
676620104,78.8
676619972,79.0
676620123,78.7
676620021,78.6
8743012380,77.5
676620357,77.0
676620138,88.6
1140225495,88.5
6497637329,88.4
676620062,88.4
1140225511,88.3
676620149,88.3
676620074,88.2
6497637325,88.1
6497637326,88.1
676620158,88.1
676619940,88.1
676620245,88.3
1140225491,88.5
676620195,88.6
676620111,88.8
6497637327,88.9
6497637328,88.8
1140225530,88.6
6941765698,92.7
676620094,92.5
6943420578,92.4
317504885,31.8
10756793135,31.8
676620129,32.3
676620212,32.9
10756793180,32.9
10756793181,33.4
3743253949,33.7
320725934,34.1
13263217514,80.7
8949789939,80.3
13263217519,80.2
13263217520,80.0
8949789940,79.9
11402251667,78.5
8743012362,78.5
338355811,78.5
276323216,94.5
6941765697,94.5
676619993,94.9
676620204,88.0
1141578919,87.6
1141579951,88.0
676620359,88.3
8743012389,77.6
8743012388,78.3
6941464337,88.3
676619981,88.5
676620208,90.0
6941765702,90.0
1140225506,90.1
6941757542,90.2
10756793137,31.7
886572172,31.7
676620271,32.8
11210900790,78.7
7170134797,78.7
7170134795,78.4
676620036,77.9
7170134796,77.7
676620154,91.1
6943442901,91.5
676620116,91.7
676620199,91.7
676620039,91.8
676620326,91.8
6941765701,91.2
676620023,91.2
676620090,89.5
676620001,89.7
676620279,89.7
11210900793,78.7
11210900792,78.7
13266179552,78.7
11210900791,78.7
11210900789,78.6
11210900788,78.6
13266179551,78.5
11210900787,78.5
11210900786,78.5
11210900785,78.6
11210900784,78.5
11210900783,78.6
11210900782,78.6
11210900781,78.7
11210900780,78.7
11210900779,78.7
11210900778,78.7
11210900777,78.6
11210900776,78.6
11210900775,78.5
11210900801,78.6
11210900774,78.6
11210900773,78.4
11210900772,78.6
11210900771,78.7
11210900770,78.7
11210900769,78.7
11210900768,78.8
11210900767,78.8
11210900766,78.9
13266179548,78.9
11210900765,78.9
11210900764,78.7
11210900763,78.7
676619998,78.9
676620332,78.2
10208273238,91.3
676620057,91.4
10208273241,91.4
676620230,91.4
1141437458,91.4
676620143,91.5
10208273240,91.5
676620031,91.5
10208273239,91.5
676619929,91.4
243953044,77.5
8600558121,77.6
11142096477,77.7
7928824928,77.8
646227137,78.6
243952986,79.3
243952987,80.0
243952988,80.9
243952989,82.8
646227136,83.8
243952990,83.0
478182327,82.2
243952991,81.5
646227135,81.0
7170651131,80.8
646227134,80.5
243952992,80.2
646227132,79.8
243952993,79.6
7170134791,79.5
646227131,79.6
243952996,81.1
646227129,83.0
243952997,85.0
243952998,86.1
478181608,84.4
243952999,84.2
646227128,83.3
243953001,82.5
1112187001,81.9
676620097,72.0
8710909440,72.1
4547268732,73.3
677177296,81.6
677177274,81.9
677177245,81.9
773147011,91.3
677177270,90.5
677177288,90.8
677177251,90.9
677177281,85.3
1700470661,85.5
766968909,85.9
677177332,82.2
677177255,82.2
677177297,82.3
677177224,82.3
1757656841,82.0
677177327,83.5
677177268,77.0
6814481995,76.8
2622700029,77.1
677177335,76.7
1150098458,76.8
1150098454,76.8
1150098455,76.9
677177290,76.9
1150098459,76.9
677177283,76.9
1150098460,76.8
677177294,76.8
6814481996,76.9
677177307,77.0
677596629,83.1
677596668,83.2
9203434152,83.5
6813428346,82.7
12887383865,82.7
677596690,80.5
677596742,80.6
677596772,80.5
677596680,80.4
1137109294,80.8
9203449451,80.7
1137110355,80.3
677596645,80.2
677596683,80.0
677596761,79.9
6713739324,80.2
677596764,80.2
1137112008,80.2
677596775,80.2
1137111997,80.2
6713739321,80.3
677596684,80.3
1137112003,80.2
677596651,80.2
1137112005,80.2
6713739322,80.3
677596628,80.2
1137112009,80.2
677596700,80.2
1137112001,80.3
6713739323,80.3
677596672,80.2
1137112011,80.2
677596705,80.2
1137112002,80.2
677596652,80.2
8725875685,80.2
677596732,80.2
677596665,80.3
1137110350,80.1
582279976,80.1
582279977,80.2
677596734,80.4
677596671,80.2
677596748,80.2
677596716,81.9
677596679,81.9
677596765,81.8
582279981,81.8
677596656,81.8
582279986,81.9
677596766,83.2
677596707,83.0
677596791,83.5
582280010,83.1
677596689,84.6
677596796,84.9
677596694,84.9
677596681,84.3
677596639,84.3
677596632,84.3
677596767,84.4
677596677,84.5
677596793,84.7
677596737,84.5
677596646,84.7
677596752,84.7
677596658,84.4
677596740,84.5
677596650,84.3
677596754,84.4
677596661,84.4
7454699352,84.3
677596727,83.5
677596760,84.6
677596667,84.6
6713739286,79.9
677596702,80.1
1137112004,80.1
6424389226,83.1
677596774,83.2
677596762,83.3
677596777,84.3
677596685,85.1
5850214032,85.4
12922419548,85.6
7481760952,85.6
7481760953,85.7
7481760954,85.8
7481760955,85.8
7481760956,85.7
7481760957,85.6
13050745619,85.2
7481760958,85.2
677596676,80.7
677596736,81.6
677596750,82.7
677596745,83.6
677596627,83.5
6424389222,82.4
677596770,82.4
677596709,82.5
677596769,80.9
677596786,81.0
677596687,81.0
677596634,81.1
2031213251,81.2
677596706,81.4
677596635,80.3
677596657,82.1
536078322,81.9
2031213257,81.3
5830834609,80.7
2031213258,80.6
2031213255,81.1
10187060808,82.2
10187060813,82.1
10187060812,82.1
5850214029,84.9
536078329,84.2
677596726,80.6
677596631,81.0
582279982,81.4
677596729,82.2
677596664,82.2
610649389,85.8
12922419549,85.5
610649390,85.1
7454699380,83.7
610649384,83.0
610649385,82.0
610649386,81.4
677596735,81.9
677596643,81.7
677596749,81.6
677596782,81.5
6484929616,81.5
677596728,81.5
677596711,80.9
582279985,81.4
677596758,81.0
677596698,81.3
12184634342,82.2
677596755,82.1
12184634340,82.3
677596662,81.8
12184634341,82.2
582280006,82.1
582280007,82.6
582280008,82.7
677596744,81.5
677596653,81.9
5973750065,85.6
6386896230,86.3
5593988099,86.5
729440526,86.4
10660395327,86.5
14204826324,87.0
14204826353,87.3
6410851963,91.7
14209454393,91.5
14209454394,91.6
3476035357,91.3
14209454395,91.1
3477055816,90.8
945268417,90.6
10647513670,90.6
971410738,94.2
971410758,93.6
971410733,93.1
971410742,93.3
971410750,93.5
11002164490,93.2
971460009,93.2
971512766,92.6
699528137,92.5
971512768,92.8
971512765,93.1
971430796,93.3
699528141,93.2
5850072982,93.4
11002164428,93.5
971460016,93.7
11002164426,93.9
1034904839,95.7
14005372093,95.8
971464065,95.9
971464062,96.1
14005372028,96.2
5850072990,96.2
5850072974,96.0
12891953195,96.0
5850072981,96.0
5850072978,96.0
5850072980,95.8
5850072979,92.7
6434281193,90.9
1034904931,90.5
700344856,89.9
700344843,95.9
6778864717,95.9
6778902247,95.9
6778902248,95.9
6778902246,96.0
6778902245,95.9
700344844,95.8
6778902244,95.7
703594053,95.6
703594145,95.7
703594185,94.8
703594075,94.5
428237002,91.9
703594030,92.0
703594150,91.9
703594155,76.3
703593908,77.0
703593917,76.5
703594013,76.3
703594067,76.7
703593941,76.6
703594033,76.7
703593905,76.2
703594190,75.3
703594070,75.9
703594042,76.2
703593916,76.3
703593953,76.5
703594182,76.6
703594061,76.8
703593935,76.8
703594135,77.1
703594108,77.2
703593972,77.4
703594174,77.5
703594055,77.5
703593904,77.4
703594191,76.9
703594089,77.2
703593959,77.4
703593983,94.0
703593996,95.1
703593956,77.0
703593948,77.7
703594149,77.1
703593881,77.8
703593929,94.6
703593961,77.4
703593936,77.4
8851609431,80.1
703594080,79.9
703593954,79.0
703594154,78.7
703594035,78.5
703593938,78.5
703594138,78.8
703594029,78.5
703593932,78.3
703594133,78.1
1234226232,78.1
1234226147,78.3
703594004,77.8
703594200,77.9
1234226135,77.9
1234226172,78.4
1234226160,78.3
1234226177,78.2
703594049,78.2
703593989,78.1
6940324609,94.7
703594115,94.6
703593981,94.5
703593957,94.2
6294206696,94.2
6292505751,94.1
6292505752,94.2
703594125,94.5
703594086,95.3
703594043,94.7
703593943,94.4
703594187,76.9
703593910,94.3
703594203,94.6
703594140,94.7
703593997,94.1
6294206708,94.1
6292505746,94.1
6292505747,94.1
6292505748,93.9
6292505749,93.8
6292505750,93.7
703594098,93.8
703593969,93.9
703594046,92.5
7640815684,92.8
12806589304,93.6
7640815683,93.6
703593940,94.4
703594066,94.3
6294206705,94.3
703593992,94.3
703594095,94.3
703593967,94.2
703594024,77.8
703593886,77.8
703593900,77.6
703594129,77.5
703594001,77.5
703594196,77.1
703593964,77.4
703594162,77.3
703594041,77.3
703594010,77.0
703594039,77.0
703593913,77.1
703594077,77.1
703593947,77.0
703594148,77.0
703594026,77.0
703593931,77.1
703593907,77.0
703594107,77.0
703594087,77.0
703594118,77.7
1068758412,95.3
703593987,94.5
12880426777,77.6
703594047,77.6
703594192,77.5
703594022,77.0
703593899,76.3
703594063,76.5
1234226199,76.2
1234226218,76.4
1234226183,76.3
1234226193,77.0
1234226158,77.4
1234226170,77.6
1234226134,77.5
1234226146,77.4
703593923,77.8
703593990,76.9
703593985,78.0
10184820087,77.6
703594178,77.7
10184820100,77.7
9195830737,77.7
2581922769,77.6
703594034,77.5
703594136,77.7
703594008,77.6
703594028,78.0
703593920,78.1
703594011,78.0
703593891,78.0
703594109,77.9
703593973,77.8
703593885,77.8
703594083,77.9
703593984,76.2
703593896,76.4
703594091,76.3
703594163,76.4
703594007,76.5
703593937,96.1
703594019,96.1
703594164,96.1
703593965,95.8
703593889,95.6
703594093,95.8
703593968,95.6
703594088,76.2
703594184,76.5
12880426768,76.6
12880426769,76.6
12880426770,76.7
703594073,77.2
703593944,77.2
703594072,77.1
703593902,77.1
703594097,77.1
1234226142,77.6
1234226150,78.2
703593993,78.2
1234226196,78.2
1234226231,78.2
1234226222,78.1
1234226120,78.1
703594181,95.6
703594158,95.7
703594038,95.7
703593911,95.5
703594139,95.6
703594012,96.1
703593887,96.1
703593888,77.5
703594085,77.6
12880426773,77.6
12880426772,77.4
703594092,78.0
703594186,77.6
703594160,76.9
703594119,77.0
703593883,77.4
703594081,77.5
703593955,77.5
703593897,96.5
9140255686,95.9
703594062,95.8
766968775,93.4
616029551,93.8
5953000918,93.8
12920219051,93.9
428197484,94.0
5953000940,94.3
5953000939,94.4
5953000934,94.3
5953000933,94.4
5953000932,94.3
5953000931,94.2
5953000930,94.3
1055740101,93.1
1055740078,91.2
13186894437,91.2
721620251,96.8
13025695709,96.8
13025695710,96.4
721620302,95.7
13025695706,95.4
13025695708,95.4
478181172,95.3
13025695712,95.3
13025695707,95.2
13025695711,95.4
478181187,95.5
478181198,96.0
478181208,96.5
13025695713,96.2
13025695714,96.1
2333683218,74.1
13986331570,74.1
478181941,72.6
13186888104,78.2
478182536,76.6
3743254623,76.1
3743254624,77.7
478182557,78.3
7170651135,78.1
7170651134,77.7
3743254725,76.9
478182575,76.3
478182600,76.3
478182617,76.9
13329277181,77.1
13186888103,77.4
3743254726,78.7
478182647,79.8
3743254729,80.4
721620238,80.6
13186888102,80.5
478182664,79.7
3743254727,78.6
883564284,77.2
478182684,77.1
13186888101,77.2
3743254728,76.8
13186842700,77.1
478182729,77.6
13186842699,77.9
13186842698,78.4
721620213,78.4
724309062,64.2
724309063,65.0
724309064,63.7
1130642649,63.2
724309069,63.1
724309066,61.8
724309068,62.8
724309076,80.9
724309077,75.0
7147625884,73.0
7147625883,72.1
7147643985,72.1
724309080,76.4
3743254011,75.5
12184236884,74.3
12184236883,74.0
12184236882,73.7
12184236881,73.1
3743254012,72.7
721620273,97.0
13687419941,96.9
317504297,96.5
317504311,96.0
318785190,95.3
13093001982,93.1
9061645777,92.4
13687419942,91.8
6958778498,74.2
724309116,81.2
7509460573,89.8
724834748,89.8
724834628,89.2
724834730,89.1
724834610,89.1
724834576,89.0
724834670,88.9
724834769,89.0
724834647,89.0
724834618,89.0
6386680155,89.0
6386680154,88.8
6386680153,88.9
6386680152,89.3
8636712978,90.0
724834614,65.5
724834712,66.0
724834595,65.9
13676240544,65.9
724834653,66.0
13676240543,66.1
724834775,66.4
13676240542,66.7
724834754,66.9
13676240541,67.1
724834634,67.3
724834604,67.7
13676240540,68.2
479571854,68.3
13676240539,68.7
13676240547,69.3
479571852,69.4
13676240546,69.6
479571850,70.1
13676240545,70.4
479571848,70.9
14089071571,71.1
479571846,71.2
11512423569,71.3
479571831,71.4
11512399068,71.8
479571840,72.1
11512399067,72.3
11512399066,72.3
479571836,72.5
14089071563,72.6
14089071547,72.7
724834663,72.8
8711564442,72.8
479571859,66.8
724834699,67.6
724834583,68.3
724834675,69.0
724834582,69.4
724834674,69.9
724834774,70.3
724834652,70.2
724834623,69.6
724834724,69.6
317126459,44.0
14089071603,44.4
724834750,44.3
724834630,43.9
724834732,42.4
724834694,42.6
724834578,42.8
479571905,42.6
971844713,85.6
13469028458,86.1
14089071474,86.1
724834723,86.0
724834684,86.0
14089071477,85.9
14089071476,85.9
14089071478,86.2
724834784,85.8
14089071479,85.8
724834662,85.5
14089071480,85.0
724834762,84.4
724834770,83.8
724834731,82.7
724834611,81.4
724834589,80.6
13469028455,80.2
724834590,79.9
13469028456,79.6
13469028457,79.2
11512423598,79.1
11512423599,78.2
11512423597,77.8
11512423596,76.9
724834648,76.4
11512423595,75.3
13469028454,75.0
11512423594,74.4
724834749,74.3
13469028453,74.4
724834629,74.1
11512423593,73.6
724834601,73.2
11512423592,72.3
724834693,72.0
724834577,71.5
724834671,71.4
724834640,70.7
724834740,70.4
724834619,70.3
724834719,69.3
724834681,68.5
13469028448,67.5
13469028447,66.7
13469028449,66.0
724834782,65.3
13469028450,64.7
724834660,64.0
724834760,63.3
13469028451,62.0
13469028452,60.5
724834659,59.9
13469028445,58.0
13469028446,56.6
724834759,55.8
724834639,54.0
724834739,52.9
13469028443,51.6
13469028444,48.3
724834705,47.3
724834588,45.9
724834680,43.6
7273106702,42.0
724834781,41.1
724834747,39.8
724834627,36.4
317126473,35.5
13469028442,34.7
7273106701,30.8
479571663,27.6
7273106700,27.3
13469028437,27.1
9864793568,27.0
13469028436,26.6
9864793569,26.0
13469028435,25.0
9864793570,25.0
13469028434,25.6
13469028433,25.8
13469028431,25.8
13469028432,25.4
9864793571,26.3
13469028430,25.2
9864793572,25.3
9864793573,22.4
13469028422,22.0
13469028421,21.3
13469028423,21.2
9864793574,20.7
13469028425,20.7
13469028424,20.4
13469028426,20.1
13469028427,20.3
9864793575,19.8
13469028428,19.6
9864793576,18.7
317126546,17.7
317126547,12.5
3743254525,11.3
13676240548,10.4
317126548,8.2
3424401643,4.4
13469028429,4.4
3424401644,4.2
29822830,4.0
13285969569,76.5
8806174576,76.6
13612789832,76.5
13612789833,75.7
8806174575,75.4
921100317,74.5
8805786436,73.7
11647933927,73.9
724834716,74.5
13612789834,74.8
5693969939,75.1
14089071392,76.5
724834599,78.1
14089071393,78.9
13612789835,79.4
724834779,79.3
14089071394,78.8
14089071395,77.7
13612789836,76.8
13612789837,75.6
724834657,75.1
14089071396,74.7
13612789838,74.5
13612789839,73.9
724834757,72.7
13612789840,72.6
13612789841,73.3
13612789842,73.6
724834637,73.9
14089071397,74.6
724834703,75.3
724834751,76.9
724834631,79.2
14089071321,82.4
14089071320,84.8
13612789843,85.8
724834581,86.6
8079340178,87.3
724834783,87.9
724834695,89.4
724834579,89.2
726231119,87.9
13877345131,87.8
6457061463,87.9
13877345130,88.0
726231291,88.0
1235052937,88.1
8725875676,91.7
6854684001,91.7
6854684000,91.7
1241180199,91.4
582280019,91.3
1241180236,91.4
1241180194,91.3
1241180223,91.2
6856285356,92.8
10708161067,92.9
4535237790,92.9
10708161065,92.9
10708161064,92.9
10708161066,92.9
726231370,92.9
726231200,92.7
10708161061,92.7
1241180228,92.9
10708161060,92.9
726231301,92.9
10708161059,92.7
726231025,92.6
10708161058,92.7
726231246,92.7
10708161057,92.7
726231360,92.7
10708161056,92.7
726231176,92.9
4535237791,93.0
10708161042,93.0
726231285,93.1
7293012384,93.2
726231346,93.2
10708161040,93.1
1236269441,74.3
1236269297,74.3
1236269789,73.7
8805692447,73.5
1236269581,73.3
8805692448,73.5
1236269547,73.0
8805692449,73.0
1236269404,72.6
1236269369,72.3
1236269718,72.3
1235052982,71.8
1235052866,70.9
1235052926,69.9
8805692446,70.1
1235053028,69.9
1236269672,69.6
8805692444,69.6
1235052893,69.8
1236269514,70.3
1235052968,70.7
1236269479,71.5
8805692443,72.1
1235052853,72.5
8805692442,73.3
1235052916,73.8
1236269335,75.4
8805686113,76.2
1234868015,77.1
726231296,96.0
726231396,95.7
726230996,85.9
10708129468,86.0
726231244,86.1
726231358,86.2
1233039420,86.3
1233039295,86.6
726307479,5.3
726307524,4.7
726307567,3.1
726307516,6.4
726307561,5.8
726307487,5.6
10292249518,4.2
726307557,2.4
4881797783,1.9
13654251605,2.0
13654251607,2.3
13654251606,2.5
13654251602,3.3
13654251604,4.0
13654251603,2.6
10292249519,2.3
13654251601,2.6
13654251600,3.2
13654251597,3.5
13654251598,3.9
13654251599,4.3
4881797787,3.5
13654251556,3.3
13654251557,7.7
13654251559,7.9
13654251558,10.7
4881797784,10.7
13654251560,5.2
13654251561,4.8
10292249520,6.1
13654251562,7.0
4881797789,5.6
13654251563,4.0
4881797788,5.1
13654251569,4.3
13654251570,6.1
13654251571,6.1
13654251572,5.4
13654251573,4.9
13654251574,4.2
13654251568,4.3
13654251567,5.5
13654251566,6.1
4881797786,5.9
13654251564,5.0
13654251565,5.1
13654251575,8.1
13654251576,9.9
13654251577,9.5
13654251578,6.0
13654251579,4.0
13654251580,4.2
4881797790,6.0
13654251581,6.5
13654251582,4.0
13654251583,3.4
13654251584,5.2
13654251585,3.6
13654251586,6.9
13654251587,6.5
13654251588,3.1
13654251589,4.9
13654251590,5.2
4881797791,8.3
13654251591,3.4
13654251592,3.2
13654251594,3.3
13654251593,2.8
13654251595,3.2
13654251596,4.9
13654251444,3.6
4881797785,3.4
726307513,72.3
427907555,71.3
8465247405,70.3
427907556,69.1
8465247404,67.2
6407488105,65.6
427907557,64.1
9196949477,62.8
427907558,61.8
726307583,59.7
427907559,58.4
9661957855,57.3
11649941328,56.8
427907561,51.5
9196949465,50.2
427907562,49.1
12763182992,48.9
427907563,47.6
13654251341,47.0
427907564,46.6
11649941312,46.1
427907565,45.9
11649941313,46.0
427907566,46.8
427907567,47.7
9196949462,48.5
427907568,51.0
13654251421,52.4
427907569,52.9
13654251422,53.8
427907570,54.9
9196949463,56.7
427907571,58.7
427907572,59.5
9196949464,59.7
8576181729,60.3
427907573,61.3
8805686112,61.4
8805686111,61.6
4540150504,61.7
8805686110,61.7
4540150503,61.8
566340979,61.8
726307542,7.5
726307579,78.5
6813428360,78.4
726307509,78.6
8805733298,78.6
6813428358,78.5
8805733296,78.5
12887383856,78.4
8805733297,78.4
427907532,2.1
10292249503,2.3
427907533,2.4
10292249504,2.4
10292249505,4.6
10292249506,5.7
10292249507,2.5
427907534,2.4
645574913,2.3
645574917,2.2
427907535,2.2
645574916,2.8
645574915,3.3
726307502,3.1
726307544,2.0
726307588,2.2
726307563,77.8
4236742008,77.6
726307491,76.8
427907536,2.5
10292249508,2.5
10292249509,3.9
427907537,3.2
427907538,5.5
645574912,5.4
427907539,5.1
427907540,4.9
726307555,7.2
726307548,5.0
726307475,4.0
645574920,3.1
645574921,4.9
427907541,6.0
10292249510,3.1
10292249511,5.6
427907542,6.2
427907543,4.7
427907544,5.4
10292249512,6.5
645574918,5.0
10292249513,2.9
10292249514,5.2
427907545,4.2
1151836100,4.9
427907546,5.1
10292249516,1.7
427907547,1.8
427907548,2.0
1151835684,2.8
10292249517,2.9
726307586,5.8
9029214351,2.6
10292249502,2.5
10292249501,2.2
10292249500,2.0
10292249499,2.3
427907530,4.3
427907531,3.0
726909674,94.0
971406752,92.8
729440578,84.3
729440550,83.4
7855938516,88.4
729440534,80.3
766968876,79.9
729440590,79.9
5850214079,79.9
5850216321,80.4
5850216327,80.6
5850216326,81.3
729440530,81.4
12922419510,80.7
766968881,80.2
729440582,80.4
5850216320,80.3
729440533,80.1
5850216318,80.2
5563248226,91.2
6794432447,90.9
766968822,91.0
14207217316,90.9
1149427667,84.1
12505496916,85.1
13544957522,85.5
6794459591,85.4
729440552,78.4
12922419443,78.6
729440540,82.1
8851609467,77.9
729440529,79.0
4540150513,80.1
6795689983,80.0
729440548,79.7
6795689978,79.2
729440524,79.1
6794438512,89.4
14204807989,89.2
6794438494,89.1
14207217354,89.1
729440573,84.9
729440554,84.4
729440588,93.2
12920219041,93.1
1055740112,93.1
729440517,79.1
729440557,79.1
729440543,79.2
729440575,79.4
729440561,79.2
6814482069,84.6
729440592,84.5
14207217356,83.2
14207217357,82.7
5516099610,71.7
8743203529,71.7
53410316,71.8
8743203528,71.8
13266146346,75.5
13266146347,76.3
8743203547,77.3
244058962,77.4
8743203546,77.4
11402441875,78.4
8743012363,78.4
735972574,86.3
13471558675,86.4
13469070963,86.7
13471558674,86.6
735972610,86.4
13469070962,86.4
13469070960,86.3
13469070959,86.3
13469070958,86.5
13469070961,86.2
735972712,86.3
13469070957,86.1
13469070956,85.8
735972667,85.5
13469070955,85.5
13469070954,85.4
735972597,85.8
13469070952,86.4
735972639,86.8
13469070953,87.8
735972688,96.5
735972571,96.3
3743254484,96.5
3743254485,96.5
6796333387,96.5
3743254486,96.4
735972609,96.5
13469102345,96.5
13469102346,96.4
13469102347,96.3
735972706,95.9
13469102348,95.7
735972659,95.9
13469102349,96.2
13469102350,96.2
735972594,96.3
13469102351,96.0
3743254487,96.0
735972635,95.7
13469102352,95.6
13469102353,95.7
3743254488,95.7
13469102354,95.6
735972698,95.3
13471558670,95.3
3743254489,95.1
13469102343,95.1
13469102344,94.9
3743254490,94.8
735972613,94.7
13469102355,94.6
3743254491,94.6
735972683,94.2
13469102356,94.1
13469102357,94.1
13469102358,94.1
13469102359,93.9
735972605,93.8
13469102360,93.8
13469102361,93.7
13469102362,93.5
13469102363,93.3
13469102364,93.0
735972577,92.9
13469102365,92.6
13469102366,92.1
13469102367,91.8
13469102368,91.5
13469102369,91.1
735972645,90.4
13469102370,89.6
13469102371,89.3
13469102372,88.9
13469102373,88.7
735972716,87.7
13471558627,87.3
13471558628,87.1
735972704,86.9
735972624,86.7
735972600,86.7
13471558629,86.7
735972690,86.5
735972587,86.3
735972671,86.0
735972618,84.9
735972731,84.1
735972607,83.3
13469070995,81.9
735972657,81.0
735972593,80.3
735972633,79.8
735972582,78.6
13469070996,78.5
13469070999,78.5
13469070997,78.5
13469070998,78.4
13469071000,78.2
735972585,78.2
13469102308,77.9
735972611,77.5
13469102309,77.5
13471558630,77.4
13471558631,77.1
13471558633,77.0
13471558632,76.7
735972679,76.1
13471558634,75.9
735972603,75.8
13471558642,94.9
735972584,94.6
13471558643,94.2
735972619,93.6
13471558668,92.9
735972720,89.2
7170134789,90.0
13469102378,90.6
13469102377,90.9
735972626,91.2
13469102376,91.4
735972700,91.5
735972615,91.4
13469102375,91.2
735972588,90.8
13469102374,90.5
735972673,90.3
735972579,89.9
735972647,89.3
735972608,88.3
735972665,86.0
13469070993,85.7
735972573,85.6
13469070994,85.8
735972643,85.6
247688521,96.6
6283843425,97.0
3492713088,97.3
13469102301,78.1
735972724,77.7
735972675,77.5
735972601,77.3
13469102302,77.4
13469102303,77.4
13469102304,77.4
735972651,77.4
13469102305,77.3
735972590,77.3
13469102306,77.4
13469102307,77.8
735972708,78.1
8807912142,79.8
765313351,78.6
765313364,78.3
1234226184,78.3
765313382,78.3
1234226132,78.2
1234226191,78.2
1234226168,78.4
1234226156,78.6
765313377,78.9
765313341,78.9
10184841842,78.7
582292717,78.3
765313359,78.4
765313373,78.6
765313349,78.0
765313339,78.2
6814475800,78.3
765313362,78.5
766968772,78.2
6814475802,77.7
6814475801,77.8
6814475805,78.8
6814475806,79.0
765313375,79.0
765313345,79.3
765313384,77.6
765313378,76.3
765313343,76.3
2581922770,76.5
765313387,76.4
765313356,76.3
765313347,76.2
765313369,75.7
766968850,75.6
765313360,75.4
765313380,75.4
765313374,75.3
765313337,75.4
765313383,75.5
765313342,75.9
765313365,75.9
6814475807,79.1
12776926800,79.4
766968873,79.6
765313385,80.1
766968899,83.8
766968829,83.5
6814482073,81.5
766968898,78.9
766968828,78.6
766968840,78.3
766968892,78.4
10184841829,78.5
10187060758,80.8
427884335,77.8
766968857,77.8
1150141337,77.8
1150248071,78.4
766968789,80.9
766968903,80.8
766968908,79.8
766968841,79.8
766968893,80.1
766968800,88.8
12887776902,86.4
766968923,86.2
5563248231,87.1
766968885,87.3
6794450833,87.6
5563248232,91.5
766968894,92.0
5563238518,92.3
5953000938,92.7
5563238519,93.2
5563238520,93.3
13544957523,87.6
766968779,87.6
14204807971,87.4
766968915,80.9
766968768,83.2
6814475797,83.1
13050735287,83.0
766968886,83.0
766968856,84.5
766968781,85.8
766968827,86.5
766968818,83.3
13050745624,83.2
766968805,78.0
766968916,77.6
12776992617,77.6
766968808,93.5
766968918,93.3
766968846,93.0
766968771,92.9
1757653080,92.4
766968783,84.9
6794459588,84.8
766968802,79.5
1150205415,79.8
12776992602,79.8
766968826,88.7
5973753585,88.8
766968751,88.8
5973750084,88.7
5973750083,88.8
766968868,88.8
729440579,85.5
1633378895,85.7
729440516,85.8
766968794,87.2
766968865,86.5
766968809,88.1
14204826369,88.1
766968902,88.5
14207217353,88.6
6794438516,88.8
1136927443,88.9
1136927446,86.7
766968845,85.7
766968792,85.6
766968750,80.3
12922419512,80.6
12922419508,80.6
6814482074,81.7
12882360564,75.6
8851582014,75.6
766968766,75.7
1150107657,76.0
2622700021,75.5
766968793,75.5
2622700007,76.5
6814482107,76.8
6814482108,76.7
766968848,77.3
2622700000,77.5
766968855,78.0
1150107654,78.3
7454874354,79.1
6814482128,79.0
12887768689,78.7
766968780,78.8
5850216289,80.3
766968813,85.4
6794438514,85.6
6794438513,85.9
14207217338,86.4
766968926,86.6
766968851,86.8
14207217342,86.9
14207217341,87.1
766968819,87.1
14207217340,87.2
14207217339,87.2
766968745,87.7
766968860,88.2
766968788,88.5
766968833,89.0
766968757,89.2
766968849,93.6
1124349782,94.2
766968853,81.2
13050745602,81.2
12887768693,81.3
766968778,81.6
766968746,81.9
766968862,82.1
766968791,82.3
1145051185,82.4
5850216324,82.3
766968835,82.1
5850216323,81.8
766968759,82.0
5850216322,82.0
766968875,82.1
4540150514,82.7
12887383882,82.8
5850214076,82.3
5850216325,82.2
766968879,81.7
766968832,83.4
10184841836,83.5
6814475798,84.4
766968755,84.7
766968877,85.0
5960541926,87.5
766968825,88.2
1136939816,88.6
1136939779,88.6
1136939807,87.8
766968749,88.1
766968763,79.9
5850214082,79.9
5850214081,79.6
766968847,79.8
766968900,79.6
766968814,90.2
1137743961,90.2
766968866,90.8
766968764,90.5
766968795,85.5
766968919,80.4
7454874337,80.4
5850216319,80.4
766968891,80.4
729440523,80.4
13260446854,80.4
766968838,88.5
971371212,88.8
1143363729,87.5
766968807,87.6
5850216328,80.3
13260446855,80.4
13198544563,85.4
13025695801,85.9
767590985,87.0
13025695802,88.1
13198544564,88.3
13025695803,88.6
767590992,89.0
13025695805,89.2
13198544561,89.2
13025695804,89.4
13198544562,89.5
13025695806,89.5
767591000,89.7
13025695807,90.3
13025695808,90.4
767591009,90.9
676620060,90.8
773141692,56.4
773141980,56.2
4452707618,69.6
9195960296,70.7
9195960316,70.6
9195994132,71.9
2178565070,72.0
9195994126,72.0
773141777,72.0
773141739,54.5
773141706,53.1
773141973,67.6
773141768,67.4
9196949096,67.2
9196948997,66.7
773142060,66.6
9196948996,66.3
2417322746,65.9
773141863,65.6
9196948995,65.3
9197280641,64.6
773141710,64.3
9196949048,64.2
9196949257,64.1
773141997,63.9
773141792,62.5
773142086,62.0
9196949062,61.7
9196949209,61.2
773141725,61.2
9196949196,61.1
9196949195,61.0
9196949194,60.5
773142014,60.3
773141811,59.6
773141797,59.5
9197280637,59.1
773142090,59.2
9196949231,58.9
773141895,58.3
773141737,57.8
9196949268,57.5
773142025,57.3
9196949269,57.9
9196949270,58.1
9196949271,58.2
773141825,58.0
773141847,57.5
9196949281,57.3
9196949267,57.1
9196949514,56.4
773141790,52.8
9196949310,53.7
773142084,53.5
773141717,69.9
9196948986,69.8
773142076,69.8
9196948985,69.7
9196948984,69.3
9196948983,69.1
9196948988,69.1
773141882,69.2
9196948987,68.9
773141727,68.8
773141680,53.0
9196949435,54.7
9196949434,55.2
9196949433,56.1
773141776,57.0
773142011,57.8
9196949431,58.2
9196949432,59.0
9196949405,59.6
773141808,60.4
773142102,60.0
9196949406,60.5
9196949407,60.1
9196949408,60.4
9196949409,59.9
9196949410,59.9
9196949383,59.5
773141893,60.4
773141736,60.7
773141896,55.3
773141742,60.5
773142029,60.5
773141701,69.4
9196949074,69.6
773141857,69.7
773142055,70.0
9196948994,70.0
773141763,69.9
773141957,69.8
773141681,69.4
773142030,69.1
773141831,69.1
9197280640,68.7
773142110,67.9
773142113,68.9
773142021,68.3
2413909617,68.2
2413909615,68.1
2413909683,67.6
2413909693,67.5
2413909689,66.9
2413909666,66.6
2413909646,66.3
2413909561,66.0
2413909675,65.9
2413909572,65.7
9196949003,65.3
9196949002,64.6
9196948999,64.4
2413909588,64.1
2413909546,63.9
9196948943,63.4
2413909635,63.3
2413909700,61.4
773141917,61.8
9196949049,62.1
773141744,62.2
9196949261,62.5
2413909556,62.4
2417304624,61.7
773142062,68.4
773141986,68.3
9196948982,68.3
9196948981,68.4
773141783,68.3
773142015,67.9
773141813,67.7
773142105,67.1
9196949471,67.0
9196948945,66.9
773141953,66.8
9196948947,66.9
9196948946,66.9
773141761,66.7
773142051,66.3
773141854,66.2
9196948948,66.0
773141698,65.8
773141949,65.7
773141994,52.7
773141711,52.2
12763182990,47.8
2417304627,64.2
773141687,64.3
773141972,64.1
773141767,63.7
773142058,63.2
773141860,63.2
773141708,63.0
773141995,62.8
773141720,62.8
773142008,62.8
9196949060,63.0
9196949061,63.2
9196949059,63.4
9196949058,63.6
9196949053,63.6
9196949057,63.7
9196949056,63.6
9196949055,63.7
9196949054,63.6
9196949186,63.5
9196949052,63.4
9196949051,63.2
9196949050,63.0
9196949185,63.0
2413909564,62.1
773141803,54.1
773142096,59.1
773142038,67.7
773141838,67.5
773141775,56.2
773142068,56.1
773141875,56.2
773141721,56.2
9196949329,56.2
773142009,56.0
773141890,56.1
773141734,56.1
773142022,55.9
773141820,56.2
773142112,56.0
773141947,56.1
773141755,56.0
773142047,55.6
9196949452,56.0
773141999,56.5
9196949393,56.9
9196949353,56.5
9197280635,56.1
9196949438,55.8
9196949544,55.7
9196949390,55.7
9196949389,55.9
9196949388,55.8
773141686,55.6
9196949397,54.8
773142048,54.7
773141848,55.4
9197280633,55.8
773141693,55.9
9196949430,57.4
773142069,57.5
773141876,57.3
773141722,57.8
9196949354,57.9
9196949411,59.8
9197280642,60.3
9196949385,60.9
9196949426,60.9
9196949425,60.1
9196949386,59.9
9196949387,60.1
773141685,53.9
773141904,53.7
773142095,53.3
773141729,52.9
773141884,52.5
9196949189,52.5
9196949222,52.6
9196949188,53.0
773142080,53.9
773141786,53.9
773141989,54.0
773141700,54.0
773141856,53.9
773142053,55.1
773141844,55.8
9196949145,55.7
773142044,55.6
9196949144,55.8
9196949143,56.2
773141752,56.7
773141939,57.2
773142109,57.4
773141818,58.3
773142019,58.6
773141732,58.7
773141802,58.5
773142005,58.4
773141716,58.3
773141870,58.6
773142066,58.9
773141773,59.7
9196949021,60.6
773141758,52.9
9196949163,53.6
9196949332,55.9
773142024,61.0
773142081,61.5
773141824,62.7
773142115,63.7
9196948941,64.1
9196948940,64.8
9196948939,65.4
773141912,60.7
9196949396,60.4
773141806,52.9
773142100,52.8
773141812,72.1
9196949473,72.4
773142092,68.8
9196948991,66.8
773141769,66.5
773141830,59.3
9196949307,60.0
9196949308,59.7
773141750,59.6
773142042,59.4
773141841,58.9
9196949338,58.8
773141689,58.4
9196949334,58.1
9196949335,57.3
9196949333,56.9
9196949336,56.5
773141699,55.4
773141987,54.9
773141784,54.1
773141846,52.2
773141836,53.6
9196949237,53.0
9196949531,52.6
773141862,52.6
9196949239,52.1
773141709,51.6
9196949238,50.9
9196949240,50.7
9196949241,50.7
9196949298,50.6
773141996,50.7
773141791,50.9
9196949299,51.3
9196949244,51.5
9196949243,51.9
773142085,52.2
773141746,53.1
9196949311,56.7
9196949312,57.2
9196949313,57.4
9196949314,57.9
9196949315,58.1
9196949316,58.1
9196949317,58.3
9196949318,58.5
9196949319,58.5
9196949320,59.5
9196949321,58.8
9196949322,58.9
9196949323,58.8
9196949324,59.2
9196949325,59.3
9196949326,59.7
9196949327,60.2
9196949328,60.7
773141891,61.2
9196949300,61.2
773142088,61.5
773141796,61.9
773142000,62.1
773141874,62.2
773142067,61.7
773141774,61.1
773141979,60.4
9196949513,60.0
9196949416,54.4
9196949429,54.5
9196949428,54.1
9196949427,53.2
9196949361,53.7
9196949360,53.4
9196949359,52.8
9196949358,52.6
9196949357,52.2
9196949356,52.9
9196949355,52.9
773141741,53.0
773142027,53.4
9196949460,53.5
773141828,53.0
9196949459,52.8
9196949458,52.5
9197280645,51.8
773141955,51.6
773141762,51.8
773142052,51.2
773141855,51.1
773141772,50.9
773142065,51.3
773141869,50.6
773141715,50.7
9196949457,49.5
9196949456,48.7
773142004,49.2
9196949455,49.0
773141801,49.6
773142094,50.2
773141902,51.0
773142106,50.8
773141933,50.6
773141749,51.2
773141704,52.0
773141993,52.3
773141789,52.4
773142083,52.2
773141886,52.5
9196948949,66.9
9196948950,67.1
773142031,67.1
773141832,67.8
773141682,67.7
773141959,67.8
773141764,68.3
773141868,68.4
773141714,68.5
773142003,68.7
9196948936,68.9
773141800,68.9
9196948993,69.0
4452686283,68.9
9196948992,68.8
773141770,68.8
773142061,68.7
773141864,69.3
773141780,69.4
773142072,69.6
773141921,52.9
9196949242,53.0
773142034,53.6
9196949529,53.5
9196949236,53.7
773141963,54.5
773142049,54.7
773141850,54.8
773141695,55.6
9196949160,55.6
773141983,55.7
9196949152,56.2
773141779,56.3
773142071,56.7
9196949019,57.7
2413909570,58.3
9196949140,58.7
773141878,58.7
9196949018,59.6
9196949017,59.9
2417322742,60.6
9196949470,60.5
9196949044,60.3
773141724,60.0
9196949043,60.2
773142089,60.6
9196949042,60.7
773141977,60.7
9196949020,60.5
773146975,84.1
773146999,83.9
773146979,83.8
773146998,83.7
773146997,83.6
773146981,84.3
773147005,85.3
773147001,87.1
773146985,86.1
773146995,85.8
773146978,85.1
773147002,84.6
773146987,84.6
1236269588,75.7
6363357696,75.7
773146994,75.6
10187060927,75.5
6363357697,74.9
6363357698,75.1
10187060928,75.0
773146977,75.0
6363357695,76.5
773147013,78.2
6967348624,83.9
6967348625,83.6
773147004,83.4
773146990,83.9
773146982,85.6
773147006,86.0
773147003,85.0
773147000,90.0
14204826338,90.9
14204826379,91.0
9196948930,73.8
971082702,92.3
9727953694,91.3
774410949,90.7
774410972,90.7
6091768224,90.7
774410964,90.8
7455127685,90.5
774410923,90.1
5767392997,90.4
6074341083,86.5
774410947,86.5
6074341069,86.8
6074341057,87.0
774410932,87.3
774410962,87.5
6763082336,87.6
6763082337,87.9
774410955,88.6
774410921,89.6
7455094874,89.8
9727953696,89.9
6580337733,90.2
9727953695,90.3
774410956,90.6
6752586963,88.7
6074342293,88.8
6074342303,89.1
6074341045,89.2
6074342304,89.2
9289231175,90.0
8805991660,90.2
783668047,80.3
783668032,80.3
12884215010,79.9
1231226347,80.0
783668107,79.2
1231226465,78.8
1231226451,78.1
1231226453,78.0
10705671613,85.0
1234351348,84.6
1234351383,83.5
783668061,85.8
783668081,84.5
783668049,83.8
6232041236,83.6
783668069,83.5
10086088850,83.1
783668054,82.8
10086088851,82.6
783668038,82.3
783668035,82.0
783668147,81.7
783668129,81.2
783668116,81.2
1234351379,81.2
1233278089,81.1
783668102,81.1
1234351356,81.1
783668088,81.1
783668105,81.0
783668093,79.9
783668066,80.3
2031219463,80.5
783668130,80.9
783668114,80.5
783668011,79.8
10705671614,85.1
1234351343,84.3
1234351387,83.6
1234351410,83.3
783668145,83.2
783668128,82.6
783668037,82.6
783668164,82.0
3743254580,72.5
7170134820,72.7
783668015,73.4
7170134819,73.7
7170134818,73.9
8812859378,73.9
8812859380,74.0
8812859379,74.0
7170134817,74.2
8812859381,74.3
8812859377,74.4
783668159,74.5
14019642453,74.6
12806589316,74.8
783668144,75.3
783668126,75.8
783668111,76.2
783668098,76.6
9532470782,76.8
783668048,76.7
783668033,76.9
783668017,77.2
783668161,77.7
783668068,78.2
783668036,78.2
783668019,78.6
783668127,78.9
14019619170,79.3
783668112,79.4
8199123186,79.4
7170134816,79.7
783668099,80.0
783668084,80.9
783668101,81.6
6232041283,82.1
783668087,82.2
6232041284,82.3
6232041281,82.4
6232057485,82.4
6232057487,82.4
6232041280,82.5
6232057486,82.6
783668072,82.6
6232041279,82.7
6232041278,82.9
6232041277,83.2
783668055,83.3
6232041276,83.6
6232041275,83.9
6232041274,84.2
783668163,84.6
6232041273,84.8
14065063793,84.9
783668131,84.9
6232041272,85.2
783668115,85.3
783668133,85.6
783668119,85.9
783668104,86.0
783668090,86.3
783668040,87.0
14047430895,87.2
783668023,87.3
6232041271,87.4
6232041270,87.6
6232041269,87.4
783668039,82.0
783668018,82.1
10086088849,83.5
783668100,82.4
783668089,83.7
1231226422,80.0
12884215036,80.0
10698571281,80.3
10086088884,81.1
783668082,86.7
783668103,84.2
783668075,83.2
783668021,81.9
1233174527,81.6
1234351319,81.9
1234351341,82.9
1234351389,84.4
1231496344,81.7
783668022,81.2
10086088883,81.2
783668053,81.8
1231496354,81.8
783668010,87.9
783669212,87.9
14065063792,88.0
6232041250,88.0
783669210,88.1
6232041249,88.1
783669209,88.2
6232041248,88.4
6232041247,88.8
11206931620,89.2
783669206,89.0
3478231804,87.4
2897992436,87.2
790708864,45.7
1700458375,45.6
12624622420,45.6
1700458383,45.7
5051070684,90.5
6415149304,90.5
14207217306,90.5
878206757,90.5
14207217305,90.6
878206758,90.4
971037819,90.9
616029843,91.0
11310850691,90.9
6417091544,90.8
6328178723,90.7
14016141489,90.6
6328178717,90.6
10997917927,88.2
3478231671,88.1
10997917928,88.1
3478231670,88.1
10997917939,88.1
8633288626,87.0
11251379137,86.9
577452959,84.6
577452960,78.0
8632617982,74.0
8632617983,73.3
11310701997,62.2
11310701998,59.0
577452977,57.4
347317455,43.3
8636706765,90.8
11251311203,90.7
6386674498,89.0
582268741,88.2
6949401873,89.9
8740733731,89.9
501552453,92.9
11099809652,94.0
3478231593,93.8
11099809650,93.5
13266146352,84.1
244085802,83.7
8740733778,83.2
11099809637,72.0
8710874578,72.0
3743254590,72.0
8487320321,70.2
1684266495,78.6
8805711930,69.1
8487320327,68.9
879369081,68.7
8487320322,68.6
879369105,68.6
8487320323,68.8
879369087,68.9
6434652734,69.1
8805692441,69.4
8487320325,69.5
8487320326,69.8
246157806,70.0
10997917930,88.0
3478231666,88.0
10997917940,87.9
3478231665,87.8
10997917931,87.8
243953024,87.7
246157799,67.7
6232057577,67.8
6232057576,68.0
8487320328,68.1
6434652742,68.1
6232057575,68.1
6232057574,68.1
6232057573,68.1
8487320317,68.1
879369091,68.1
8487299916,68.1
879369092,68.1
8487320318,68.2
4697362526,68.3
8487320320,68.4
6232057586,68.6
8487320319,68.8
879369083,69.2
7539454702,71.1
10997917932,87.7
9181468651,69.0
6232057581,68.7
6232057580,68.5
879369124,68.4
6232057584,68.6
6232057582,68.8
6232057583,69.3
1684266494,69.6
8487320329,67.9
879369138,68.9
11139771382,17.2
8748535266,19.4
26046317,18.4
349916360,14.9
883564289,75.3
883564429,78.9
883564406,78.7
3743254013,72.5
883564409,72.5
12184236889,73.2
883564396,73.2
7170651133,73.3
883564316,72.8
12184236890,72.8
883564298,72.7
7170651137,73.0
7170651136,73.7
883564368,73.8
3743254014,74.4
9463756241,86.5
469415772,85.1
6933731928,86.9
317125586,88.3
1682511183,88.3
1682511179,88.7
1151836110,89.0
3743254221,89.3
317504207,88.7
3743254222,88.8
317504208,88.1
3743254223,87.9
317504209,87.9
11554592955,87.4
3743254224,87.1
11554592956,86.7
11554592957,86.3
317504210,86.1
3743254425,85.4
9867110816,84.7
317504211,83.0
11554592958,82.8
317504212,82.1
3743254426,81.5
317504213,79.9
317504214,79.0
3743254427,78.3
11554592959,78.0
11554592960,77.3
317504215,77.2
317504216,76.0
11554592961,75.3
11554592962,75.0
317504217,74.6
11554592963,74.7
13198544576,74.6
317504218,74.6
317504219,73.5
317504220,72.7
317504221,72.1
13198544575,71.4
11554592965,70.9
11554592964,70.4
3743254429,70.1
317504222,69.7
12806866928,101.2
12806866930,101.1
12806866931,100.9
12806866932,100.6
12805251411,100.5
12922520554,100.5
1041938472,98.5
10225457069,87.9
10225457070,87.4
317125584,87.4
317125580,86.8
10225457072,86.5
10225457071,86.6
317125579,86.4
10225457073,85.8
317125577,85.5
13250504308,85.1
3743254541,96.5
317504923,96.2
244346770,95.7
10208273333,95.1
244346776,95.0
767590991,95.0
767591006,95.3
3743254542,95.7
244346781,95.4
3743254544,94.7
3743254546,93.2
244346786,92.9
3743254547,92.4
3743254548,91.5
3743254549,91.2
244346792,90.9
3743254550,90.1
244346798,89.4
3743254551,88.7
3743254552,88.5
3743254553,88.3
3743254554,88.2
244346804,88.3
3743254556,88.3
244346809,89.4
3743254557,90.2
3743254558,90.4
244346815,90.5
3743254559,90.2
3743254560,90.1
244346821,90.3
3743254561,90.8
244346826,91.7
244513671,92.7
616029935,96.4
13285994406,96.1
3492713196,95.7
13285994407,95.4
3492713198,94.9
13285994408,94.2
3492713199,93.4
13285994376,92.4
13285994373,92.0
255473972,97.6
14005372226,97.6
10538624174,97.4
6386834102,96.8
9029126724,96.4
6960981061,96.4
616029931,96.4
13250504343,92.1
13250504342,91.5
13250504341,90.9
317124773,89.9
13198544583,88.4
317124774,88.1
7017725859,88.0
13469102310,75.1
13469102313,75.1
13469102312,75.2
7170134790,75.3
13469102314,75.5
13469102311,75.7
336921065,75.7
13469102315,75.3
13469102316,74.9
8805786435,74.7
13469102317,74.6
317124826,94.8
13025695752,94.6
317124827,94.5
13025695754,94.2
13025695753,94.1
317124828,94.2
13198544582,94.3
3743254460,94.0
13198544579,93.9
13025695755,93.9
317124829,93.8
13198544581,93.5
3743254472,93.3
13198544580,93.3
317124830,93.1
317124831,93.0
317124832,92.8
317124833,92.4
13025695756,92.3
317124834,92.0
13025695757,92.5
317124835,92.5
317124836,92.1
13025695758,91.8
13025695759,91.4
13025695760,91.9
13025695761,91.8
317124837,91.8
317124838,91.7
13025695762,91.8
317124840,92.8
3743254442,93.1
13025695763,93.1
13025695764,93.0
13025695765,93.1
318550378,93.2
3743254450,92.6
318550379,92.4
318550380,92.6
13025695766,92.9
13025695767,93.1
13025695768,92.5
13025695769,92.1
13025695770,92.0
13469607166,91.9
3743254443,92.0
3743254461,92.3
318550381,92.3
318550382,92.6
3743254462,92.5
13025695771,92.5
3743254444,92.6
13025695772,92.4
318550383,92.2
318550384,92.0
13025695773,92.2
13025695774,92.3
3743254451,92.7
13025695775,92.9
13025695776,92.5
13025695777,92.8
3743254452,92.9
13025695778,93.1
13025695779,93.4
13025695780,93.3
318550385,93.2
3743254445,93.6
13025695781,93.6
3743254446,93.9
318550386,94.0
318550387,93.8
318550388,93.2
3743254447,92.6
3743254448,91.1
318550389,90.7
318550390,90.4
318550391,90.4
13025695782,89.7
3743254449,88.9
3743254463,88.0
318550395,87.7
3743254455,87.1
3743254458,87.2
318550396,87.1
13025695783,87.1
3743254459,87.2
318550397,87.1
13469607170,87.3
13025695784,87.4
13469607169,87.3
13469607168,87.2
13469607167,87.2
13025695785,87.4
3743254456,87.7
13025695786,88.0
318550399,89.2
318550400,90.2
3743254453,91.3
318550402,91.8
11142096470,90.6
6933731864,90.6
3743253782,90.8
8762121934,93.4
243953041,93.5
13093001980,93.6
317504855,91.5
13093088250,91.2
428218872,90.9
13093088249,90.7
13093088282,89.0
428218873,88.9
13093088281,88.7
13097016020,77.9
317125465,73.1
317125468,71.2
317125475,70.7
317125480,70.6
9463756240,70.2
317125485,69.7
13654061222,66.4
3743253809,67.1
317504233,67.4
3743253810,67.5
3743253811,67.4
13687441363,67.0
3743254214,67.2
13250504354,67.4
317504234,67.1
317504235,66.5
3743254215,65.8
317504236,65.7
317504237,65.7
3743253812,66.0
3743253813,66.6
13250504338,67.1
317504238,69.2
3743253814,69.9
317504239,70.9
3743253815,70.6
317504240,70.6
13250504337,70.6
11512387714,70.7
11512387715,71.3
13250504335,71.4
11512387716,71.9
317504241,72.5
13250504336,72.5
3743253816,72.4
317504242,71.7
317504243,72.0
317504244,72.6
3743254216,73.4
317504246,73.5
3743253818,73.4
13198544590,73.2
3743253819,73.3
13198544591,73.5
3743253820,73.7
317504248,74.0
3743253821,74.6
3743253822,75.0
3743253823,75.9
317504249,76.4
3743253824,77.4
3743254217,77.1
317504250,77.9
3743253925,78.5
3743253926,78.1
317504251,77.4
3743253927,77.3
317504252,76.3
13198544589,76.3
11512387708,76.5
3743253928,77.1
3743253929,77.6
3743253930,77.7
3743253931,77.3
3743253932,76.8
3743253933,76.2
3743254016,84.4
317125572,83.8
3743254017,82.8
3743254018,82.1
317125556,82.1
3743254019,81.5
3743254020,81.0
317125553,80.4
3743254021,79.9
13250504353,79.8
317125552,79.8
317125550,79.6
317125549,79.4
317125535,78.9
317125530,76.9
317125528,76.1
317125523,75.1
3743254023,74.2
317125522,73.5
317125512,73.2
3743254024,73.1
317125511,72.7
11512387756,72.2
317125502,71.8
317125487,70.6
13687441368,69.3
428236352,77.1
1236269266,76.5
10187060926,75.6
4540150505,73.5
9196948929,73.5
52715424,73.7
10187060765,77.4
5354820398,77.4
1140372431,77.3
428236351,77.2
10187060799,76.9
10187060800,77.0
1140372428,76.9
2031213249,82.2
12060113212,82.2
12887391103,81.4
6434281390,81.3
428236273,81.1
1144960463,80.6
12887383899,80.1
12887391117,79.3
26046204,88.5
4306752961,88.4
6386680158,88.4
8805991649,86.6
14057506774,86.7
298548950,86.8
3477055865,91.4
6417091568,91.6
3477055850,91.7
28979454,91.1
767591016,90.7
4560896928,85.1
3478231809,85.0
28979434,85.6
676620365,86.3
3478231805,86.8
246157829,97.4
1041939628,97.3
12805251477,97.4
6940315870,97.4
6235707998,84.9
6235708041,84.8
6235708017,84.8
6235708016,84.8
6235708014,84.8
6235708004,84.9
6235708006,84.9
10583228918,84.9
6235708008,84.9
6235708010,84.8
6235708012,84.8
6235708002,85.6
1760323483,85.6
9532470792,86.8
9532470779,86.5
9532470780,86.3
11032458766,86.1
14208195072,86.2
3075907249,86.2
2629318702,86.5
3075830119,86.8
2629318697,85.8
14208195082,85.6
3075907246,85.4
8487299915,85.3
2629318698,84.9
3075830118,84.6
10309733001,84.0
724834573,83.2
13469070928,83.7
13469070929,84.2
13469070930,85.3
13469070931,85.6
923120453,86.4
13469070932,87.0
13469070933,87.5
13469070934,87.7
923120444,88.2
923120442,89.0
923120456,89.1
13469070935,89.6
923120460,90.0
13469070936,91.2
955335887,67.8
955335856,64.8
955335822,56.7
955335872,51.6
955335836,47.0
955335843,41.9
955335814,38.8
955335874,37.6
336921196,32.7
955335816,25.3
336921205,20.6
955335854,15.6
955335885,11.7
955335820,8.5
7455006145,86.9
7455006146,86.9
971946304,87.0
626086960,86.4
626086958,86.0
626086957,85.8
2632826040,85.5
8805733257,85.3
8805733258,84.9
626086956,84.7
626086955,84.4
5976127592,83.7
12887768647,80.1
8807417024,80.0
4117213465,82.0
971076258,82.4
11417928259,82.7
3477055867,83.0
971076336,83.5
11417928260,83.9
971082684,86.0
971082707,86.0
13236349439,85.9
13236349434,85.8
13236349435,85.6
14057506782,85.6
14057506781,85.5
13236349436,86.0
13236349437,85.7
971096767,83.0
971096800,83.1
971096680,82.9
971096691,82.9
971096732,82.9
4249463679,82.9
971096741,82.9
971096717,82.0
971096702,82.1
971096675,81.6
971096705,82.1
971096743,82.2
971096796,86.6
971096684,85.9
9463756250,86.1
971096742,84.2
971096694,82.8
8660115573,82.5
8660115574,82.5
8660115575,82.5
971096725,82.5
971096792,82.6
8660115564,82.6
8660115565,82.5
8660115566,82.5
971096678,82.5
971096709,82.5
8660115567,82.5
8660115568,82.5
8660115569,82.4
971096739,82.4
971096720,82.4
8660115570,82.4
8660115571,82.4
8660115572,82.4
971096751,82.4
971096787,82.5
971096755,76.7
971096676,76.3
971096706,75.0
971096735,74.0
971096789,82.3
971096780,82.0
1235353103,81.7
1235353116,81.4
1235353144,80.9
1235353121,80.4
1235353148,79.6
1235353152,79.0
1235353122,78.7
1235353104,78.5
1235353126,78.7
1235353145,79.0
1235353112,78.8
1235353149,78.7
1235353117,79.1
1235353146,78.4
1235353123,77.9
1235353150,77.8
1235353108,77.2
971096765,82.6
971096692,82.7
971096798,82.1
971096685,82.2
971944389,83.1
971944400,84.1
971944405,83.5
971096805,82.6
971944402,82.5
971944392,82.5
971944383,82.3
971096713,82.1
971096723,86.8
971096738,86.8
971096762,86.8
971096753,82.1
971096813,86.8
627860690,80.1
5850510727,79.5
13382561654,79.3
254241514,77.6
971037837,75.3
13382561653,74.9
1315815643,74.5
971100007,86.8
971099992,85.9
971099994,83.0
971099997,83.2
971938120,82.4
971096803,85.2
1237905980,67.0
971103518,66.3
1237905902,65.5
5335496443,64.8
971103542,63.7
1237906099,63.3
971103524,62.9
971103548,62.4
1237906012,62.4
1237905944,62.4
971103536,62.4
1237905928,62.5
971103519,62.6
1237906148,62.7
1237905925,63.2
971103544,63.5
1237906112,64.7
971103528,65.1
8806197919,74.7
971114085,75.6
10229664768,76.2
971114080,76.7
10229664767,77.2
6299650891,77.5
6299650885,77.8
8805693573,78.3
971114086,78.8
1040131075,79.4
3477055871,79.6
11051376897,79.8
10229648896,79.8
10229648889,80.0
971121479,88.8
971128724,84.8
971128731,84.9
14204807955,84.7
14204826389,84.8
971128723,84.8
14204807957,84.2
971128743,84.2
14204826308,83.9
14204826325,84.5
971128717,84.7
971128739,84.3
14204826350,84.0
971128738,84.0
14204826383,84.6
7451255950,83.4
971131424,83.7
6874596207,83.9
971130641,83.9
6407389706,84.0
6407396825,84.3
971128744,84.3
6358839804,84.3
12774260106,84.7
971137143,84.7
14179670112,85.2
14179670111,85.2
14179670110,85.2
14179670104,85.2
971129579,85.4
971129567,85.4
971129571,85.4
5850510738,85.4
971129552,85.4
971129574,85.5
9727953699,85.4
971129562,85.2
5850510739,85.3
971129587,85.4
971129551,85.3
971129578,85.4
971129561,85.5
5767392982,85.5
971154165,86.5
971154179,86.6
971129549,87.0
971129564,85.5
971129555,85.5
971129575,85.4
6074341030,85.5
8806197948,84.0
971129580,83.8
971576282,84.9
971130638,84.9
971136001,86.1
971135992,84.6
971136077,83.6
971131433,84.7
971128720,85.0
971130640,85.4
971576303,85.4
971132966,85.3
428089222,85.0
428089229,84.9
971130637,85.0
971082644,84.7
971132964,83.8
971132960,83.7
971132953,84.9
971130629,84.8
971136051,86.1
971136029,86.1
971135976,86.6
971136057,86.0
6358838864,86.1
6358838865,86.1
971136036,86.1
971136047,86.0
13236349440,85.6
13236349442,85.1
13236349441,85.4
7451255951,85.2
14028357868,84.0
14028357869,84.0
14209842825,83.9
971140536,84.3
971140541,83.4
971154192,85.4
971154181,85.4
971154156,85.5
971154183,86.4
971154189,86.5
971154160,86.5
971154185,86.3
6814481993,76.9
971300544,77.0
12922419460,77.1
12922419454,77.2
12922419461,77.3
12922419462,77.4
660057049,77.5
766968836,77.8
765313358,77.7
12922419507,84.0
12922419504,84.0
971950129,87.8
5777925892,87.9
971946311,88.1
971946324,88.1
5976127604,88.2
971950139,88.2
971927965,88.2
307349257,89.2
307349256,88.7
971076208,88.9
307349255,88.6
307349258,88.9
971950160,89.3
5777925897,88.6
12891953129,88.3
971950144,88.2
971950131,88.2
971946299,88.3
971946322,88.2
971950158,88.0
971950135,88.0
971949122,87.7
971949116,86.2
12891953128,85.9
971357735,85.8
5973750034,85.8
971357687,85.8
971357763,85.8
971357844,85.8
971357859,85.8
971076219,85.8
2632826038,85.8
427893050,85.8
971357822,85.9
971357761,85.9
971357842,85.9
971357916,85.8
2632826039,85.8
7455006123,85.9
971949110,86.0
427893043,86.0
971076372,86.9
971949125,87.7
971371128,89.5
5973753588,89.4
7455006136,89.5
971371249,89.5
971371119,89.5
971371181,89.5
971371234,89.5
971371107,89.5
971371169,89.4
971371224,89.4
971371085,89.5
971371152,89.4
971371127,89.5
971371188,89.5
971654208,89.5
971371246,89.5
971654108,89.4
971371118,89.5
971371180,89.4
7455006094,89.4
971654171,89.5
971371103,88.8
971371164,88.8
971371083,88.8
971371150,88.8
971371198,89.4
971371255,89.4
971371125,89.4
971371187,89.5
971371244,89.5
971371116,89.4
971371177,89.4
971371229,89.5
971371093,89.4
971371157,89.3
971371206,89.5
971371079,89.5
971371135,89.5
971371089,89.5
971371153,89.5
971654192,89.5
971371203,89.5
971371076,89.5
971371131,89.5
12891953126,89.5
971371162,89.4
6327748706,89.5
8660115548,89.4
971371245,89.0
971371117,89.2
971371178,89.5
971371231,89.6
971371099,89.6
971371160,89.4
971371210,89.4
971371082,88.3
971371138,88.3
971654100,89.2
971654200,89.2
971654083,89.5
971654103,89.5
971654203,89.5
971654236,89.5
971654177,89.5
971654215,89.4
971654230,88.1
971654138,89.3
971654161,89.2
971654094,89.3
971654115,89.3
971654162,89.4
971654204,89.4
971654116,89.0
971371133,89.0
971371193,88.7
971371250,89.6
971371120,89.6
971371183,89.5
971371237,89.5
971371109,89.4
2226989306,89.5
1137751389,89.6
971371061,89.5
1137750527,89.6
1137750507,89.5
12891877198,89.5
12891877199,89.5
12891877200,89.5
12891877197,89.6
12891953104,89.7
12891877194,89.6
12891877193,89.5
12891877196,89.5
12891953101,89.3
12891953102,89.4
12891877195,89.5
1137750512,89.5
1137750513,89.6
971410717,94.0
971410740,93.8
1120779958,93.4
971410737,93.3
971410743,93.1
971410722,93.1
13544957513,93.0
971410734,93.0
1120780114,93.0
1120779950,92.7
1120780014,92.0
1124349763,92.0
1120780093,92.0
11002164439,92.0
14005372161,92.0
11002164436,92.0
971410745,92.8
971430735,94.1
971430787,94.0
971430789,94.0
3759800158,94.0
971430865,94.0
7855938504,86.6
14093555138,86.7
14179670126,86.8
1037521116,88.2
5295101430,89.1
1037521122,89.3
971430768,90.2
971430846,90.2
11002164438,92.0
11002164437,91.9
1120779932,91.9
971430798,93.8
11002164477,93.8
11002164476,93.9
971430783,93.6
971430733,93.5
12895360788,93.4
971459976,93.2
971430759,94.1
971430845,94.6
6336549677,95.0
1034904902,95.0
384146094,95.0
5850072991,96.0
1148531378,96.0
1148531376,96.0
12920219050,95.9
5850072992,95.8
2144269950,96.8
12837509659,96.7
1034904166,96.7
1034822313,96.7
1034904915,97.0
2144269951,97.1
298548958,86.2
971159388,86.7
971135994,87.3
774410953,84.9
774410943,84.9
774410971,85.0
774410958,84.6
9198044679,84.6
9198044678,83.9
307349279,84.3
307349276,84.0
971076260,83.9
971076221,83.8
971076156,83.7
971076191,83.8
307349275,83.7
971501889,83.8
971501879,84.0
14179670256,84.0
971501893,84.1
971501896,84.0
971501876,84.2
971501881,84.2
971501885,84.3
971501895,84.3
971487844,84.4
971510475,85.3
971510473,85.5
971510472,85.5
1058404605,85.5
13535886773,87.2
13535886772,85.5
971603030,90.7
1633378787,90.6
971603098,89.4
971602892,86.6
971603016,87.3
5973753606,91.0
5973753604,91.0
5973753609,91.1
5973753610,90.8
971606338,90.8
971606341,90.6
971606357,90.5
971606337,90.4
971606354,90.1
971606333,88.1
971606356,88.0
2317418540,87.9
6328181140,91.6
13285994345,91.5
254242340,91.3
6417091528,91.3
6417091525,91.3
13285994326,91.1
13285994325,88.4
8807516012,87.7
8807516007,86.2
8807515994,85.4
13285994324,85.0
13285994322,82.5
8806174566,82.4
2629255268,82.2
27699307,82.0
677596699,81.1
13050745656,84.3
971927953,84.3
971938150,83.5
971938132,85.2
971938118,85.5
971938161,85.7
972873187,94.1
972873206,94.7
1034904119,94.1
1060937841,94.1
9324463817,94.8
972873311,95.0
973434665,91.5
12674019055,91.5
973434678,91.5
973434681,91.5
973434684,91.4
973434685,91.5
12674019051,91.5
973434686,91.5
973434688,92.8
973434694,92.8
973434697,92.8
973434698,92.7
973434700,92.5
973434702,92.3
973434704,92.2
973434705,92.1
973434706,92.0
12674019053,91.5
12674021401,91.6
12674019052,91.6
5850072969,95.6
8990500674,95.4
8990500694,94.9
8990500687,94.8
973434876,94.6
973434881,94.6
8990500714,94.6
973434884,94.6
973434892,94.3
9325806596,94.4
12674019067,94.2
973435013,90.6
973435015,90.8
973435016,91.0
973435017,90.8
973435019,90.7
973435022,90.4
973435129,90.5
973435131,90.4
973435132,90.3
973435137,90.3
12674019022,90.3
973435009,90.8
12674019020,91.0
973435141,93.1
12674019024,92.8
973435011,90.6
12674019021,90.5
12674019023,90.2
973435149,90.2
973435012,90.6
1146652448,91.1
973435154,90.6
973435157,90.2
973435161,90.3
12895360795,90.3
1146652380,91.0
973435170,91.9
12674019062,93.5
973435171,91.1
973435238,95.2
973435239,95.1
973435263,96.0
973435256,95.7
973435264,95.2
973435243,95.0
973435244,95.1
12784804724,89.1
1022289185,16.1
1022289191,15.4
6390179698,15.2
1022289222,14.9
1022289220,14.0
1022289155,12.4
1022289188,11.5
1022289228,11.0
7907560726,10.7
1022289145,10.7
971603023,87.2
971602869,85.5
1148231748,94.1
1148231653,94.1
2180361160,94.2
1034384940,94.6
1034384991,95.3
1034415008,94.9
1034415007,94.9
1034411385,94.3
1034411394,94.4
1034411396,93.6
6237381468,90.8
6237381469,90.9
6237381470,91.2
6237381471,91.6
6237381472,91.7
6237381473,91.8
6237381474,91.7
6237381451,91.5
1034822170,91.4
1034822393,91.5
1034822545,91.6
1034822354,91.8
1034822341,92.0
6237381467,92.2
12179699219,91.7
12179699218,91.7
1034822181,91.8
1034822416,91.9
1034822215,96.4
1034822432,96.2
6778920294,95.8
52720785,93.2
4535250716,93.3
5960558131,94.5
1034822512,95.1
1034822471,95.1
12060113217,95.1
12060113216,95.2
1034822448,96.9
12837509654,97.1
1034822270,97.3
1034822557,96.6
6419799397,96.8
1034822527,96.8
1034822476,96.7
1034822366,96.7
1034822261,96.7
10635275840,95.4
1034822275,96.4
1034822413,96.2
1034822330,96.3
27462131,86.1
1235053034,85.9
14208218604,86.0
1034822200,86.3
14208218603,86.6
3075830122,87.2
1034822495,96.9
1034822229,97.1
1034822444,97.2
1034822422,97.2
1034822359,95.9
1034822273,96.0
1034822407,96.4
1034822240,96.3
1034822251,97.2
1034822562,96.0
6331589155,96.0
1034822450,96.1
6331589159,96.4
6331589156,96.4
3902385621,96.3
726231339,95.9
6419638331,95.2
726231375,95.1
6232098727,95.1
6232098723,95.2
726231220,95.2
726231230,93.8
726231142,91.6
6104381920,91.1
7418128253,90.9
7418128239,90.3
726231274,87.7
13877345135,87.5
3075907260,87.2
12837509632,96.0
6580674939,96.1
12837509617,96.1
1034822566,96.0
1034822383,95.9
1034822364,96.0
1034822183,95.9
1034822327,95.8
1034822555,95.6
1034822443,95.6
12837509619,95.6
6964831488,95.4
14208195099,91.5
1034822447,96.7
1034822350,96.5
1034822568,96.3
1034822309,96.1
1034822213,95.6
1034822198,95.1
1034822414,95.5
1034822290,95.7
1034822565,95.8
1034822381,95.8
1034822280,95.8
1034822507,95.8
1034822242,95.8
1034822462,95.8
1034822437,95.8
1034822258,95.8
1034822398,95.9
1034822226,95.5
6778920298,95.5
1034822372,95.4
10635275842,95.8
6778864722,96.1
1034822184,96.2
1034822403,96.2
1034822211,96.3
1034822491,96.4
1034822379,96.3
1034822197,96.1
1034822343,95.7
1034822564,95.5
12837509640,95.3
1034822553,95.1
1034822245,96.0
6778864723,96.1
9935537871,96.1
6331589158,96.2
6331589157,96.2
1034822458,95.7
1034822389,97.1
1034822210,97.0
1034822519,96.9
1034822328,96.8
2144269955,97.1
1034904307,97.2
1034904193,97.3
1034904667,97.3
1034904532,93.8
1034904369,93.6
6336549674,94.5
1034904720,94.8
1034904742,95.0
1034904538,94.8
1034904808,94.8
1034904600,94.9
1034904493,95.1
1034904314,95.1
2144269953,97.1
1034904280,97.2
1034904985,97.3
1034904657,97.3
1034904317,97.4
12837509631,95.9
1034904845,96.0
1034904065,96.3
1034904471,96.3
1034904315,95.4
6778864755,95.2
6778864754,94.9
1700466680,94.6
6580674906,94.8
1034904381,96.3
1148438598,96.3
1146635455,96.9
1034904811,96.5
1034904509,94.1
1034904343,93.8
1034904933,93.9
1034904708,93.5
1034904606,94.2
6327817092,94.2
1034904252,94.7
1034904921,94.0
1034904986,96.5
1034904330,96.8
1034904503,96.8
1034904060,96.8
1034904546,96.8
1034904492,96.1
6419638277,96.2
6419638276,96.4
1034904223,96.5
1034904764,96.5
12837509623,96.4
1034904733,96.3
1034904482,96.2
1034904194,96.3
1034904713,96.1
1034904815,96.1
1034904511,95.1
1034904347,95.0
2144269954,97.1
1034904395,96.8
1034904920,93.8
1034904192,94.8
1034904763,94.8
1034904561,95.0
1034904481,94.9
1034904284,94.3
1034904871,94.2
5850072953,94.1
1034904792,96.9
1034904678,97.1
1146635471,97.1
1034904259,93.7
1034904506,93.8
1146645501,96.4
12837509621,96.4
1034904936,96.3
1034904636,96.3
1034904472,96.4
1034904874,96.5
1034904663,96.6
1034904525,94.6
1034904279,95.4
1034904701,94.7
1034904507,94.0
1034904234,94.0
1034904366,96.9
1034904757,97.1
12837509647,96.5
1034904821,96.6
12802023906,96.8
12802023939,96.8
1034904289,96.5
1034904037,96.5
1034904494,96.5
6580674940,96.5
12837509620,96.4
1034904731,94.4
1034904682,94.7
1034904437,94.3
1034904629,94.1
1120780054,94.1
1120779921,94.0
1034904048,94.4
1148438599,96.3
8990552576,96.1
1034904705,96.0
1034904833,94.1
1034904523,94.3
12336265420,95.0
1034904659,97.0
1034904198,96.8
1034904604,96.1
1146645714,96.3
12837509624,96.3
12837509625,96.5
6327817091,93.7
12881560945,95.9
8436449404,96.0
14208218687,96.2
1034904107,96.4
1034904686,96.3
1034904496,96.2
1034904235,95.8
1034904905,95.6
9339311955,95.5
1034904465,95.4
14208218688,94.9
6580674916,94.8
1034904841,94.5
1146645473,94.1
1034904715,94.4
1034904512,95.0
6327817100,95.0
1034904510,96.1
11002164448,96.0
1034904285,96.2
2144269952,97.1
1034904574,97.2
1034904529,96.3
1034904464,95.9
12891953180,95.7
1034904476,94.0
11142913929,24.2
8748535240,24.0
8748535305,22.2
11139771372,22.5
11142913949,22.5
11142913951,22.6
13305571950,23.8
4041229911,24.7
320731626,24.8
13305571951,24.9
13305571953,28.4
338353650,28.6
13305571952,29.0
13305571955,31.9
338352651,32.0
13305571954,32.3
13126857230,33.8
14179670305,85.7
14179670328,85.8
14179670388,85.8
620501379,86.0
1038641434,87.9
12891953130,88.1
1038641451,88.2
7855938506,86.6
5771946039,86.5
1038837697,87.8
14204826315,86.8
14204807978,87.1
971602969,88.0
1038910228,74.7
1038910235,74.8
1038910225,74.5
1038910232,76.7
1039516762,76.8
1038910226,76.9
1038910241,76.3
1038910238,76.3
1038910229,75.8
1038910223,73.6
1038910239,74.0
8805733259,74.2
1038910234,74.5
1038910242,74.8
1038910237,75.7
1038927983,76.4
8807416994,76.2
1038910230,72.8
1038910224,71.2
1038910240,69.5
1038910236,69.5
1038910227,69.4
1038910243,69.4
1155933653,69.5
8805733217,69.6
8805699316,69.5
8805699315,69.0
1155933522,68.8
1038924111,77.3
1038924108,77.5
1038924104,77.6
1038924113,77.3
1038924098,77.3
1038924115,77.2
1038924109,77.2
1038924106,77.2
1038927992,77.3
1038927971,77.1
1038927970,73.4
1038927987,73.1
1038927976,76.7
1038927980,74.6
1038927988,74.2
1038927982,77.0
1038927973,76.5
1038927968,76.5
1038927989,75.9
1038927975,75.0
1038927986,76.3
1039014538,77.9
1039014513,75.7
8851609444,75.4
8851609443,75.2
8851609442,75.1
9201522255,75.0
6779459784,74.9
8851609433,74.6
8851609441,74.2
1041922903,100.5
12805251436,100.1
1041922865,98.8
6297377979,99.0
1123073169,99.3
247688512,99.4
6297377618,99.5
1123072916,99.6
247688513,99.7
8816277646,100.0
1041922840,98.8
1041922924,98.4
1041922629,98.9
1041922898,99.1
1041938989,97.5
1041939544,98.1
1041938772,98.1
1041939412,97.9
1041939250,97.5
1041938270,97.2
1041939130,97.1
1041939651,97.0
1041939020,96.9
1041939575,97.1
1041938895,97.2
1041939289,97.1
1041939601,96.5
6580640247,96.6
6290257933,96.8
1041938920,97.0
1041938597,96.7
1041939307,96.8
1041938402,96.9
1041939222,96.9
1041939264,96.9
1041938315,97.1
1041939168,97.3
6290257481,97.7
4759171863,97.9
1041939670,98.0
1041939503,98.1
1041938717,98.1
1041939362,98.2
1041938515,98.2
1041939499,98.4
1041938704,98.2
1041939351,98.3
1041938507,98.5
1041939693,98.6
3946719572,98.6
1041939048,98.4
6290257932,98.1
6940315878,97.7
1041939593,97.6
1041938811,97.7
1041939431,98.0
1041939520,98.0
1041938731,98.0
1041939384,98.0
1041938552,98.3
1041939708,98.2
1041939076,97.9
6940315871,97.6
1120779937,93.3
1055740097,93.8
1055740114,94.1
5953000926,94.7
1055740105,94.6
1055740083,93.1
1055740071,91.0
1055740103,91.0
13544957525,91.1
1124349830,91.0
1055740079,91.1
1058390130,88.5
1058390042,88.5
1058390146,88.5
1058390053,88.5
1058390103,88.5
1058390174,88.5
9463756246,88.5
6327736871,88.5
1058390195,88.5
1058390199,88.5
5973750032,88.5
1058390116,88.6
1058390048,88.5
1058390125,88.5
1058390161,88.5
1058390073,88.5
427890090,88.5
6327736876,88.5
1058390098,88.5
1058390168,88.5
1058390081,88.6
1058390192,88.6
1058390139,88.5
1058390045,88.5
1058390151,88.5
6327736872,88.5
1058390064,88.4
1058390068,88.4
1058390142,88.4
1058390088,88.4
1058390158,88.4
428236261,88.5
1058390120,88.5
1058390051,88.5
5973750029,86.3
1058533529,86.5
12891953123,87.9
1058533527,88.3
12943388028,88.4
1060546635,96.2
1060546735,95.4
1060546654,95.0
1060546750,94.6
1060546756,94.4
1060546647,94.3
1060546780,94.3
6419638338,94.3
1060546666,94.2
1060546719,94.2
1060546817,94.1
1060546741,93.9
1060546614,93.9
1060546620,93.4
6419638325,93.5
1060546726,93.6
1060546809,95.3
1060546826,95.0
6940324627,95.2
1060546704,95.2
1060546615,95.4
1060546723,95.3
1060546660,94.8
1060546800,94.6
1060546677,94.4
6292505737,94.3
1060546683,94.2
1060546712,94.1
1060546671,96.1
1060546659,96.1
1060546668,96.0
1060546759,96.1
1060546681,96.1
1060546785,96.1
14077928612,87.1
14077928609,88.7
1062435288,88.6
14081189122,88.5
1062435372,88.5
1062435355,88.3
1062435422,88.3
1062435389,87.9
1062435397,87.7
1062435369,87.6
1062435330,88.3
1062435295,88.5
1062435359,88.4
1062435323,88.4
1062435403,88.2
1062435348,88.4
1062435395,88.7
5295101432,88.6
1062435319,88.6
1062435352,88.6
14077890645,88.6
1062435327,88.5
1062435302,88.5
1062435276,88.6
14081189124,88.5
1062435255,88.5
14081189128,88.5
1062435400,88.6
1062486586,94.7
1062486742,94.7
1062486702,94.7
8990500696,94.7
1062486563,94.6
1062486588,92.9
1062486797,92.1
1062486706,93.4
1062486646,93.3
1062486566,93.6
1062486763,93.6
1062486609,93.6
1062486800,93.9
1062486747,94.0
1062486710,94.0
6419761480,98.3
1068758611,98.3
9651085853,93.0
878206769,92.5
10760636718,91.4
1123072934,91.1
26046291,91.1
3908670333,91.0
1120799697,90.8
1120799654,90.7
1120800099,90.7
6417091556,90.4
10593126864,90.4
1120799841,90.4
30327178,90.5
1068758322,98.4
1068758518,98.5
1068758713,98.5
1068758425,98.5
1068758571,98.6
1068758280,98.6
1068758502,98.5
1068758675,98.5
1068758386,98.4
1231818477,98.4
1068758551,98.4
1068758781,98.4
1068758486,98.3
1068758641,98.6
1123073002,98.7
1123073135,98.5
1068758352,98.3
1068758534,98.3
1068758738,98.1
1068758450,98.0
1123073179,97.9
1068758593,97.8
6290170322,97.8
1068758310,97.8
1068758513,97.9
11417904096,97.7
1068758693,97.7
1068758405,97.4
1225708206,97.4
1068758561,97.3
6297377609,96.8
8816277679,96.4
12806866902,96.4
1070174411,86.7
1070174567,86.7
1070174336,86.3
1070174704,84.4
1070174729,84.6
1070174484,86.3
1112186944,72.4
8708063460,72.8
1112187373,72.8
1112187008,72.6
1112186850,73.5
26046289,96.7
6292096411,96.7
13544957516,90.2
6424388820,90.2
14077890690,91.5
1120779988,90.6
1120780033,90.5
1120779946,90.2
11002164442,90.2
1120779998,93.1
8354957430,93.0
973435219,88.7
14208218696,93.6
1120780047,93.5
9339328193,93.5
1120779966,93.4
3488069337,91.4
6424388844,91.6
973434798,92.4
4484561915,92.6
8990500705,92.8
12895360764,92.8
12895360766,93.3
1120780112,93.9
1120800172,91.8
8588202651,91.8
1120799683,92.1
1120799644,92.4
1120800091,92.2
1120800207,92.7
1120800167,92.9
1120799756,92.5
1120799897,92.5
1120800051,92.4
1120800170,91.1
1120799844,92.5
1120799949,92.5
1120799991,92.6
1120800180,92.5
1120799585,92.5
1120799599,92.7
1120799693,93.0
1120799796,93.1
1120800055,93.2
1120800203,93.1
1120799736,93.1
1120799900,93.1
1120799993,93.1
1120800138,93.1
1120799635,93.0
1120799846,93.0
1120799941,93.0
1120800094,92.5
1120800129,91.2
6960981083,91.2
1120799807,91.3
1120800104,92.4
1120799956,90.5
6960991701,90.7
1120799548,90.8
6960991693,90.7
1120800136,92.5
1120800209,91.5
1120799651,91.1
1120799905,90.9
1120799601,90.6
1120799648,90.9
1120800132,91.5
1676542281,92.4
1120800176,91.2
6960991697,91.2
1120799787,90.9
12881569232,91.0
1120799706,91.5
3908670328,91.8
1120800004,91.8
13755654865,92.2
13755654867,92.3
6580640257,92.3
8588202657,92.3
8588202658,92.4
1120799593,92.4
1120799805,92.0
1120799684,91.9
1120799855,91.7
8588202650,91.6
1120800179,92.2
1120799603,92.4
1120799896,90.5
6960991688,90.6
6417091559,90.6
1120800042,90.7
6417091555,90.7
1123073258,98.4
6290257478,98.4
1123073022,98.1
12805251580,97.5
336920944,97.2
1123073128,98.8
1123073289,98.6
1123073186,98.4
1123073030,99.0
1123073113,99.0
1123073078,98.6
1123073249,98.4
1123073150,98.2
1123073045,98.0
1123072935,97.7
1123073212,97.6
1123073004,98.2
1123072902,98.6
1123073254,98.7
1123072968,98.7
1123073316,98.9
1123073230,98.6
1123073041,98.6
6392901692,99.0
1123072930,98.9
1123073287,99.2
1123073192,99.3
1123073087,99.8
1123072977,100.0
1123072882,100.2
1123072952,100.3
1123073301,100.7
1123073209,100.8
1123073214,100.8
1123073108,101.1
1123072996,101.3
1123072898,101.6
1123073247,101.7
1123073149,101.8
1123073311,101.9
1123073220,101.9
1123073117,101.8
1123073007,101.7
1123072904,101.6
1123073259,101.4
1123073157,101.3
1123073310,99.9
1123073219,100.0
1123073116,99.5
1123073168,97.4
1123073063,97.5
1123072959,97.4
1123073234,97.4
1123073132,97.5
1123073025,97.4
1123072919,97.2
1123073274,97.0
1123073074,97.6
1700468006,97.7
1123072877,99.5
616029886,99.0
1123073184,99.3
1123073224,99.3
1123073125,99.7
12806866907,99.6
11417904097,99.6
1123073196,99.5
1123073091,99.3
1123072985,98.1
1123073066,97.9
1123072961,97.3
1123072948,100.1
1123073056,100.4
1123073155,100.8
1123073114,100.7
1123073006,100.4
1123073222,99.9
1123073084,99.8
1123072974,99.9
12920624580,99.9
1123073260,101.3
1123073306,101.3
1123073028,101.4
1123072920,101.1
1123073275,100.9
1123073181,100.2
1123073076,99.9
1123072966,99.9
1123073312,99.9
6580640233,93.2
1123073170,93.1
1123073068,92.8
1123073237,92.4
1123073137,91.7
1123073032,91.3
1123072921,91.1
1123073276,91.0
1123073182,90.7
1123073079,90.7
12535497139,90.7
1123072971,90.8
1123073054,91.2
9800616491,91.6
1123073012,100.3
1123073294,101.0
1123073202,101.3
1123073098,101.8
1123072990,101.7
1123072894,101.2
1123072938,98.4
1123073292,99.1
1123073198,99.2
1123073095,98.9
1123072987,98.7
1123072889,98.7
1123073238,98.3
1123073138,98.3
1123073218,98.6
1123073115,99.1
1231818478,98.9
1123073100,98.9
1123073205,99.0
1123073027,98.9
7706082175,99.1
1123073133,99.1
1123073236,99.2
1123072883,99.0
1123072979,99.0
7706082164,99.0
1123073089,98.9
1123073194,98.9
7706082170,98.8
1123072901,99.9
1123072910,100.0
1123073264,99.9
1123073167,99.7
1123073062,99.7
7706082171,99.7
1123072957,99.6
1123073034,99.2
7700118275,99.2
12920194449,99.2
616029891,99.3
1123072937,97.5
1123073127,97.6
1123073019,96.3
6292505707,96.1
6292505706,94.8
6292505705,94.3
6580640231,93.7
1123073293,91.8
1123072922,91.7
1123073279,91.5
1123073082,91.2
1123073018,99.1
616029888,99.0
13821948421,98.9
4483389960,98.3
1123073277,98.8
1123073111,99.1
12920624571,99.7
1123073001,99.9
1123073253,100.0
1123073152,100.5
1123073047,101.8
1123073221,101.7
1123072900,101.2
6386857857,97.0
1123072955,97.1
1123073304,98.6
1123073210,98.8
1123073183,98.9
1123073080,98.8
1123072972,98.5
1123072873,98.6
1123073142,101.7
1123073042,101.8
1123073239,101.6
1123073140,100.1
1123073035,100.1
1123072928,100.0
1123073285,100.3
1123073190,100.1
1123073086,100.0
1123072975,100.0
7700118274,100.0
1123073153,100.0
1123073199,100.6
1123073096,100.8
1123072988,101.1
1123072891,101.4
1123073120,101.8
1123073008,101.7
1123072906,101.5
1123073164,101.3
1123073060,101.2
1123072954,100.8
1123073302,100.7
1123073026,100.6
1123073145,91.3
1123073044,91.2
6580640238,91.2
12920194450,101.2
7700118273,101.2
12920624562,101.3
1123073204,101.3
12920194445,101.3
1123073099,101.4
1123073273,101.3
1123073176,101.2
1124349847,92.9
13676603395,93.2
13676535490,93.3
1124349765,93.6
14207217322,93.6
1124349832,93.6
1124349784,93.5
1124349821,93.4
14207217321,93.4
1124349852,93.3
5953000944,93.3
1124349802,91.8
1124349757,93.0
1124349787,93.0
13676603396,93.0
8354957429,93.7
5771946014,92.9
1124349831,92.9
1124349851,93.0
1124349824,94.1
1124349764,94.1
14207217324,93.5
14207217325,93.5
14207217320,93.6
6419638230,92.1
6419638229,92.0
6419638228,91.9
6419638227,91.3
6419638226,91.0
1130613036,60.0
1130613051,60.1
1130613068,60.1
5354745564,60.4
724309065,62.4
724309067,61.3
1137109285,81.0
1137109286,80.9
1137109290,80.8
677596784,85.4
12060113205,85.5
677596673,85.7
12881569254,85.5
6091768490,89.7
1139526485,85.2
13544957530,85.2
1139526433,85.2
1139526465,84.7
1139526603,84.7
1139526624,84.3
1139526380,84.2
1139526400,83.7
1139526490,83.7
1139526539,83.3
1139526319,83.5
1139526350,82.7
1139526421,82.7
1139526458,82.5
1139526593,82.5
1139526607,82.4
1139526375,82.4
1139526404,82.0
1139526527,81.9
1139526544,81.7
1139526321,81.7
1139526361,81.3
1139526425,81.3
1139526461,80.9
1139526598,80.9
1139526621,80.5
1139526378,80.5
1139526393,80.5
1139526483,80.5
1139526534,80.5
1139526317,80.5
1139526341,80.8
1139526418,80.7
1139526438,80.7
1139526584,80.6
1137739194,80.8
1139526314,80.6
1137739197,81.7
1137739190,81.7
1137739193,82.9
1137739196,82.8
1139526429,84.2
1139526589,84.2
1139526346,84.3
1139526365,84.8
1139526443,84.7
1139526474,85.0
1139526605,84.9
6941765700,91.7
1141437463,91.8
1141437451,91.6
1141437477,93.4
1141437464,93.4
1141437472,93.5
1141437460,94.2
1141437448,94.2
1141437475,94.3
1141437480,94.1
8851581993,79.3
1150107693,79.7
1150107677,79.1
1150107714,78.4
1150107701,78.4
677177275,82.2
6814475857,80.9
677177329,78.5
12922419445,77.4
8805733234,68.1
1155933600,69.8
1155933638,70.2
1155933513,70.5
1155933574,70.8
1155933617,71.4
1155933656,71.8
1155933532,72.0
1155933595,72.6
1155933635,73.6
1155933499,74.5
1155933543,74.4
1155933605,74.7
1155933654,73.4
8805733220,73.0
1155933530,73.0
1155933569,65.5
1155933651,65.6
1155933520,65.9
1155933555,66.5
1237906074,66.7
14185862879,66.7
1155933583,66.8
1155933560,67.3
1155933601,67.8
1155933640,67.5
1155933517,67.9
1155933578,68.4
1155933621,68.7
1155933666,70.0
1155933534,70.4
1155933597,70.3
1155933636,69.9
1155933507,69.5
1155933547,69.6
1155933614,69.8
1155933655,69.9
1155933665,69.9
1155933624,70.1
1155933669,70.4
1155933561,70.8
1155933602,70.8
1155933648,70.8
1155933518,71.6
1155933582,72.3
1155933623,72.7
1155933668,73.1
1155933536,73.4
1155933599,73.8
1155933637,74.0
1155933511,74.1
1155933553,74.1
1155933494,72.3
1155933541,71.5
1155933571,70.8
1155933652,70.5
536078488,70.1
536078489,58.2
536078493,58.6
336949684,48.7
536078494,41.6
336949688,33.7
10292249521,28.7
1224780486,32.0
879369084,33.1
1224780485,33.5
246157797,66.9
12627895290,34.0
246157725,34.0
9532410920,33.8
246157729,33.7
879369129,33.4
246157733,32.8
246157735,32.5
582269842,32.4
246157737,32.2
879369107,32.1
246157739,32.1
246157741,32.3
246157745,33.1
246157747,33.7
246157749,34.1
246157753,35.0
246157755,35.9
246157757,37.7
246157759,39.5
246157762,41.2
1700458381,42.0
246157764,43.0
10756793162,43.7
246157876,33.8
12627895289,33.8
12627895288,33.7
12627895287,33.7
9532410926,33.3
9532410927,32.8
879369120,32.7
9532410928,32.4
1224780487,32.1
6290170317,97.3
6290170318,97.2
6290170319,96.9
6290170320,96.7
6290170321,96.5
1225708244,96.4
10028613653,77.4
1231226372,78.3
1233174541,79.3
1231226456,78.9
6304376242,78.9
1231226464,78.7
6232057495,78.5
1231226454,78.4
6232057496,78.4
1231226452,78.2
6232057497,78.2
6232057498,78.0
1231226450,77.9
1231226449,77.7
1231226312,77.4
6232057504,77.3
1231226386,77.2
6232057506,77.0
1231226339,76.7
6232057507,76.7
1231226448,76.7
6232057508,76.7
1231226445,76.7
1231226408,76.7
1231226387,77.3
9484699886,80.4
8725912571,80.3
8725912572,80.3
8725912573,80.4
1760323236,80.6
1760323247,80.6
1760323249,80.3
1760323252,80.2
1760323254,80.1
1760323310,80.0
1760323313,79.9
1760323338,79.8
12884214927,79.7
1231226306,77.8
6232057540,78.1
1231226314,78.3
1231226299,78.4
1231226296,78.6
1231226458,78.7
783668027,80.1
1233039407,81.0
2031219462,81.1
1231226414,79.3
1231226462,78.8
1233174512,78.7
6304376245,78.6
6232057515,78.5
1231226303,78.2
6232057514,77.8
1231226297,77.5
1231226346,77.2
6232057516,77.1
6232057513,77.0
1231226367,76.9
6232057512,76.8
1231226380,76.7
6232057511,76.7
1231226361,76.7
1231226385,76.7
1231226359,76.7
1231226358,76.8
1231226357,76.8
1231226360,76.8
1233174525,77.4
1231226356,77.9
6232057542,77.8
1231226355,77.9
1231226350,78.0
1231226338,78.2
1231226341,78.4
1231226344,79.1
1231226459,78.9
1231226352,78.7
1231226463,78.8
1231226461,78.7
6232057494,78.8
1233174513,76.7
6232057510,76.7
1231226444,76.8
6232057509,76.7
10938983340,93.3
6854684010,93.5
10708161069,92.7
1231333140,92.5
10708161068,92.5
1231333144,92.2
10708161070,92.0
4535237789,91.9
10708161071,91.8
1231333150,91.7
10708161072,91.2
8725912521,90.8
10708161063,92.9
1231333142,92.9
10708161062,92.9
1231333149,92.9
783668074,81.7
1233278108,81.1
783668057,81.1
1233278072,81.1
1233278086,81.1
1233278097,81.1
783668041,81.1
10028613651,75.6
10028613652,75.6
1231226363,78.6
1233039395,87.1
1231226369,79.5
1231226362,80.6
1231226354,81.0
1235184761,81.4
12884215031,80.8
14208195061,87.6
948285016,87.7
1233278117,78.4
1233278068,78.0
1231226286,77.2
1231226342,79.5
1234226138,78.1
1234226195,77.9
1234226215,77.2
1234226190,76.5
1234226203,76.5
1234226167,75.8
1234226180,74.6
1234226143,72.7
1234226155,72.7
1234226117,72.9
1234226131,74.0
1234226219,76.2
1234226128,77.0
1234226204,77.8
1234226159,78.2
1234226139,78.7
1234226209,78.1
1234226223,78.4
1234226185,78.2
1234226197,78.2
1234226161,78.0
1234226174,77.9
1234226149,77.9
1234226173,78.0
1234226235,78.1
1234226123,78.2
1234226227,77.9
1234226114,78.1
1234226141,77.2
1234226165,77.3
1234226153,77.5
1234226189,77.5
1234226179,77.5
1234226202,78.2
1234226112,78.2
1234226226,78.2
1234229227,78.3
1234226216,77.7
1234226181,77.6
10184841843,77.5
1234226144,78.3
1234226230,78.4
1234226118,78.6
1234226207,79.1
1234226220,79.8
703594112,78.0
8851609422,76.1
1234226162,76.2
1234226175,76.3
1234226154,76.6
1234226166,77.0
1234226129,77.4
1234226229,77.8
1234226116,77.3
1234226176,76.3
1234226214,80.0
1234226126,80.4
1234226237,80.5
8851609430,80.6
1234229229,78.3
1234229226,77.9
1234229230,76.1
1234351403,81.8
1234351399,85.6
12884214978,84.5
1234351381,84.3
1234351335,83.5
1234351331,83.5
1235133829,82.2
1234351350,81.0
1231819960,84.4
1234351360,84.3
1234351390,84.3
1234351404,84.3
1760323446,84.2
10086088822,83.9
1760323423,83.7
10086088823,83.5
1760323406,83.6
6232057570,83.3
1760323346,83.2
10086088824,83.0
10086060105,82.9
10086088840,83.0
1760323259,82.7
1234351337,85.6
12884214976,84.4
1234351395,80.7
1234351325,84.4
1234351384,83.5
1234351394,81.0
1234351346,85.6
12884214977,84.5
1234351338,84.2
1234351401,84.3
1234351318,84.6
1234351342,84.8
1234351402,84.8
1234351351,84.8
1234351372,84.7
1234351375,84.6
1234351327,84.6
1234351366,84.2
1234351411,84.4
1234351323,84.3
12884215037,80.8
1234358195,81.1
10698571301,81.0
1234358193,82.3
1234868273,75.8
1234868113,75.9
1234868152,76.5
1234868245,76.7
1234868049,84.5
1234868266,84.2
1234868106,84.7
1234868215,73.3
1234868180,72.9
1234868192,72.8
10016721404,72.9
1234868022,73.0
1234868247,73.2
1234868073,73.4
1234868178,73.4
1234868136,73.6
1234868231,73.7
1234868168,74.1
1234868267,74.4
1234868223,74.5
1234868060,74.5
1234868243,78.4
1234868011,77.1
1234868120,76.4
1234868079,75.2
1234868094,75.1
1234868064,73.1
1234868172,73.1
1234868043,74.5
1234868092,81.5
1234868194,81.8
1234868128,82.0
1234868226,82.1
1234868187,82.4
1234868017,82.8
1234868270,82.6
1234868109,82.9
1234868066,83.3
1234868174,83.4
1234868203,83.6
1234868038,83.8
1234868262,83.8
1234868101,83.9
1234868087,84.0
1234868189,84.2
1234868151,84.6
1234868244,84.7
1234868182,85.1
1234868012,85.3
1234868237,85.5
1234868080,85.9
1234868055,86.1
1234868165,86.2
1234868121,86.3
1234868219,86.4
1234868252,86.5
1234868095,86.7
1234868048,86.8
1234868157,86.8
1234868143,87.0
1234868238,87.2
1234868195,87.5
1234868029,87.5
1234868229,87.7
1234868069,87.9
1234868018,88.1
1234868131,88.5
1234868112,88.8
1234868211,88.6
1234868045,75.5
1234868025,75.0
1234868041,78.0
1234868020,77.5
1234868173,75.8
1234868164,84.3
1234868260,84.2
1234868147,84.3
1234868241,84.3
1234868224,84.3
1234868061,84.2
1234868014,84.2
1234868276,75.8
1234868233,76.1
1234868076,76.4
1234868269,77.4
1234868107,78.4
1234868062,77.6
1234868170,76.2
1234868154,76.0
1234868013,76.0
1234868248,75.3
1234868208,75.4
1234868044,74.7
1234868084,74.4
1234868159,73.1
1234868114,73.1
1234868100,72.5
1234868271,72.8
1234868261,72.9
1234868218,73.2
1234868054,73.9
1234868110,74.4
1234868250,74.5
1235438776,74.5
1234868091,74.8
1234868046,75.1
1234868155,75.4
12860102109,75.5
1234868139,76.1
1234868236,76.5
1234868193,77.1
1234868027,77.3
1234868085,72.9
1234868188,72.9
1234868197,85.5
1234868086,85.9
1234868175,86.2
1234868129,86.2
1234868227,86.0
1234868264,85.8
1234868103,85.8
1234868258,75.1
1234868277,74.7
1234868144,74.6
1234868118,75.2
1234868216,75.2
1234868200,75.2
1234868036,75.2
1234868098,75.0
1234868204,74.8
1234868124,72.9
1234868105,72.8
1234868214,73.1
1234868051,73.0
1234868148,68.3
1234868242,68.9
1234868199,69.5
1234868035,70.2
1234868016,70.5
1234868127,71.7
1234868083,71.8
1234868185,72.0
1234868217,72.0
1234868053,72.1
1234868278,72.4
1234868119,72.4
1234868202,72.5
1234868163,72.7
1234868259,72.7
1235438700,74.7
1234868207,74.7
1234868169,74.6
1236269518,74.5
1234868268,74.7
1234868034,74.5
1234868156,73.0
1234868075,72.9
1234868096,72.8
1234868099,72.9
1234868251,72.9
1234868108,73.0
1234868162,73.0
1234868019,73.1
1234868257,73.2
1234868093,73.1
1234868052,73.2
1234868254,73.1
1234868158,75.0
1234868253,75.1
1234868239,75.2
1234868081,75.3
1234868030,75.9
1234868145,75.6
1234868070,75.0
1234868201,75.2
1234868134,73.2
13443439751,74.2
1234868138,74.3
6235667043,77.2
1234868111,77.2
1234868037,77.2
1234868150,77.2
1234868240,86.8
1234868082,86.7
1234868032,86.5
1234868146,86.2
1234868071,86.0
1234868177,85.7
1234868133,85.5
1234868230,85.2
1234868212,84.7
1234868274,84.4
1234868115,84.3
1234868153,84.3
1234868246,84.2
1234868205,84.1
1234868042,84.0
1234868021,84.0
1234868135,83.9
1234868088,83.7
1234868190,83.7
1234868125,83.7
1234868222,83.8
1234868184,83.7
1234868265,72.9
10938983331,89.4
1234868142,89.6
1234868123,89.7
1234868221,89.9
1234868183,90.0
1234868198,90.0
1234868234,89.8
1234868077,89.6
1234868024,89.4
10938983329,89.1
1234868132,73.1
1234868056,74.6
1234868166,74.7
1234868122,74.7
1234868220,74.8
1234868039,74.9
1234868263,74.8
1234868102,74.9
1234868028,75.0
1234868141,74.9
1234868149,72.9
1234868160,84.5
1234868116,84.7
1234868213,85.3
1234868033,85.8
1234868255,85.9
1234868097,86.1
1234868191,86.3
1234868023,86.5
1234868275,86.6
1234868117,86.7
1234868074,86.7
1234868090,72.9
1234868104,73.0
1234868058,73.1
1234868167,73.2
1234868078,73.0
1234868040,74.4
1234868065,74.4
1234993851,85.6
12884214913,85.7
1234993937,85.7
726231361,87.9
6457061477,87.9
726231254,87.9
726231310,87.8
13877345132,87.8
726231210,87.8
13877345133,87.9
13877345134,87.8
1235052929,87.4
8805686114,87.5
1235052874,87.8
8805686115,88.4
1235053001,89.1
8805686116,89.7
1235052910,90.2
8805711917,90.4
1235052848,90.7
8805711918,90.5
8805711919,90.8
1235052952,90.8
1235052889,90.5
9532470774,87.9
8617749186,87.1
1235052868,87.0
1235052869,86.9
10309732999,86.8
1235052850,86.1
1235052959,86.4
1235052891,87.0
8805711937,87.3
1235053019,87.3
8805711938,87.5
1235052921,87.7
8805711936,88.0
1235052858,88.2
8805711935,88.3
1235052979,88.5
6457061479,88.6
6457061480,88.6
8805711934,88.4
6457061481,88.0
6457061482,88.1
1235052914,88.8
3957398586,88.6
1235052907,88.5
1235052956,88.3
14208195055,88.2
14208195054,88.3
921100310,88.2
1235184821,81.0
1235184802,81.1
1235184805,81.0
1235184781,81.1
1235184776,81.0
1235184769,81.0
13050745635,79.1
1235353119,79.1
1235353105,79.0
1235353136,78.4
1235353153,77.8
1235353134,76.6
1235353114,76.1
1235353140,76.2
1235353151,76.0
1235353120,75.7
1235353102,75.6
1235353125,75.4
1235353143,75.0
1235353111,74.8
1235353147,74.4
1235353142,81.7
1235353110,81.8
971485683,81.4
8805733254,76.3
1235353107,79.0
1235353130,79.4
1235353113,79.9
1235353138,80.0
971485664,80.2
971511474,79.3
1235353129,79.3
1234868272,74.7
1235438874,74.7
6235666567,74.5
1235438737,74.3
6237376045,74.1
1235438728,74.3
1235438942,75.4
1235438849,75.7
1235438681,75.8
1235438812,75.9
1235438889,76.1
1235438715,76.3
1235438993,76.4
1235438830,76.7
1235438954,76.8
1235438788,77.0
1235438806,76.9
1235438701,76.9
1235438903,77.0
1235438665,76.9
1235438869,76.6
1235438771,76.4
1235438971,75.7
1235438732,75.7
1235438938,75.6
1235438845,75.5
1235438678,75.4
1235438807,75.3
1235438647,75.2
1235438661,75.1
1235438865,75.0
1235438987,74.9
1235438827,74.7
1235438937,75.3
6235666692,77.1
1235438645,77.3
1235438770,77.3
1236269745,76.6
12887391323,76.5
4540150508,76.4
1236269803,76.5
1236269483,76.3
1236269627,74.9
1234868047,74.8
1236269559,78.8
6235667009,78.8
1236269328,79.0
1236269468,79.3
6235667008,79.2
1236269510,79.2
1236269661,78.8
6235667007,78.8
6235667005,79.0
6235667006,79.1
1236269708,78.7
1236269417,75.1
6235667387,76.0
1236269455,76.5
1236269601,77.6
1236269634,77.8
1236269751,81.8
1236269269,81.2
1236269419,80.7
1236269457,80.5
1236269604,80.3
9196948931,73.8
1236269556,73.8
10187060929,73.7
1236269378,73.7
1236269740,73.6
1236269678,73.8
12887391326,75.0
1236269549,76.3
1236269410,76.7
1236269374,77.0
1236269516,77.3
1236269676,77.4
1236269520,77.6
1236269486,77.8
1236269294,78.5
1236269385,77.2
12887391235,77.1
6497664958,77.1
12887391310,77.2
1236269286,77.2
1236269550,72.4
1236269589,73.4
1236269793,73.4
1236269306,73.4
1236269450,73.4
1236269415,76.9
1236269453,77.1
1236269593,77.1
1236269640,77.2
1236269312,77.4
1236269353,77.9
8805692450,78.0
1236269496,78.3
8805692451,78.5
1236269525,78.8
8805692452,78.9
1236269689,79.2
10187060771,79.5
1236269754,79.6
1236269386,79.6
1236269608,79.7
10187060794,81.3
10187060770,83.9
10187060776,84.0
10187060777,84.2
10187060778,84.3
10187060779,84.5
10187060780,84.6
10187060781,85.1
10187060782,85.3
10187060783,87.0
10187060784,87.0
10187060785,87.0
10187060786,86.9
10187060787,87.0
10187060788,86.9
10187060789,87.0
10187060790,86.9
10187060791,86.9
1236269293,78.9
1236269318,81.8
1236269359,81.9
1236269504,81.7
1236269534,82.4
1236269700,82.0
1236269768,80.5
1236269390,79.8
1236269426,79.2
1236269565,78.9
6235666995,79.2
1236269800,77.7
1236269310,77.5
6497670615,77.4
1236269507,79.6
10817144382,79.6
10817144381,79.7
1236269657,79.6
6363357716,79.5
1236269701,79.3
1236269362,79.0
6363357724,78.7
1236269396,78.5
1236269536,78.0
1236269573,77.8
1236269771,77.5
1236269429,77.2
1236269473,77.1
1236269618,77.1
1236269671,77.1
1236269333,77.2
1236269368,77.3
1236269511,77.4
1236269546,77.7
6434281266,78.3
1236269398,74.8
1236269539,74.8
1236269291,76.8
10086088856,83.2
783668096,81.7
1233174537,81.2
10086088887,81.3
1237905930,62.3
1237906089,61.9
1237906160,61.9
1237906056,62.0
1237906114,62.1
8851609436,71.9
1237905915,71.6
1237905994,62.3
1237905943,62.2
1237906009,62.3
1237906069,62.0
1237906135,61.0
6387988385,61.7
1237906050,60.9
1237906106,61.1
1237906000,61.1
1237906063,61.2
1237906127,61.2
1237905901,61.7
1237905971,61.9
1237905972,65.5
1237906043,65.6
1237906098,66.1
1237906184,66.0
1237906165,66.2
1237906152,63.0
1237906168,61.9
1237905946,62.2
1237906014,62.5
1237906075,62.5
1237906139,64.2
1237906151,62.7
1237905995,67.4
1237906123,67.7
1237906104,75.7
1237906169,76.4
1237905948,76.8
1237906017,77.0
1237906077,77.2
1237906001,66.1
1237906129,66.0
1237905962,66.1
1237906031,66.1
1237906085,66.1
1237906156,66.0
1237906019,70.5
1237906119,70.5
1237906058,70.6
1237905989,70.8
1237905923,71.1
1237906146,70.7
1237905968,70.5
1237906038,70.0
1237906034,69.9
1237906087,69.9
1237906157,69.5
1237905933,69.2
1237906103,72.4
1237906167,70.8
1237905954,69.3
1237906072,62.4
1237906138,62.4
1237905914,62.6
1237905983,62.7
1237906052,62.4
1237905936,62.4
1237905947,66.7
1237906015,67.0
1237906036,66.4
1237906140,65.6
1237905917,66.3
1237906159,66.5
8805733232,66.3
1237905935,66.2
8805733233,66.2
1237906002,66.3
1237905973,66.2
1237906026,66.3
1237906183,66.4
1237906150,66.5
1237905927,66.5
1237906100,66.5
1237906166,66.4
1237905945,66.4
1237906013,66.5
8805699314,66.6
1237906141,77.1
1237905920,76.4
1237905912,68.4
1155933650,65.8
971037841,66.0
1237905918,66.5
1237905900,66.6
1237905964,68.2
1237906025,69.0
971037817,69.2
336949707,69.4
1237905958,62.6
1237906179,72.2
1237906115,71.6
1237905903,64.2
8805733226,66.5
1237905905,62.3
1237906110,74.2
9201522246,73.0
9201522245,72.2
1237905984,72.1
1237905996,71.7
1237906080,71.3
5335496444,64.1
1237906010,66.3
1237906070,66.3
1237906136,66.3
1237905913,66.4
8805733231,66.2
8805733230,66.3
1237905982,66.1
1237905932,66.4
1237906131,63.9
1237906054,64.1
1237906029,69.8
1237905974,70.7
1237906046,71.5
8805733218,71.9
8805733219,72.6
1237906163,65.8
1237905941,65.4
1237906005,65.9
1237906008,73.8
1237906068,73.6
12079130131,73.2
1237905929,70.7
1237906174,63.3
1237905956,62.8
1237906024,62.8
8805733247,69.1
1237906028,70.5
1237905909,70.5
1237905967,65.7
1237906065,69.7
1237906039,70.7
1155933634,65.0
8805733224,65.2
1155933539,65.3
1155933604,65.6
1237905986,66.8
1237906055,67.0
1237906113,67.1
1237906177,67.3
1237905959,67.6
1237906037,67.6
1237906132,67.4
1237905904,67.3
1237906027,66.8
1237906092,66.1
1237906161,66.8
8805733227,67.1
1237905938,67.4
1237906060,67.6
5335523021,66.3
1237906170,67.1
1237905949,67.4
1237906018,66.8
1237905898,66.4
1237905970,66.1
1237906041,66.1
1237906096,65.9
1237906164,65.8
1237905942,65.8
5335523022,65.9
1237906007,65.9
1237906051,66.4
8805733223,66.2
1237906108,65.8
1237906176,65.4
1237905955,65.4
1237906023,64.7
1237906082,64.4
1237906147,64.1
1237905924,63.8
1237906126,70.1
1237905899,71.2
1237906083,72.5
1237906149,72.5
1237905926,71.1
1237905990,70.1
1237906059,70.1
1237906122,70.4
1237906185,71.3
1237905965,71.2
1237905910,71.2
1237905976,69.3
1237906016,67.7
1237905895,68.5
1237905969,69.3
8805733250,69.7
8805733246,71.0
1237906032,66.2
1237906086,65.8
1241180206,91.5
1241180220,92.9
12179699227,91.7
1241180189,91.6
1241180198,92.0
1241180227,92.1
1241180203,92.1
1241180231,92.1
726231140,92.6
10613007581,92.6
1241180225,92.6
1241180201,93.0
10613007580,93.1
1241180208,93.3
1241180239,93.5
1241180213,93.5
4535237801,93.6
1241180190,93.6
1241180187,93.6
1241180215,93.5
1241180192,93.0
10613007578,93.1
1241180221,92.9
10544222242,93.0
10613007579,92.9
726231324,93.0
1241180211,91.5
1241180232,92.3
726231257,92.4
1241180193,92.4
1241180222,92.2
1241180219,92.1
10613007577,92.0
6856285332,91.8
6967348631,85.8
1144962071,89.1
6434281393,89.3
10593125310,89.9
6434281389,90.0
1034822361,93.0
1034822296,95.1
7416129798,94.9
7416129803,94.7
10583179016,93.7
4535250717,93.1
10588161468,92.9
6967348653,92.9
12887391116,78.7
10187060801,78.1
14208195091,92.6
14208195092,92.4
6237381465,91.4
14208195093,90.9
6856264268,90.9
2407511104,90.8
6237376071,90.0
14208195094,89.4
1241350090,34.1
1241350142,33.9
1241350226,33.7
1241350238,33.6
1241350148,33.4
1241350182,33.3
1241350240,33.0
1241350151,32.4
1241350126,33.1
1241350198,32.0
8748319053,34.0
1241350083,34.3
1241350207,33.7
1241350171,33.7
1241350079,33.6
1241350236,33.5
1241350157,33.4
8748319054,32.8
4493651958,32.9
1242797054,77.6
12884215025,77.8
1242797026,77.1
263593341,75.6
6434669828,75.1
263594904,75.0
6434669823,74.8
263594906,74.8
263594908,75.0
263594910,75.6
263594911,76.3
4784688378,74.8
14028479140,74.7
13648850219,74.7
1760323034,76.4
10211049474,76.5
2674340636,76.6
1242797016,76.7
10211049473,76.7
13999198419,76.9
8577381300,74.2
8649208374,74.2
8669235009,76.0
8669235008,76.4
8669234928,78.5
8577402841,78.6
52925049,73.4
8657427954,73.3
12784804792,73.3
12666145741,78.1
8669234972,78.4
3474557970,78.7
11251311220,60.0
8649243351,59.9
9029130576,59.8
3474558309,61.6
8649243356,64.3
3474558297,64.7
8649243355,65.1
12784804777,69.4
8649224403,69.4
3474558166,69.7
8649224402,69.7
12784804778,69.8
8669234992,72.1
8669234991,72.9
12666145746,74.6
8669233470,74.6
3474558103,74.8
8669233469,74.8
12666145745,74.8
8669234970,78.6
52925029,73.7
13266188875,73.5
8708064958,72.9
8600552611,72.6
1315815874,42.7
7907560724,39.4
1315815902,37.7
353015217,73.5
1315815648,73.3
1315815650,72.9
1315815654,71.4
8806181552,68.3
8807414563,67.8
1315815661,67.4
8805685961,67.1
1315815664,66.9
8805685962,66.7
7907560714,66.4
8805685963,66.3
1315815668,66.1
8805685964,65.9
1315815673,65.7
8805685965,65.5
7907560716,65.3
8805685966,65.0
1315815679,64.8
8805685967,64.7
7907560717,64.5
1315815682,64.2
1315815686,64.0
7907560713,63.8
1315815690,63.6
1315815692,63.4
1315815695,63.2
1315815698,63.0
1315815702,62.7
8807414591,61.9
1315815730,61.0
8805685968,60.5
1315815743,60.2
8805685969,59.8
7907560719,59.4
8805685971,59.0
7907560718,58.8
8805685970,58.3
1315815749,58.0
1315815753,57.6
1315815755,56.5
1315815760,56.2
1315815766,55.9
1315815770,55.5
1315815774,55.1
1315815778,54.3
14078025145,52.3
7907560712,50.5
1315815800,49.2
8805685972,48.4
1315815830,47.5
12936465978,47.1
8805685973,46.7
1315815851,45.9
1315815860,44.7
1315815867,43.8
1315815872,41.4
3442526167,54.9
8632650954,55.2
11310702009,55.4
3474558335,59.9
8632618003,65.2
8632618002,66.5
3619315799,71.0
11251316833,73.9
8632618000,73.9
3474558333,74.1
8636712962,74.3
11251316832,74.3
3474558332,77.2
12784804767,80.2
8636712968,80.4
3474558329,81.2
8636712967,81.6
12784804766,81.8
8636712951,85.7
347296900,86.0
8636712945,86.1
3474558328,86.8
12784804762,87.5
8636706812,87.5
8636706811,87.7
12784804763,87.7
12666145772,87.8
8636712928,87.9
26046195,87.9
8636712927,87.8
12666145773,87.8
3474558324,87.4
12666145774,87.1
8636712942,87.0
8636712941,87.0
12666145775,86.9
9079202509,86.6
9079202511,86.6
9029123493,86.3
8636706763,86.3
11251311208,86.4
1315815958,31.2
1315815952,32.1
1315815951,32.4
1315815955,32.4
8796981550,31.3
6390179676,29.9
1315815967,29.4
1315815968,29.0
1315815976,28.5
1315815979,28.2
1315816012,4.9
1315816021,4.9
1315816018,4.9
1315816019,4.5
1315816027,4.3
1315816042,4.1
1315816061,3.9
1315816071,3.7
1315816068,3.5
1315816067,3.4
1315815924,3.7
1315815910,3.9
12154049582,4.0
1315815894,4.0
1315815883,4.3
1315815881,4.3
12154049589,4.0
1315815882,4.0
1315815889,3.6
1315815893,3.7
1315815892,3.7
13356171689,3.6
1315815887,3.7
1315815873,4.6
13356234414,3.9
1315815879,3.6
13356171690,3.6
1315815863,3.7
1315815852,3.6
1315815843,3.3
1315815835,3.5
1315815828,3.5
1315815821,3.5
13356171688,3.5
1315815808,3.5
13356234418,3.6
7141937384,4.0
1315815854,4.4
13356234415,4.0
1315815818,4.0
13356234416,3.7
29822828,4.3
1315815975,3.8
1315815877,4.6
1315815922,3.5
1315815936,3.4
5008684619,3.4
1315816057,3.2
1315816050,2.8
1315816044,3.7
1315816040,3.7
12926617106,3.6
12926617107,3.5
1315816035,3.5
1315816033,3.5
12926617105,3.6
1315816031,3.6
12926617111,3.8
12926617112,3.8
12926617113,3.9
12926617114,3.9
12926617115,3.9
1315816024,3.9
13687188896,3.9
1315816022,3.8
12926617109,3.5
12926617108,3.5
12926617128,3.4
1315816014,3.4
1315816010,3.4
1315816008,3.5
5008684618,3.3
1315816006,3.1
1315816005,3.1
1315815997,3.1
1315815995,3.1
1315815969,3.3
1315815961,3.2
1315815954,3.2
8807428156,3.2
1315815948,3.3
1315815945,3.2
1315815942,3.3
1315815940,3.3
1315815944,3.2
1315815947,3.1
1315815949,3.2
1315815956,2.9
1315815965,3.1
1315815973,3.1
1315816002,3.0
1315816007,3.0
1315816009,3.3
1315816011,3.3
1315816013,3.2
1315816016,3.2
1315816020,3.3
1315816023,3.3
1315816025,3.4
1315816029,4.0
12926617116,3.9
12926617117,3.8
12926617118,3.8
12926617119,3.8
12926617120,3.8
1315816034,3.5
1315816039,3.5
12926617104,3.4
12926617103,3.4
1315816037,3.5
1315816043,3.6
1315815641,74.7
971096756,75.5
8805699313,76.1
971096793,76.5
971096679,77.7
971096711,78.9
8805699312,79.0
6497677055,79.2
6091768280,79.6
1315815908,4.0
1315815919,3.7
1315815966,5.5
1315815981,4.6
13356234212,4.0
1315815991,4.1
1315815972,4.7
1315815933,3.5
13356234411,3.7
1315815911,4.1
1315815938,3.2
1315815943,3.2
1315815988,3.4
1315815962,3.7
1315815914,3.8
1315815915,3.5
13356234413,3.9
1315815895,4.2
12154049577,3.5
1315816078,16.2
1315816076,16.5
1315816074,16.9
1315816075,17.1
1315816077,18.1
1315816073,19.3
1315816064,20.2
1315816054,21.0
1315816045,16.4
6387990317,21.6
1315816030,22.1
9902515971,22.8
1315816003,26.3
1315815978,29.3
1315815941,34.7
1315815927,36.4
1315815909,38.0
1315815888,39.6
1315815870,43.4
9902515962,43.8
1315815866,44.4
1315815861,45.7
1315815853,46.7
1315815846,47.7
1315815829,49.1
1315815807,50.4
1315815793,51.8
1315815779,53.8
1315815776,54.9
6407488096,55.2
1315815773,55.5
1315815769,56.0
1315815767,56.3
1315815762,56.7
1315815756,58.0
1315815752,58.8
1315815748,59.5
1315815742,60.1
1315815733,60.8
1315815716,61.4
1315815701,62.8
1315815699,63.2
1315815697,63.4
1315815694,63.6
1315815691,63.8
1315815688,64.2
1315815685,64.4
1315815683,64.7
1315815680,65.0
1315815678,65.4
1315815676,65.6
1315815674,65.7
1315815672,65.8
1315815670,66.0
1315815669,66.3
1315815667,66.5
1315815665,66.9
1315815663,67.0
1315815657,68.0
6407488098,69.3
1315815656,69.8
1315815653,71.9
1315815651,72.7
955335889,73.1
1315815647,73.3
1315815646,73.8
1315815645,73.9
1315815642,73.9
8807416933,74.0
9201522253,74.1
13025451466,74.1
1315815896,3.4
1315815899,3.5
12154049580,3.5
1315815905,3.4
1315815920,3.5
12154049587,3.5
1315815923,3.7
1315816028,4.8
1315816038,4.3
1315816047,3.7
1315816052,3.6
7907560731,3.5
14020204736,3.8
1315815970,3.9
1315815957,3.7
13356171696,3.7
1315815946,4.1
1315815884,3.7
1315815876,3.6
1315815858,3.6
1315815855,3.5
1315815848,3.5
7907560749,3.6
1315815844,3.7
1315815838,3.7
13267387589,3.7
1315815836,3.8
1343546915,61.8
1343546902,61.9
1343546906,61.7
12622210344,61.4
854403339,61.1
1343546916,67.1
10211077755,65.7
12622210354,65.4
3743254585,64.3
10211077756,63.4
14028492411,61.6
443614793,61.4
971125831,91.7
12060119847,90.0
13285994369,89.7
971137168,91.4
3477055807,91.2
2144339330,83.8
2031217082,84.0
10086060103,83.7
10086088869,83.5
10086060104,83.2
2031218677,83.2
2031218678,83.1
2031218679,83.1
2144339329,83.2
8725912603,83.5
1369634153,84.0
1369634156,84.2
1369634124,83.1
1369634119,83.1
1369634129,83.1
1369634125,83.1
1369634137,83.1
1369634132,83.1
1369643083,84.3
6796291680,84.1
1369643085,83.2
1369643086,82.7
1369643084,82.5
5850214034,81.7
5850214033,82.6
6796333408,96.3
11206972348,96.3
3492713156,96.6
1386719186,96.6
1386788993,100.8
1386789141,100.5
1386788477,100.4
1386788630,100.7
1386788931,100.8
1386789174,94.6
1386789289,100.3
1386788542,100.3
1386788683,99.8
1386788645,99.7
1386788868,99.6
1386789322,99.2
7273106691,99.0
7273106692,98.7
1386788496,97.9
1386788696,97.5
7273106686,97.2
11206972350,97.2
7273106687,97.1
11206972349,96.8
7273106688,96.7
7273106689,96.5
1386789427,88.6
1386789028,88.9
1386789449,89.5
1386788571,89.6
6380163686,89.2
1386788535,88.9
1386788676,88.6
1386789062,88.3
1386789397,88.1
1386788607,88.1
1386788764,88.4
6380163685,88.7
1386788770,85.9
1386789496,85.9
1386788610,94.0
3227524390,94.1
3227524391,94.1
1386788900,93.5
6386674522,81.3
6386674523,78.8
6386674524,78.7
6386674525,78.7
1386788503,79.3
1386788794,79.1
1386789080,79.3
1386789018,79.2
6380142736,79.4
1386789329,79.4
1386788559,79.5
1386788699,79.9
6380143493,79.9
1386789145,80.1
6380143494,80.3
1386789441,80.5
1386788633,81.0
1386788812,81.6
6380143495,82.1
1386788605,83.1
1386788761,86.2
1386789208,90.9
1386789515,94.9
6380142916,96.9
1386788665,99.1
6380142915,100.1
6380142914,100.3
6380142913,100.4
6380142912,100.6
6380142911,100.9
6380142910,101.0
1386788646,90.3
6386675115,89.1
6386675116,87.6
6386675117,84.1
6386675118,81.7
6386675119,80.9
1386789147,80.1
1386788519,79.0
1386788750,78.6
1386789058,78.4
1386788950,78.4
1386789293,78.6
1386788544,78.6
1386789498,78.5
1386789073,78.8
1386789407,79.3
1386788618,79.5
1386788777,79.4
1386788472,79.3
1386788623,79.2
1386788927,79.4
6386675120,79.6
1386789286,79.8
1386788541,80.2
6386675121,80.6
1386788679,81.0
6386675124,83.2
1386789067,84.7
1386789401,85.7
6386675122,86.4
1386789320,87.0
1386788490,87.9
1386788690,88.8
1386788990,88.9
1386789421,89.3
1386788550,89.3
1386788800,89.3
1386789133,88.3
1386788744,87.0
6380142805,86.1
1386789037,85.7
1386788578,86.7
1386788886,87.3
1386789197,87.2
1386788502,87.1
1386788650,88.0
6380142806,87.5
1386788616,86.5
1386789261,84.4
1386789423,83.8
1386788553,83.4
1386788805,83.1
1386789139,82.6
6380142807,82.3
1386788746,82.0
1386789040,81.7
1386789499,81.1
1386788581,81.4
1386788888,81.7
1386789199,81.4
6386674521,80.3
1386789520,94.8
1386789288,95.1
1386788475,95.4
1386788681,95.5
1386788929,96.3
1386788864,96.8
6380162544,97.4
1386789172,98.5
1386788492,99.7
1386788643,101.0
1386788958,100.9
6380143337,100.9
1386789321,100.8
1386788552,100.6
6380142921,100.8
1386788695,101.0
6380142920,101.1
1386788515,101.0
1386789404,101.0
1386788995,99.7
1386789425,99.7
1386788555,99.8
6380142697,99.9
1386789170,100.0
6380142698,100.1
1386789447,100.0
1386788638,100.1
6380142701,100.1
1386788861,100.2
6380142700,100.4
1386789318,100.3
1386788488,100.5
6380142699,100.7
1386788688,100.8
6380162545,90.5
6380162546,90.6
1386788802,90.3
1386788628,90.8
1386789422,92.0
6380142498,93.1
1386789137,94.2
6380142499,94.3
6380142500,94.5
1386789210,94.1
1386788504,93.6
1386789327,93.2
6380163272,92.7
1386788500,91.7
1386789526,91.4
1386788615,90.4
1386788918,89.8
1386789260,89.5
1386788514,89.9
6380163273,90.0
1386788670,89.7
6380163694,89.7
1386789035,89.6
6380163693,89.6
1386789385,89.7
1386788954,89.2
1386789295,89.0
1386788545,88.2
6380163692,88.1
1386788686,87.9
6380163691,87.7
1386789077,87.5
6380163690,87.6
1386789419,87.9
1386788620,87.8
6380163689,88.2
1386788781,88.6
6380163688,88.7
1386788697,88.8
6380163687,88.9
1386789015,88.8
6380163575,88.7
1386788558,89.0
6380163576,89.2
1386788809,89.2
6380163577,89.5
1386789143,89.9
6380163578,90.3
1386788481,90.3
6380163579,90.5
1386788632,90.6
1386789506,90.5
6380163580,90.5
1386788604,90.2
6380163581,89.8
1386788897,89.4
6380163582,89.0
1386789206,89.1
1386789111,88.9
1386789530,89.0
1386788621,88.0
1386788562,87.1
1386788701,87.1
1386789163,86.9
1386789443,87.2
1386788635,87.2
1386788823,87.2
1386789297,87.1
1386788483,86.8
1386789256,87.5
1386789522,88.2
1386788666,87.8
1386788903,90.9
1386789379,91.4
1386788510,91.6
1386788737,91.7
1386789030,91.6
1386788923,91.1
1386789266,91.2
1386788538,91.6
1386788678,91.9
6380142502,92.6
1386789065,92.7
1386789399,92.8
1386788609,92.9
6380142503,93.3
9800500095,93.3
1386788768,93.4
6380142504,93.5
1386788661,93.6
6380142505,93.7
1386788894,93.7
1386789355,93.5
1386788505,93.9
1386788709,94.9
1386789026,95.4
1386789446,96.0
1386788569,96.2
1386788520,96.1
1386788674,96.1
1386789060,96.5
1386789396,96.8
1386788592,97.1
1386788759,96.6
1386789204,95.9
1386789503,96.0
1386789130,95.0
1386789420,95.2
1386789291,95.5
1386788479,95.4
1386789489,95.2
1386788572,94.9
1386788871,93.6
1386789177,93.3
1386788498,90.9
1387060896,93.5
1387060580,93.7
1387060783,93.7
1387060601,93.2
1387060834,93.0
1387060618,93.2
1387060885,93.9
1387060637,94.0
1387060906,94.2
1387060682,94.1
6416968135,94.1
1387060712,94.1
1387060605,94.2
1387060815,94.1
7272983184,94.0
1387060654,93.9
7273106685,93.8
1387060853,93.7
13663687106,93.7
1387060703,93.6
1387060812,92.8
13663687107,91.8
1387060652,91.4
1387060849,90.5
1387060699,89.5
1387060893,89.0
13663687108,88.8
1387060745,88.7
13663687109,88.6
1387060577,88.5
13663687110,88.7
1387060780,88.6
13663687111,88.5
1387060597,88.5
1387060831,88.0
13663687112,87.5
1387060615,86.9
13663687113,86.8
1387060884,86.9
13663687114,87.1
1387060633,87.0
1387060905,87.1
1387060670,88.2
1387060764,88.8
1387060588,89.3
1387060813,90.0
1387060608,91.1
13663687116,91.5
13663687115,91.8
1387060851,92.1
6380202102,92.1
13663687117,92.1
1387060624,92.2
13663687118,92.3
1387060895,92.5
13663687119,92.8
1387060653,92.9
1387060579,92.9
6380202101,93.2
1387060701,93.4
1387060600,93.4
13663687121,93.4
13663687120,93.4
1387060747,93.3
1387060617,93.1
1387060781,93.0
1387060636,92.9
1387060875,93.1
1387060629,93.2
13663645094,93.2
6380202100,93.1
1387060900,92.9
13663645095,92.8
1387060658,92.7
1387060583,92.6
13663645096,92.6
1387060709,92.6
1387060604,92.4
1387060760,92.2
13663645097,91.9
1387060621,91.6
6380201723,90.8
13663645098,90.5
1387060793,90.3
6380201724,89.8
1387060639,89.4
1387060843,89.1
13663645099,88.8
1387060686,88.7
6380201722,88.3
1387060887,87.8
1387060722,87.4
6380201719,86.9
1387060908,86.9
1387060890,87.0
1387060642,87.0
1387060575,87.1
1387060692,87.1
1387060595,87.0
13663645100,87.1
1387060733,87.6
1387060613,88.3
1387060777,89.6
1387060630,90.3
1387060828,90.9
1387060667,91.3
1387060877,91.7
1387060714,91.9
1387060901,92.4
1387060761,92.9
6416968137,92.9
1387060584,93.0
1387060598,93.2
1387060746,93.1
13663687104,93.0
1387060616,93.0
13663687103,93.1
1387060726,93.6
13663687102,93.7
1387060572,93.8
13663687101,93.8
1387060775,94.1
1387060894,95.1
1387060807,95.0
1387060640,95.8
1387060844,96.1
6380194656,96.0
1387060689,95.7
1387060888,95.8
1387060723,95.7
1387060909,95.2
1387060767,94.8
13663687126,94.6
13663687127,94.5
1387060591,94.4
6437100805,93.7
6437100804,93.5
13663687128,93.4
1387060817,93.3
1387060610,93.2
1387060871,93.3
1387060626,93.1
1387060649,93.7
1387060846,93.8
1387060694,94.0
1387060891,93.7
1387060731,93.6
13663687129,93.8
1387060574,93.4
1387060778,93.2
1387060594,92.9
1387060829,92.7
6437082344,92.6
6437082345,92.0
1387060612,92.0
1416039471,74.8
1416039469,74.8
1416039453,75.4
1416039434,76.3
9653108812,76.6
1416039404,76.7
1416039400,76.8
1416039402,76.8
1416039421,76.6
1416039429,76.2
1416039427,76.2
1416039405,76.2
1416039612,74.6
1416039614,74.6
1416039624,74.6
1416039637,74.4
1416039639,73.7
1416039641,73.7
1416039635,73.8
1416039620,73.9
1416039611,73.8
1416039598,73.9
1416039573,73.8
1416039555,74.2
1416039529,74.6
1416039467,74.4
2763312736,74.4
1416039499,74.4
1416039536,74.6
1416039553,74.5
1416039565,74.6
1416039568,74.7
1416039504,74.8
1416039523,74.9
1416039540,75.1
1416039560,75.0
1416039570,74.9
1416039588,74.7
1416039602,74.6
8748535265,20.3
6169166276,20.2
8828795569,19.9
8828795568,19.5
8828795567,19.0
8828795566,18.6
1399013884,18.3
8828795565,17.9
8828795564,17.4
1399013882,17.0
8828795563,16.5
1399013878,16.0
8828795562,15.6
1399013876,14.6
8828795561,14.1
1399013875,12.8
8828795560,12.1
8828795559,11.3
1399013873,11.0
1399013858,10.4
11139771386,24.6
8748535279,24.5
11139771384,24.4
6169166275,20.2
8748535271,17.8
1760323101,80.6
10613028505,80.7
1112562205,81.4
6457062126,81.6
1760323154,81.7
6457062127,82.0
1760323182,82.4
1760445371,82.8
6457062128,84.2
10309852523,84.7
2411594510,85.0
13999198417,77.0
5973753621,89.6
5973753617,89.7
14204826336,89.9
6625469765,90.0
1633378878,89.9
6625469764,90.4
1633378834,90.2
1633378793,85.7
1633378802,86.1
1633378807,86.7
1633378900,84.8
729440531,81.0
1633378889,83.7
1633378872,83.6
1633378864,83.6
1633378842,83.8
1633378862,84.1
1633378861,84.7
1633378832,83.7
11000943941,94.1
11000943940,94.1
11000943942,94.1
1633378734,93.7
11165764692,93.6
1633378739,93.5
1633378891,84.6
1633378893,84.6
1633378898,84.1
1633378875,83.6
1633378896,85.9
1137749235,86.5
1633378656,95.7
1633378657,95.2
14207217379,93.7
1633378658,93.7
1633378659,93.9
5850072948,94.0
1633378662,94.3
1636438789,86.1
7855938510,87.8
1235052886,76.6
1675185905,76.6
1675185904,74.9
1235052950,78.2
1235052847,81.8
1235052954,85.4
14057506783,85.6
13236349438,85.6
14057506780,85.8
1676542280,92.5
1120799790,92.4
879369122,49.1
879369103,48.4
26046314,46.8
1677835612,87.3
1677835600,86.5
3075907252,86.0
1235052985,85.8
13877345137,85.7
13877345138,85.7
1235052900,85.6
1235052912,84.8
1677835599,83.5
1677835581,54.6
1677835582,54.9
1677835583,55.4
1677835585,55.7
1677835588,56.0
1677835590,56.1
6434652769,56.1
1677835592,56.3
1677835593,56.6
1677835595,56.7
6232057587,81.7
6232057592,82.8
6232057591,83.2
6232057588,83.6
1700458384,42.4
1700458379,43.0
1700458377,43.4
790708868,43.7
1684266484,45.6
1013148503,45.7
790708865,45.7
6814482024,78.4
1150205413,77.5
1150205412,77.3
6814481990,77.1
11139771373,22.1
338353938,30.1
13132245897,26.5
13132245898,26.0
3743254734,25.7
11139771392,25.3
6169166274,24.0
8748535241,24.0
1760323359,82.2
10086088845,82.7
445970858,82.7
2940013469,82.7
10086088842,82.2
12884214876,80.6
6235707997,85.0
6235707990,85.5
14208195081,85.8
2619304630,85.8
3075907238,85.8
6235708046,86.0
6235708045,86.0
10635281900,85.5
6235707991,85.2
5895065947,78.8
9484766918,78.6
5895065948,78.4
5895065949,77.8
5895065950,77.4
5895065951,76.6
12884214870,76.4
6235738532,76.4
1760323017,75.4
1760323010,74.7
1760323003,74.1
1760322938,73.2
1760322876,72.0
1760322806,71.7
532808582,85.7
1231819961,85.6
1231819962,85.6
445970860,85.8
9484699916,78.8
1760323174,79.2
12884215040,82.4
1760323306,80.6
1760323353,82.0
1234358191,82.0
10086088882,82.1
1760323330,80.0
6235738534,73.0
6235738535,73.0
1760322825,72.4
1760322811,72.0
1760322950,73.4
4940837020,72.8
6235738567,72.7
4784688375,72.5
1760322963,72.1
1760322949,72.0
1760322935,72.0
1853702085,76.1
1853702086,76.1
6424389215,75.9
1853702087,75.7
6424389214,75.5
6424389212,75.1
6424389213,74.8
6424389211,74.7
1853702088,75.7
8851609446,76.1
1853702083,76.0
1853702084,75.8
6424389210,75.9
1853702082,75.9
6424389197,76.0
1853702080,76.0
3015510224,82.8
536078327,82.6
677596739,82.4
2031213254,82.9
6484929464,83.2
536078332,84.8
5850214030,85.3
2031213252,81.9
677596660,82.2
5830834611,82.3
2226731531,81.4
10184841819,83.4
1137749249,86.5
766968754,86.6
10660395328,86.4
6091768485,86.4
2226979307,86.6
14204826320,86.6
2226984964,84.8
2226984970,88.4
2227662948,89.4
10187060816,85.1
12922419531,85.1
6794438504,84.1
6794438503,84.1
6794438502,84.4
6794438501,84.3
6794459598,84.5
6794438500,84.6
6794438499,84.9
6794438498,84.9
6794438497,85.1
6794450820,85.1
6794438496,85.2
13660483602,94.9
6580674924,94.9
14208218693,94.7
6424388828,93.7
6424388830,93.6
14208218695,93.2
14208218694,92.8
13799399341,92.4
11310850694,92.0
1120779973,93.7
1120779991,94.5
6580674923,94.6
13660483604,94.6
30453149,90.7
6960991690,90.4
27741192,90.4
6960991686,90.3
12944765921,90.4
6417091547,90.9
620501528,90.9
3477055520,90.9
11310850688,90.8
11686954562,75.1
7539454704,77.4
246157819,71.5
8805692440,71.0
8805692439,70.7
9181468654,70.4
9181468653,70.3
11693464820,89.1
11693464821,88.5
8436449402,95.9
14208218691,96.1
14208218611,96.3
14208218610,96.0
14208218692,95.7
11310850697,95.3
13285994374,92.5
13285994385,92.2
13285994386,92.0
6241348376,84.9
10612997900,85.0
6754929707,85.0
2411594508,84.9
2410587802,84.8
2411594512,85.3
2411594511,85.2
14002202444,85.2
773141730,65.0
9196949001,64.9
9196949000,64.2
2413879080,63.4
2413879086,62.6
2413879095,62.2
2413879084,62.1
2413879088,61.7
2413879079,61.7
2413879082,61.6
2413879073,61.5
2413879089,61.0
2413879076,60.7
773142007,68.2
773141719,67.3
773141873,65.4
9196948990,65.2
773141707,64.9
2413879102,64.6
2413879098,64.4
2413879099,64.1
2413879103,63.8
2413879104,63.7
2413879106,63.5
2413879107,63.2
2413879090,60.5
4452686284,70.2
2413879100,69.8
2413879094,69.3
2413879083,68.2
9196948989,67.4
2413879105,66.9
2413879093,66.6
2413909551,67.4
2413909536,67.1
2413909574,66.4
2413909582,66.1
2413909584,65.5
2413909537,65.4
2413909544,64.9
2413909557,64.5
9196949063,64.1
2413909586,63.9
2413909527,63.3
9196949028,62.8
2413909550,62.0
2413909583,66.9
9196949472,66.9
2413909599,66.2
2413909604,65.8
2413909616,65.5
2413909630,65.1
2413909575,65.0
9196949519,64.7
2413909589,64.4
2413909543,64.7
2413909563,65.2
4208945415,64.6
2413909661,65.1
2413909671,66.1
9196949295,66.2
2413909677,66.4
2413909669,66.0
2413909691,59.7
2413909682,58.8
2417304623,58.5
2413909587,58.4
2413909637,58.2
2413909618,57.8
2413909560,57.5
2413909568,57.4
9196949235,56.9
9197280644,56.6
2413909593,56.2
2413909535,56.4
9196949263,56.3
2413909639,55.8
2413909626,55.9
2413909581,56.0
2413909624,55.7
2413909631,55.6
2413909649,62.8
2413909687,63.6
2413909663,64.4
2413909652,64.6
2413909650,64.6
9196949023,65.9
9196949027,66.3
9196949024,66.8
9196949025,67.5
9196949026,68.1
773142046,68.8
2413909606,63.9
2413909529,63.6
2413909540,63.8
2413909552,63.5
2413909590,63.5
2413909528,63.8
9196949110,63.9
9196949111,64.2
2413909592,64.2
9196949112,64.1
2417322743,64.2
2413909539,63.5
2413909595,63.6
2413909566,63.2
2413909640,62.7
2413909612,62.3
2413909627,62.1
2413909629,62.1
2413909579,61.9
2413909664,61.8
2413909705,61.7
2413909625,60.7
9196949291,60.7
2413909530,60.6
2413909610,60.4
9196949262,60.1
2417304626,60.3
2413909602,60.8
2413909538,60.8
2413909703,60.8
2413909702,61.0
2413909696,60.8
2413909684,61.1
2413909692,61.4
2413909597,61.9
2417304628,62.3
773141839,64.2
2417304622,61.5
9196949045,61.6
2417322744,62.7
9196949022,63.3
10996290716,95.7
10996290714,95.7
9195830738,76.7
2622700040,77.0
6814475868,77.3
2581922772,77.1
1507008780,88.8
1140225528,88.9
6933683565,89.2
10208273231,89.3
1140225534,89.3
6933683573,89.4
10208273232,89.4
1140225508,89.5
243953013,89.5
243953026,88.1
243953027,86.9
243953028,86.3
3478231806,85.5
3478231807,85.0
8669638574,86.6
243953034,90.8
6933731884,90.8
536078462,78.0
11694183432,78.2
246157702,78.4
616029528,78.7
726307486,78.7
27462130,82.3
27462129,74.1
10997917926,87.0
6232041210,87.4
10309850309,87.6
854356651,87.8
12807889537,85.9
12807889538,85.5
10086088867,83.3
13648850209,81.9
10086088866,81.9
12884215052,81.5
13648850211,81.3
1233278077,79.7
13648850214,78.2
14028439114,78.2
14028439117,77.9
13648850216,77.7
1235184804,76.0
13648850217,75.0
14028479138,75.0
255472071,88.0
2615819440,88.1
10997917943,88.2
10543618381,88.3
6457061467,88.3
6457061466,88.1
921100309,88.1
10309733006,88.2
1034822408,85.7
2619304629,85.8
2622700034,76.8
2622700032,76.8
2622700033,76.8
2622700035,76.8
2622700039,76.8
2622700037,77.2
2622700036,77.3
2622700014,77.1
2622700019,78.2
2622700003,77.7
2622700006,77.7
2622700011,77.0
2622700005,76.6
2622700010,76.3
2622700012,75.7
2622700031,77.2
2622700030,77.4
6814475872,77.3
2622702115,76.9
7454874358,76.9
2622700015,77.1
2622700028,77.4
6814482130,77.6
2622700023,77.2
2622700022,77.0
2622700024,76.7
2622700025,76.4
2622700027,76.1
2622700001,77.6
2622700811,77.8
2622700004,77.6
2622700002,78.0
6814482131,78.6
12887768687,78.4
2622700020,75.6
2622700018,75.7
2622700017,76.0
2622700016,76.1
2622700013,76.0
6814482111,77.7
2622700813,77.7
2622702116,76.3
6814482106,77.7
2622699999,78.3
2629255245,78.6
13285969578,79.1
13285969580,78.7
2629255246,76.7
13285969583,75.4
13285969584,74.3
2629255249,73.2
13285969586,73.1
13285969588,73.5
2629255251,74.8
317126430,75.5
2629255253,83.7
4306752951,85.1
3743254528,85.9
14185865508,85.8
10184820074,85.7
12060113189,85.6
2639402471,82.5
8806197950,82.7
347297653,48.9
2660149023,40.0
2754803373,75.3
2754803375,73.3
8807417015,75.7
2754803376,73.2
4784688420,80.0
2947245018,81.7
9484699889,81.1
9484699888,80.6
14106068379,78.3
14106068378,78.4
14106068377,78.5
9484699915,78.9
2940013479,79.6
9484766917,79.7
2940013481,79.9
1760445367,80.1
2940013480,79.2
2940013482,80.3
2940013483,80.0
3028947149,88.4
13329277178,89.6
3478231811,89.6
13329277179,89.2
13877345121,87.9
244513670,86.6
13877345120,86.1
13877345119,85.5
3478231816,85.3
3478231815,87.1
11211456224,87.1
2629255267,76.0
11051408233,76.2
2629255215,77.3
8807484396,77.9
8807484405,78.5
8807484387,78.7
8807484395,79.3
2629255213,79.7
8807484416,81.2
8807486620,81.6
8807486627,82.1
8807486630,82.1
8807486635,81.6
2629255211,81.2
13285969563,80.9
8805693572,80.5
2629255209,80.3
8796993080,80.0
10229648899,79.9
11647933920,79.8
13285969576,75.7
13285969577,77.9
6457061476,87.9
12805014829,89.6
12356304878,90.1
6497636072,90.3
726231184,90.4
2031216606,90.4
2031216602,91.0
3075830121,87.8
14208195096,86.5
6856264270,87.7
4686786690,87.9
14208218601,88.4
14208218602,88.7
1034822513,89.0
14208195100,89.5
1034822384,89.9
6104381922,90.2
14208195098,90.6
3075830117,84.6
6232057593,84.8
2629318699,85.1
6232057599,85.2
6232057598,85.3
3075907244,85.4
10309733004,85.6
13190115161,86.6
6457062087,86.6
12884142390,86.5
8805711924,86.4
3075907251,86.4
10309733005,86.3
2619304638,86.2
3075907257,87.2
12884142376,87.2
6856264269,87.5
3075907259,88.5
8805711920,90.3
8805711933,85.9
8805711932,86.0
3075907236,84.1
6232057597,84.6
6232057596,84.8
6232057595,85.0
6232057594,85.2
8805711921,85.3
3075907239,85.4
3075907250,86.3
12884142360,86.2
3075907245,85.7
12882380649,85.3
8805711926,85.7
14208195076,85.6
3075907241,85.7
3075907240,85.8
6391530840,87.9
14208195060,87.9
6391530839,87.9
14208195058,87.9
14208195059,87.9
6391530838,87.8
6391530837,87.7
1231819958,87.5
9426828200,87.3
6391530836,87.3
6391530835,87.4
3075907256,87.3
6235708018,86.8
10309733002,86.8
12881309127,87.1
3075907258,87.1
12884142368,87.1
479571822,69.7
3743254503,70.4
14089071568,70.4
14089071569,70.5
14089071567,70.6
479571824,71.0
14089071570,71.0
11512399064,71.0
11512399065,70.9
479571826,71.1
14089071573,65.9
479571857,66.1
13676240536,66.5
13676240537,66.8
14089071576,66.9
479571861,67.0
14089071575,66.9
13676240538,67.0
479571863,66.8
479571866,66.5
3743254512,65.5
13676240535,65.3
14089071592,65.3
724834735,65.1
3743254513,64.2
3743254514,62.9
724834766,63.2
14089071591,62.9
14089071590,62.9
14089071589,62.6
479571871,62.5
14089071588,62.3
3743254515,62.0
479571877,60.8
14089071587,60.5
14089071586,60.4
14089071585,60.5
479571879,60.0
14089071584,59.9
14089071583,59.7
14089071582,59.6
479571881,59.0
14089071581,58.5
14089071580,57.8
14089071578,57.5
14089071579,57.2
479571884,56.8
14089071577,56.5
479571886,56.1
479571890,55.9
3743254516,55.7
14089071596,55.6
14089071597,55.4
479571892,55.3
479571894,54.6
14089071598,54.4
724834620,54.1
3743254517,53.7
724834741,53.4
14089071599,53.3
14089071600,53.2
11512423582,52.9
724834771,51.4
479571896,48.7
479571898,45.5
14089071601,44.2
479571900,42.1
13025695814,41.7
14089071635,41.1
479571903,40.1
13025695813,35.5
12336265421,94.1
3224381806,95.5
11206931634,95.4
3224381807,95.7
1386719245,97.4
3227524389,95.5
1386719182,95.2
3227524388,95.0
3492713113,96.9
3492713122,95.8
3492713128,95.6
11206931635,97.6
1386719230,97.7
1386719195,98.6
3227524394,99.0
1386719251,99.4
29767867,95.7
11206972347,95.7
6796333409,95.8
1386719194,100.5
1386719250,100.2
5631307130,100.1
5631307129,100.1
5631307128,100.0
5631307127,99.9
5631307126,99.9
5631307131,99.8
5631307125,99.7
5631307124,99.6
5631307123,99.5
5631307122,99.5
1386719169,94.4
1386719210,94.4
3227524399,94.7
1386719177,95.3
1386719221,95.7
6380142722,96.3
6380142721,96.3
8806197938,77.8
6359466801,77.4
6359466797,77.7
3301456849,78.4
3301456850,79.1
6359466879,79.2
3301456851,79.3
6359466826,79.8
8725875709,83.8
3301456852,83.8
971076263,80.9
8806197939,81.3
8806197940,82.0
6424890206,82.2
353015234,82.3
6299650917,82.7
8725875682,84.1
6074341070,84.3
6299650914,84.4
13050745663,84.8
6091768206,87.2
12060119844,84.4
971137164,84.2
428089423,74.3
1416039447,74.4
11206972355,96.4
8691222350,96.6
11647933944,74.3
3755910630,74.3
3755910629,74.5
11647933943,74.1
3755910631,73.9
6232057559,87.1
6232057560,87.1
6232057561,86.6
3304905536,86.6
6232057562,86.6
726826031,22.2
11082914343,22.1
11082914346,22.4
3438446786,24.2
8648325787,30.1
347296486,30.6
8648325788,31.1
12784864802,52.6
8648325800,52.7
3474558295,53.1
8648325799,53.6
12784864801,53.7
566390016,60.3
8648325772,60.4
3474558296,60.5
8648325771,60.7
12784804780,64.7
8649243358,64.7
8649243357,64.7
12784804779,64.7
8649243340,72.0
8649243339,72.5
12666135102,73.2
8649243319,73.1
3474558300,73.0
8649243318,72.8
12666135103,72.8
8649304273,76.7
3474558303,76.9
8649304272,77.1
12666145756,83.7
8649304307,83.8
3474558305,83.9
8649304306,84.1
12666145757,84.1
8748461353,84.9
8649326619,87.5
3474558308,87.7
8649326618,87.6
12784804770,92.7
8649304299,92.8
11251311214,73.1
8649304239,72.9
9029105492,73.0
10187782521,73.9
3474558311,74.3
12666145758,76.5
8649304271,76.5
8649304270,77.4
12666145759,77.5
8649304244,82.4
3474558171,82.5
8649304243,82.5
12666145765,82.9
8669234946,82.9
8669234945,82.9
12666145764,82.9
8669234937,83.2
3474558110,83.3
8669234936,83.3
12666145770,85.6
8669233480,85.6
3474557977,85.9
8669233479,86.2
12666145771,86.2
11142096475,89.0
8669233487,88.9
347297401,89.1
3474558312,83.1
8649304309,83.7
8649304308,83.9
12666145760,85.3
8649304264,85.3
3474558173,85.6
8649304263,85.9
12666145761,85.9
8669235025,88.2
8669235024,88.5
12666145769,89.9
8669235037,89.9
3474558111,89.9
8649304305,86.3
9029123494,86.3
3438466924,86.9
12784804775,87.5
8649326621,87.5
8649326620,87.7
12784804776,87.8
8649304288,89.5
3474558175,89.7
7907560710,5.5
29822826,5.7
7907560732,5.8
7907560709,5.8
7907560733,5.8
29822945,5.7
7907560708,5.6
29822946,5.3
29822827,4.9
7907560741,4.4
12926617110,4.3
479571926,4.3
7907560739,4.3
7907560738,4.3
14020204737,4.3
12926617125,4.3
7907560737,4.2
7907560735,4.2
7907560734,4.2
29822829,4.2
7907560736,4.1
11646067776,4.0
8636706786,92.8
11251379141,92.7
12784804764,85.9
8636712947,85.9
8636712946,85.7
12784804765,85.6
8636706804,69.2
30530796,69.1
8636706805,68.7
13204010826,63.0
8629713612,63.1
30530792,63.2
11647933919,79.5
10229648897,79.4
11051376898,79.3
6387988178,79.2
10229648901,79.1
6387988088,78.9
2629255206,78.7
10229648902,78.7
6387988094,78.5
26046235,78.4
6387988144,78.2
6387988153,78.0
10229648898,77.6
6387988119,76.8
6387988104,76.7
6387988112,76.2
6387988100,75.8
26046236,75.1
8806197920,73.6
10229648895,80.3
8796993079,80.4
3301853637,80.6
2629255234,80.8
6762422981,81.0
13285969561,81.2
2629255236,81.5
2629255239,80.4
3477055875,78.0
8807515975,77.5
11051408232,76.6
26046207,76.5
971076231,81.0
14030791078,81.0
3476051295,80.2
12920219049,87.3
27699305,88.5
347314612,89.2
10543567923,89.6
3477055872,80.1
14080555829,80.3
14030791077,81.0
26046290,96.0
6292505708,95.9
12947741439,95.9
12805251450,96.1
12805251442,96.9
13660483605,94.7
6580674918,94.8
14208218683,94.9
9339311957,95.6
14208218689,95.8
14208218690,96.0
3477055561,90.8
27699300,90.8
10543567922,90.8
6417091548,90.8
726826003,75.2
13113331936,75.1
13099588819,76.6
347405177,76.8
428218874,75.5
12996765345,75.5
11310614303,75.6
8708065030,75.7
726826000,77.1
12331282086,77.2
7245865829,77.8
7245865837,77.7
11142096492,75.9
8708065031,75.8
10997917936,88.1
3478231667,88.2
10997917937,88.2
3478231669,88.2
10997917938,88.2
11211456227,87.6
3947531259,87.8
243953009,88.4
6933683567,88.5
616030013,88.9
616030014,88.9
8636706753,89.1
616030016,89.4
3340413804,90.1
577452921,88.9
3889813878,90.8
5290614727,90.3
6419638352,88.8
3488070917,87.0
3488069332,86.7
6419638353,86.8
3488069334,87.7
3488069336,88.9
3488069363,85.8
6419638350,89.0
11310850701,90.7
8805686108,85.8
8487299914,85.7
2629318696,85.7
10211049470,86.3
2619304636,86.4
10211049471,86.4
2629318695,86.2
3488069354,86.2
3488069351,86.1
3488069352,86.2
3488069331,86.9
3488069378,87.0
14077890672,87.2
14077901814,87.8
3488069333,87.8
14077901813,88.0
3488069335,89.2
3488070918,89.3
12881569229,90.9
9339357359,90.9
3488070961,90.8
3488069339,91.4
12674019100,91.4
3488069340,91.1
3488069341,91.1
3488069348,91.1
3488069369,91.1
6419638260,90.9
3488070914,91.0
3488070915,90.9
9339357358,91.1
9339357360,90.8
12881560992,90.8
3488069356,85.9
3488069376,87.0
3488070916,89.2
12881569222,90.9
3488070963,90.9
3488070949,91.0
7855938525,91.0
1677835628,90.9
1677835626,90.8
1677835625,90.8
1677835627,91.0
428210515,90.1
7855938527,90.0
3488070912,89.5
7855938526,88.1
14077901810,87.9
14077901808,87.8
7855938529,87.1
3488069358,87.9
3488069365,87.2
3488069349,87.3
3488071207,90.9
14057506748,91.0
14057506742,91.0
14057506750,90.8
14057506743,90.7
14057506739,90.6
3488072320,87.9
6116641932,87.6
14173829494,87.6
6091821116,87.6
3488072081,87.6
3488071582,87.6
7855921268,87.2
14185865514,86.7
7855921267,86.6
14185865318,86.6
9339357362,90.8
3488071201,90.8
3488071221,88.3
3488071225,88.3
3488071239,88.4
3488071283,89.2
3488071272,89.0
6417091545,90.8
6417091546,90.8
3488071242,90.8
3488071290,89.4
3488070919,89.2
7855921265,87.9
3488070921,86.7
7855921280,86.7
14185865315,86.8
14185865402,86.9
14185862863,87.0
14185865509,86.9
12881569207,87.3
12881569206,87.7
12881569205,87.7
12881569204,87.6
3488070929,87.7
3488070931,87.7
3488070937,87.9
3488070953,88.9
12881569201,88.8
3488070948,88.7
7855921279,88.9
12881569202,89.1
3488070954,89.1
3488070958,89.2
12881560999,90.2
12881560998,90.1
12881560997,90.1
7855921277,90.3
14185865364,90.4
12881560996,90.4
12881560995,90.5
12881560994,90.5
14057506762,90.5
14057506787,90.3
5290614705,90.2
7855921256,88.0
7455173956,87.9
5771946193,88.1
5771946194,87.8
14185865408,87.8
14185865521,87.7
14185862813,87.7
14185862816,87.7
14185865329,87.7
7855921252,87.0
3488070926,86.9
7855921281,86.7
14185865479,86.7
6417091550,90.8
12881569231,91.0
5290614697,89.1
12881569226,86.7
3488069379,87.0
14185862892,87.3
14185862805,87.5
14185862812,87.7
3492126944,87.7
5771946171,87.7
7855921273,87.7
6327754965,87.4
5771946170,87.5
14179670363,87.5
6358838863,87.4
3488071498,89.4
14209454353,89.2
5051070671,88.9
5850510744,88.0
14185862847,87.7
7455173955,87.7
14185865403,87.8
7855938498,87.8
5290614738,88.0
5290614739,88.1
14209454356,88.1
3488072297,88.2
14204826317,88.0
14209454387,87.9
1315815934,3.4
1315815929,3.5
1315815926,3.7
3488722350,3.5
6796333335,91.6
13285994379,91.0
6796333330,90.4
627860713,90.0
6796333341,89.1
6796333325,88.7
6796333336,88.6
6796333323,88.5
9651085856,87.9
6796333308,86.7
6796333311,86.4
6796333304,85.8
8805786556,85.4
255473973,84.9
13285994334,84.8
6796283673,84.7
13285994331,84.6
6796333302,84.4
6796333296,84.1
6796333290,84.0
627860724,83.9
6796333285,81.6
6796283682,81.1
13285994330,81.1
8807912197,80.9
8807912191,80.5
8807912174,80.4
8807912136,79.1
8807912127,78.9
13285969564,76.7
921100316,76.6
10593126859,90.3
10593126860,90.3
12944765922,90.3
6960981081,91.2
12944765936,91.2
1120799595,90.9
6294222919,90.8
10593126862,90.4
6294222905,90.3
6294222887,90.8
12944765946,90.8
9651085858,91.0
7708055091,91.0
6294222911,91.3
9651085857,91.3
6294222913,91.1
6960981080,91.1
1123072973,91.1
12944765937,91.1
10760636726,91.0
6580640235,91.0
3492713121,95.5
298548978,91.7
3492713210,90.6
3492713213,90.1
3492713215,90.0
6796333353,90.0
3492713216,90.1
3492713214,90.2
6796333345,90.2
3492713212,90.2
6796333348,90.3
3492713209,90.3
29208011,90.3
971300543,95.9
6803071060,96.5
3492713184,96.7
3492713179,96.8
3492713173,96.9
3492713168,97.0
3492713164,97.1
3492713158,97.2
3492713154,97.3
3492713151,97.4
3492713142,97.5
12944779772,96.9
3492713144,97.0
3492713145,97.3
3492713149,97.5
3492713150,97.5
6960981058,96.3
6960981060,96.4
6960981059,96.3
13285994409,96.2
6960991687,90.3
14208218626,90.4
14208218627,90.4
4697067473,90.3
14208218628,90.4
10187286519,90.3
14208218629,90.3
6960991691,90.4
527770893,91.7
13285994375,92.0
298548980,92.1
3492713197,93.9
3492713195,95.2
3492713194,96.0
4734212726,98.8
29767869,100.3
3492713148,91.7
11251311206,90.5
12944765925,90.3
3492713203,90.3
3492713205,90.2
3492713206,90.1
3492713207,90.1
3492713204,90.0
3492713202,90.3
3492713095,97.0
3492713104,96.8
6960981040,95.7
336921038,96.9
6960981041,97.0
6960981042,97.1
6960981043,97.1
6960981044,96.7
6960981045,95.8
6960981046,95.7
3492713090,97.3
3492713112,96.9
3492713107,96.9
3492713097,97.2
3492713106,96.8
3492713133,96.8
8691222351,96.8
3492713125,96.9
3492713111,96.3
3619315803,77.4
8632617998,84.7
3728681871,96.2
3728681872,96.3
3728681873,96.4
3942873378,96.4
3728681874,95.7
3728681875,95.9
6940315850,94.7
3728681691,94.7
478181392,79.0
721620209,78.6
14089071733,18.4
482786219,17.6
14089071737,17.1
9029453827,16.4
3743254506,74.9
317126440,73.9
13469607162,73.6
13469607161,73.3
13469607160,73.1
317126442,72.3
13469607159,72.4
317126444,71.5
13469607154,71.2
317126445,71.1
13469607157,71.1
13469607155,71.1
13469607156,71.1
11512423570,71.1
13469607158,71.2
11512423571,71.6
317126446,71.8
317126447,71.9
11512423572,71.9
317126448,71.7
11512423573,71.5
13469607153,70.8
11512423574,69.9
11512423575,68.1
13469607151,65.6
13469607152,65.2
11512423576,64.7
13469607150,64.1
317126451,63.4
13469607148,61.9
13469607149,61.7
317126452,61.4
13469607147,60.6
317126453,60.3
317126454,59.6
317126455,58.5
14089071595,58.3
14089071594,57.8
14089071593,57.0
317126456,63.8
479571915,54.6
317126458,48.4
3743254507,45.0
3743254508,44.5
317126460,42.4
3743254510,41.8
14089071606,40.3
14089071607,40.0
317126461,39.8
724834649,39.2
14089071605,38.4
724834709,37.9
724834592,37.4
317126462,37.2
13469028440,37.7
317126463,38.1
317126465,38.4
317126469,38.3
317126470,38.0
13469028439,37.9
3743254511,37.7
317126471,37.4
13469028438,36.5
724834585,75.3
724834677,75.5
724834777,76.0
724834625,76.0
724834726,76.2
724834606,76.4
11512423583,76.5
724834701,76.3
724834665,76.1
14089071485,76.1
724834764,76.1
14089071486,76.2
724834644,76.5
724834745,76.7
724834710,76.8
724834593,77.0
14089071487,77.3
724834687,77.3
724834752,77.6
724834632,77.9
724834733,78.2
724834612,78.3
724834580,78.7
724834650,79.5
724834622,80.2
724834602,80.8
724834661,81.0
724834761,81.2
724834641,81.3
724834742,81.3
14089071484,81.2
724834706,81.3
6047202821,72.7
6047202822,72.8
6047202823,72.5
13186842668,72.5
6047202824,72.6
6047202825,72.7
13186842666,72.8
13186842667,72.8
6047202826,72.8
13186842669,72.8
6047202827,72.9
13186842670,73.1
6047202828,73.0
1151835727,72.7
6047202830,72.6
13186842671,72.8
6047202829,73.0
3743254607,72.9
3743254602,73.1
6958278716,73.0
3743254608,73.1
6958278721,72.8
13186842673,73.2
3743254609,73.4
13186842672,73.9
13186842674,73.3
3743254610,73.0
13186842675,72.9
3743254603,73.7
3743254611,73.9
13186842676,74.2
13186842677,73.6
6958278717,73.2
3743254604,74.3
6958278718,74.5
13186842678,74.3
3743254612,74.2
13186842679,74.5
3743254613,74.6
7170651138,74.6
7170651140,74.8
7170651139,74.9
3743254614,75.1
6958278719,75.3
13186842680,75.5
3743254615,75.1
6958278720,75.1
3743254605,75.0
3743254616,74.1
7147625881,73.9
7147625882,74.2
3743254606,74.0
3743254617,73.9
721620266,78.3
721620245,78.3
721620298,78.1
8600558122,77.4
1416039377,73.5
11647933924,73.3
428089419,73.2
428089420,73.8
428089422,74.0
1416039451,74.6
1416039500,74.9
1416039528,74.8
1416039503,74.6
1416039476,74.5
1416039430,74.4
1416039398,74.2
11647933923,73.6
2629255221,74.3
244058967,77.5
12786862482,77.4
8600552609,77.5
3866210303,77.5
12786862483,77.4
8600552599,76.9
13097016074,76.7
3474557974,77.3
8669233512,77.3
11142096476,77.2
8669233476,77.2
52923201,77.3
8669233510,77.5
11650427947,77.6
8669233477,85.6
8669233478,86.2
11650427948,89.4
8669233497,89.4
3474557979,89.5
8669233498,89.5
11650427949,89.5
8669235044,93.6
3474557981,93.5
8669235043,93.4
11650427952,89.7
6933731867,89.7
8669234969,78.7
11142096479,78.1
8600552600,77.9
52919563,77.8
8669234971,78.9
12666145742,79.1
8669234917,78.8
3474557971,78.4
8669234918,78.0
11650427946,77.1
8669233511,77.1
320725995,28.0
320725997,27.6
13186888125,27.2
320725999,26.9
320726000,26.4
13186888122,26.3
320726002,26.2
13186888121,26.0
320726003,25.7
13186888124,25.6
13186888123,25.5
8633288628,86.9
27699361,86.8
11654997020,83.5
9325220283,88.6
6386680165,88.8
8633295762,90.6
7519538201,92.4
7519538194,92.6
26046202,92.6
8763497521,92.5
7519538310,92.5
8763497535,92.4
7519538312,92.2
8763497541,92.1
7519538189,92.1
7519527884,91.3
3889807637,90.6
729440532,78.1
12887768667,78.0
10187281994,79.2
10187281997,79.2
766968928,79.2
3908670330,92.0
3908670331,92.3
3908670332,92.3
3908670329,91.9
10760636719,90.9
3942873379,96.3
3942873380,96.4
3942873381,96.5
3942873382,96.4
3942873383,96.4
3942873384,96.7
3942873385,96.8
3946719570,98.5
3946719571,98.6
6290257930,98.7
6290257931,98.5
4041229909,17.6
4041229904,6.2
8748513703,18.6
4041229908,17.0
4041229907,16.5
4117213466,81.7
4117213464,81.8
4117213462,81.8
4117213461,81.9
4117213463,81.9
4117213467,82.0
4117213469,82.0
4117213471,82.0
4117213473,81.8
971076189,81.8
4117213475,81.7
4117213474,81.7
4117213472,81.6
4117213470,81.6
4117213468,81.6
11417928254,81.5
971076086,81.7
2417304629,69.3
773141990,69.7
773141872,69.7
9196948980,70.4
773142006,70.6
773141804,70.8
773142097,70.9
773141914,71.0
773141743,70.9
9196948974,71.0
9196948979,70.9
9196948975,70.8
9196948978,70.9
9196948976,70.9
9196948977,70.8
4208945413,62.2
4208945412,62.6
2413909573,62.1
2413909685,62.8
2413909660,63.3
2413909667,63.3
9196949015,61.4
2413909542,61.4
9196949014,61.3
9196949013,61.8
2413909619,62.1
9196949012,61.6
9196948942,62.6
9196949016,62.5
2413909674,62.2
2413909545,61.8
2413909676,61.2
4208945414,64.2
2413909562,65.2
4213259932,13.0
4213259926,14.5
4213259934,15.8
4213259928,17.4
4213259927,17.7
4213259936,17.7
4213259935,18.0
4213259933,16.0
4214222415,20.3
8748535296,23.0
11142913964,21.3
11142913963,21.5
8748535298,22.4
8465247407,78.4
4236742011,78.2
4236742010,78.0
8465247408,77.8
4236742009,77.6
4249463681,82.3
4249463676,82.2
4249463683,82.1
4249463680,82.1
4249463684,82.2
4249463674,81.8
4249463678,81.8
4249463677,81.5
12880398220,81.5
12880398223,81.5
12880398222,81.8
12880398224,81.8
12880398221,81.8
4249463673,81.7
8636712990,89.5
8636706791,89.4
9708004292,89.9
9708004291,90.3
8763497550,91.6
347406558,29.6
4319137530,10.4
4319137537,9.2
4319137534,4.7
728152809,35.4
4319137536,33.4
4319137535,21.9
4319137529,21.0
4319137531,18.1
2660149027,17.9
4319137532,14.5
4343683970,84.3
4343683968,84.3
4343680241,84.3
12776790930,84.5
4343683972,85.0
12776790941,84.9
12776790931,84.3
4343683973,84.0
12776790942,85.0
4364037757,83.3
6484929614,83.2
4364037754,83.1
5830834610,82.2
6484929608,81.6
6497673942,81.3
4409062581,16.5
4409062587,16.4
4409062582,16.2
4409062583,16.8
4409062584,16.9
4409062585,16.7
4409062586,16.7
4409062588,15.9
4409063589,17.0
4409063590,20.7
4409063591,20.8
4409063592,20.0
4409063593,19.7
2413879101,72.0
9196948973,71.0
773142070,70.5
773141877,69.7
773141723,68.5
773141889,68.4
773141733,68.3
9196948944,68.4
773141819,68.3
773142111,68.1
773141945,68.1
9197280647,68.5
9197280634,68.6
773141754,68.8
9196948998,68.6
1234868026,72.8
1234868249,72.8
1234868181,73.1
6235666500,73.5
1234868235,74.4
4452707614,72.7
10016721396,73.0
4452707613,73.3
10016721397,69.7
13443439753,69.7
10016721398,70.4
4452707615,71.0
4452707617,71.8
10016721399,72.2
1140225493,89.8
11206931629,89.3
6958778511,81.2
243953003,80.4
469415049,79.7
8577366572,77.9
13266179560,78.0
8949789944,78.7
13266179553,78.8
13266179554,78.8
8949789945,78.7
745849615,78.7
4483112863,78.9
13266179549,79.1
676620308,79.1
14065084904,65.2
14065084903,65.5
14065084905,65.3
3743254577,65.1
4484561912,94.3
4484561918,94.5
4484561917,94.9
4484561906,94.9
4484561922,94.4
4484561924,94.1
9325806595,94.8
4484561905,94.8
9325806594,94.8
336013529,94.7
9325806593,94.7
4484561908,94.6
9325806592,94.6
4484561909,94.6
4484561911,94.5
621511839,90.2
6361416933,85.1
4510121102,90.1
5850072941,91.5
5850072940,92.7
5850072946,92.9
4513862635,94.1
13687441490,31.7
7167301959,32.0
10756793174,32.1
10756793175,32.0
317504883,32.1
317504884,31.6
10756793176,31.7
10756793136,31.7
10756793138,31.6
10756793139,31.7
317504886,32.2
10756793170,32.1
10756793169,32.6
13687441434,32.8
13687441433,32.9
10756793166,33.1
10756793167,33.0
13687441432,32.9
13687441431,32.9
13687441430,33.2
10756793168,33.6
13687441429,33.6
13687441428,33.8
13687441427,35.1
10756793140,35.1
13687441422,34.4
10756793141,33.6
317504891,34.1
10756793142,33.9
10756793143,34.1
10756793165,34.2
317504892,33.7
317504893,33.7
317504894,34.5
317504895,34.7
10756793144,34.3
10756793145,34.0
317504896,33.8
10756793146,33.5
10756793149,33.4
10756793147,33.8
10756793148,34.2
317504897,34.0
317504898,33.0
13687441415,33.1
13687441414,33.0
317504899,32.8
13687441413,32.9
10756793150,32.9
13687441409,32.8
13687441411,32.9
13687441412,32.9
13687441410,32.6
317504900,32.5
10756793163,32.4
10756793164,32.4
317504901,31.9
317504902,31.9
10756793151,32.0
317504904,32.2
10756793182,32.2
317504906,32.3
10756793183,32.5
317504907,32.6
2734478805,33.0
10756793152,33.5
317504909,34.5
10756793154,34.8
10756793153,34.5
2734478803,34.4
10756793155,35.3
10756793156,35.7
10756793157,35.8
317504910,36.1
2734478801,36.7
10756793158,36.5
317504911,36.3
13654061254,37.0
317504912,37.0
10756793159,37.2
10756793160,38.0
317504913,38.8
317504914,39.1
13687441393,40.9
13687441394,41.0
13687441395,40.9
317504915,41.2
13687441392,41.6
10756793184,41.7
10756793185,42.1
317504916,42.6
317504917,42.4
317504918,43.3
317504919,43.3
9777940302,45.7
4540150509,73.5
9196948928,73.3
9181468652,69.0
8805711929,69.5
8487320324,69.8
879369145,69.1
8805711931,68.7
879369106,68.5
246157804,68.7
6434652738,68.8
879369127,69.8
6232057578,69.3
11142096469,90.6
6933731861,90.6
11142096472,90.5
8931454770,90.4
6933731858,90.5
4547268731,73.0
4547268730,73.1
10229648880,81.8
10210937456,84.3
14208218631,90.8
536078388,90.7
14208218630,90.7
30453150,91.1
29767862,90.9
12060149244,90.9
2629255223,78.6
11647933926,76.1
11647933947,74.5
11647933925,74.2
11139771371,22.8
11142913950,22.8
11139771381,22.8
1036922329,23.1
6345563946,37.1
8748319065,37.2
11402441892,37.2
8748319082,44.4
251651581,44.7
8748319083,44.9
12786862412,55.1
8748319089,55.2
320731633,55.3
8748319090,55.4
12786862411,55.4
8748319109,55.4
338356979,55.4
8748319108,55.3
338360595,54.8
11142050384,54.7
8748321017,54.7
251651582,54.8
8748321044,54.8
11142050383,54.8
465189812,56.2
8748321054,61.8
6615796265,62.0
11000943946,94.4
11002164475,94.1
11000943947,95.0
971434511,95.1
5565193505,85.0
10187060768,77.1
5354820397,77.7
4676409883,77.8
4676409884,77.7
4676409885,77.5
4676409886,77.3
4676409888,77.0
4676409887,77.3
10187060769,77.6
12622216611,53.4
12622216612,53.3
12622216603,53.1
4690339550,52.1
27462127,50.4
4690339556,52.7
12622216610,53.1
12622216602,53.2
12622216609,53.3
4690339552,53.2
1715830610,53.3
12622210391,53.4
12622216601,53.2
12622216613,53.2
4690339555,52.9
4690339554,53.0
12622216608,53.1
4690339553,53.1
246157791,63.2
246157793,63.9
246157795,65.8
246157783,54.2
246157778,51.3
13443439735,51.3
30453157,91.3
336016584,91.7
9339328198,91.7
13799399342,92.0
427907433,92.1
14208218698,93.0
14208218697,93.3
6424388827,93.4
14208218700,90.9
27699303,91.1
6796333375,90.0
10593126861,90.0
6419761802,89.8
6796333350,89.6
6419761808,89.6
4697067472,89.5
8809795324,89.4
6419761815,89.4
13285994402,89.5
8487320332,69.2
8487320330,69.3
8487320331,69.3
6232057579,69.0
427466828,28.8
9532410929,25.9
11139771377,23.1
11206972340,95.1
3301871007,96.4
6434281275,81.3
12887391102,81.4
1123073010,100.6
1123072908,99.6
1123073262,99.4
1123072879,99.2
1123073166,97.9
1123073061,97.4
6419761448,101.4
1123072999,101.4
12913615599,101.3
1123073251,101.3
1123073151,101.3
1123073046,101.3
1123072936,101.1
12920194447,101.0
1123073290,100.8
6232041259,87.4
4759597912,87.5
4759597908,87.6
6232041258,87.8
4759597911,87.9
6232041257,88.1
4759597914,88.3
4759597913,88.8
6232041252,88.9
4972571528,88.7
7907560715,74.5
14030758238,85.5
12884215045,82.8
10086088825,82.8
4842689412,80.8
4842689411,80.5
14208218625,90.9
14208218624,91.0
29208010,91.0
10543567921,91.0
8805786552,90.1
6328178694,90.6
8805786551,91.0
13285994347,91.5
8807924228,91.6
12887391194,93.9
12887391195,93.8
621511893,93.8
12887391192,95.6
9324681119,95.5
428236277,95.4
10591239456,96.1
12947741440,96.2
6292096410,96.6
3743254583,66.0
650011184,66.0
650011186,66.4
3743254584,66.4
650011187,66.7
650011188,67.0
650011189,68.8
10211077794,68.9
10211077759,69.4
1034822363,95.2
1034822368,95.2
621511940,95.3
14208218658,95.4
621511934,95.4
14208218657,95.3
14208218656,95.3
12884142392,86.0
2619304637,86.0
12884142391,85.9
2619304635,85.8
14028479141,74.5
13648850220,74.4
9890365417,72.4
13277067066,72.1
676620140,69.9
4059372413,69.3
1233039547,68.3
10997917933,87.6
3478231661,87.6
10997917934,87.7
3478231663,87.8
10997917935,87.8
854403333,61.4
443614794,61.3
582269564,61.3
6434674216,61.2
443614795,61.1
854403340,60.9
582269565,60.9
13921418907,60.7
13921418905,60.6
13921418908,60.6
13921418906,60.6
6410851980,90.9
14209454389,91.1
971125825,91.3
6417091563,91.5
6410851964,91.6
8805686107,85.8
2619304631,85.8
6235707995,85.9
2619304634,86.1
52715953,85.2
7481760962,85.3
12060113203,85.3
12922400299,85.6
26046245,85.7
677596682,85.8
12922400300,85.7
7481760919,85.7
12060113208,85.5
5850072943,85.5
5850072934,85.3
12060113209,85.2
12060113210,82.5
5850214026,82.5
52715554,84.0
12060113202,85.1
7481760960,85.1
729440539,80.5
13050735298,79.9
9195830744,77.7
14020003429,77.7
12922419532,85.1
12060113201,85.1
709178817,84.0
709178838,84.0
14207217315,84.1
14207217314,84.3
6794450868,84.3
14207217313,84.5
582292706,84.6
276323374,84.7
12887768699,84.8
626086900,84.8
6794450817,85.0
6794438495,85.3
14204826370,85.2
5850510745,88.6
6581140890,88.2
5051070693,87.9
5051070692,88.1
5051070680,88.3
5051070691,88.3
5051070681,88.2
5051070690,88.4
5051070682,88.5
5051070689,88.4
5051070688,88.3
5051070687,88.4
5051070686,88.7
5051070685,89.1
10647513672,90.6
7059323437,90.4
6874837419,90.6
5174204252,97.1
5174204251,97.3
5174204249,96.4
5174204248,96.6
14192021667,89.3
5850510743,89.3
6497651035,90.5
3477055511,88.6
1722558029,88.7
7278855501,88.8
5290614731,88.8
1722558030,88.8
4439973890,90.3
13632946153,90.5
5290614733,90.5
6415149306,89.1
6581140889,88.3
6410852498,88.1
6410852499,88.1
14104376393,88.2
14204807992,88.2
6167677493,88.2
5290614742,88.2
7451255943,86.4
7451255954,87.4
6903819869,87.6
12060113218,95.9
12837509635,95.7
5295101425,95.7
5295101424,95.6
6327816572,94.2
6327817090,94.2
5953014007,93.9
12887391136,93.9
1633378749,93.9
11002164422,93.9
8990500667,95.3
6336549673,95.7
8990500664,95.8
5295101429,96.0
1062435429,86.9
5295101438,87.9
5295101437,88.1
5295101436,88.4
5295101435,88.4
5295101434,88.5
5295101433,88.6
14204826364,86.3
5960541924,87.4
5470278112,86.6
5470278113,86.7
5470278114,86.9
5470278115,87.0
5470278116,87.0
5470278117,87.1
5470278118,86.7
5470278119,85.8
5470278120,85.8
5470278421,85.9
5470278422,86.7
5470278435,84.7
5470278436,84.8
5593961424,85.0
14204807950,85.4
8636706787,86.8
8636712994,93.2
13260178906,72.5
13260178997,72.5
13260178909,72.5
13260178996,73.4
9203426688,88.9
5563248221,89.6
5563248224,89.7
5563248222,89.8
5563248223,89.8
14204826377,90.9
14209842856,85.1
5565193506,85.9
12887776901,86.3
12887768700,86.3
5589272348,79.7
5589272350,79.8
5589272349,79.4
5593738941,87.2
6074342213,86.6
8725912528,84.9
5593988101,86.7
5593961219,86.8
13755654852,86.8
5593961220,87.3
13755654851,87.2
13755654850,86.3
5593961421,85.9
13755654849,85.6
13755654848,85.3
5593961422,84.8
5593961423,84.7
12891953115,86.6
13755654854,86.6
13755654853,86.7
13755654855,85.0
13755654856,84.3
13755654857,84.3
13755654858,83.3
13755654859,82.8
13755654860,82.7
13755654864,82.5
13755654863,82.0
13755654862,81.7
13755654861,81.7
5593988102,81.5
5593988103,82.8
5615933594,91.6
7509484132,90.4
5627242480,90.4
7509484136,90.8
3227524396,100.5
5631307165,100.5
5631307164,100.5
5631307163,100.5
5631307162,100.5
5631307161,100.5
5631307160,100.5
5631307159,100.5
5631307158,100.5
5631307157,100.6
5631307156,100.6
5631307155,100.6
5631307154,100.6
5631307153,100.7
5631307152,100.7
5631307151,100.6
5631307150,100.6
5631307149,100.6
1386719185,100.6
5631307148,100.6
5631307147,100.6
5631307146,100.6
5631307145,100.6
5631307144,100.6
5631307143,100.6
5631307142,100.6
5631307141,100.6
5631307140,100.6
5631307139,100.6
5631307138,100.6
5631307137,100.6
5631307136,100.6
5631307135,100.6
5631307134,100.6
5631307133,100.6
5631307132,100.5
11206931630,87.1
11206931631,87.1
3478231798,87.4
3478231800,87.8
9712763993,90.5
7059323428,90.6
7059323434,91.0
7059323433,91.2
7059323431,91.4
7855886595,91.3
7059323430,91.4
7059323442,91.6
7059323423,91.7
7855886596,91.7
9712764000,91.5
7855886607,89.8
6091821115,89.8
6794438547,93.7
5953000943,93.6
5771946031,91.5
5771946030,91.8
5771946028,91.8
7729202860,91.8
5771946033,91.2
1633378781,91.3
5771946036,91.2
5771946035,91.4
6497685259,91.4
10187282012,86.4
6327754955,86.3
10187282013,86.3
14192021645,86.4
6625469766,89.8
5973753611,90.9
9441250702,91.5
5973753615,90.1
5973753614,90.1
5777925890,90.2
5973753605,90.9
5777925891,91.3
3015510225,82.9
5830834613,82.6
5830834612,82.5
5850072920,93.6
5850072919,93.5
5850072918,93.3
5850072922,93.5
5850072921,93.4
8660115539,93.4
5850072931,93.8
6778864712,95.7
14208218607,95.8
6424389219,94.4
12887776906,94.5
12887391137,93.6
7042300128,93.2
5850072939,92.6
5850072942,89.4
5960558158,91.7
5960558157,93.2
5850072949,93.4
12887391135,93.5
7042300105,91.0
5850072944,86.1
12060113204,85.9
1060937598,94.0
5850072964,92.2
8990552587,92.4
5850072963,92.5
5850072962,92.7
5850072961,92.7
5850072960,92.8
5850072959,93.2
5850072976,96.0
5850072975,95.9
5850072977,93.6
1633378744,93.6
5850073003,92.6
5850072998,92.6
5850072997,92.3
5850072996,92.3
5850072995,91.8
5850072994,90.9
11002164481,90.9
5850073001,92.5
11002164430,91.8
5850073004,92.9
5850073002,92.5
11002164491,91.6
7855938502,86.4
13544957518,86.7
5850073007,86.7
5850214022,78.4
6713739317,78.3
1143349127,79.0
12060113206,85.2
5850214028,83.8
10187060815,82.5
5850214027,82.3
5850214075,82.3
5850214074,82.3
5850214073,82.2
5850214072,82.3
5850214071,82.3
5850214070,82.2
5850214069,81.9
5850214068,81.8
5850214067,82.1
5850214066,82.1
5850214065,82.1
5850214064,82.1
5850214063,82.1
5850214062,82.2
5850214061,82.2
5850214060,82.2
5850214059,82.2
5850214058,82.3
5850214057,82.4
5850214056,82.4
5850214055,82.5
5850214054,82.6
5850214053,82.7
12887383881,82.7
5850214052,82.7
5850214078,81.5
5850216298,79.3
5850216297,79.6
5850216296,79.6
5850216295,79.6
5850216294,79.7
6167677489,79.7
5850216293,79.7
7454874334,79.6
5850216292,79.6
5850216288,79.7
5850216291,79.8
13146699634,80.6
7454874339,79.7
5850216317,79.7
13260446856,80.3
5850510717,87.9
5850510716,87.8
5850510721,85.1
5850510734,83.3
7695781463,83.2
7695781449,83.1
7695781460,82.9
8805699311,79.8
5850510740,87.7
7855921264,89.4
14185865350,89.3
5937713850,82.5
6814475867,82.5
6814475856,82.5
6814482071,82.6
14207217376,82.6
12920219052,94.0
5953012974,94.0
5953000901,94.1
12920219053,94.1
6434281228,94.1
5953000902,94.2
5953000903,94.2
5953000904,94.3
5953000905,94.3
5953000906,94.5
5953000907,94.6
5953000911,94.7
5953014006,94.9
5953014005,95.0
12920219054,94.1
5953000917,94.2
5953000916,94.2
5953000915,94.4
6434281212,94.8
5953000925,94.5
5953000923,94.2
5953000921,93.8
13316048635,93.6
5953000920,93.6
5953000927,94.1
5953000942,93.7
5953000946,93.5
5960541930,88.5
5960541929,91.1
5960541900,90.7
5960541898,90.8
14088737707,90.2
5960541923,85.6
5960541921,86.2
5960541925,85.5
5960541928,91.2
5960558132,95.7
6856264264,94.9
10938983328,90.0
10938983327,90.7
5960558133,91.1
10613120981,91.7
5960558137,91.7
5973750031,86.5
5973750030,86.3
5973750028,86.5
5973750033,87.3
6091948816,87.8
12943388030,88.4
6327748696,88.4
5973750066,84.8
7455111770,86.3
5973750064,86.2
5973750063,87.2
5973750070,84.0
5973750067,84.1
7855938513,84.3
12891953118,87.4
5973750078,87.6
5777925900,88.0
12943388025,88.3
5973750075,84.1
5973750074,84.1
5973750073,84.1
5973750072,84.1
5973750071,84.0
5973750069,84.0
5973750080,89.1
8660115545,89.1
5470278437,88.4
14204807983,89.8
8807417043,86.8
5976127598,86.8
5976127597,86.4
5976127596,86.1
6424890196,85.5
5976127595,84.7
12060113195,84.7
12060113193,84.5
5976127594,84.5
12060113192,84.3
12060113191,84.2
12060113194,84.2
5976127593,84.1
12060113190,83.8
8807417035,83.6
6294206686,92.2
6627320844,92.2
6943442909,90.7
428236943,90.8
6627320842,91.1
703594014,93.0
703593890,93.5
703594059,94.0
703593930,94.3
703594130,94.3
703594002,94.2
6011826626,94.0
703594114,94.0
703593980,93.6
6011832077,92.5
6011832078,92.6
6011832079,92.7
6011832080,92.7
6011832081,92.6
6943442907,92.0
428236991,94.2
6074341027,87.5
6074341034,87.5
6074341033,87.5
6074341032,87.1
6074341031,86.1
6074341029,86.4
6074341049,86.4
6074341051,86.4
6074341047,85.7
6074341028,87.5
6074341040,87.6
6074341042,87.5
6074341041,87.4
6074341043,87.6
6074341044,87.7
5593891976,88.8
5593891975,88.6
6074341046,88.6
5593891974,87.7
6752586966,87.7
6091768212,89.1
6091768209,88.3
6074341035,87.6
6074341056,87.4
8725875679,87.1
6074341050,87.4
6074341052,86.9
6074341053,87.0
6074341054,87.4
6074341055,87.4
6074342253,87.4
6074341077,87.2
6074341063,86.0
6074341064,86.4
8725875701,86.8
6074341065,86.9
6074341066,87.2
6074341067,87.1
6074341068,86.8
6074341072,85.1
6074341073,86.1
13050745685,86.4
6074341074,86.4
6074341078,86.4
6074341075,86.4
6074341076,87.0
5777905298,86.1
13050745684,86.8
6074341081,87.4
6074342186,87.1
6074341080,87.1
6074342185,86.8
6763101185,86.7
6074342294,86.6
6074342196,86.6
6074341084,86.5
8725875689,87.0
6074342188,87.2
6074342255,87.2
5593733669,86.8
6074342254,87.2
6074342189,87.2
6074342190,85.3
6074342191,85.4
6074342192,85.3
6074342194,85.3
5593733675,86.9
6763101189,84.2
6074342197,85.2
13050745672,85.4
13050745671,85.5
6074342299,84.9
6074342211,84.9
6074342198,84.9
10929689595,84.8
10929689596,84.7
6074342199,84.5
8805991671,84.6
6074342205,84.7
6074342204,84.7
6074342201,84.8
6752596383,84.9
6752596382,85.0
6752600688,85.0
6074342203,85.0
6074342256,85.1
6074342202,85.0
6074342207,84.0
6074342208,84.0
6074342210,83.9
6074342209,83.9
6074342200,84.0
6074342220,91.4
6074342221,89.8
6359466256,89.8
8805991666,90.0
8805991665,90.1
6424389186,89.9
6424389185,89.9
6424388884,90.0
6424388883,90.3
6074342224,90.3
6074342227,91.3
8805991657,91.5
8805991656,91.6
8805991658,91.6
8805991659,91.8
6074342226,91.0
6074342257,84.9
6074342281,85.0
6074342259,84.7
9198242397,84.5
6359466811,84.5
6074342261,84.4
6359466805,84.4
6074342260,84.4
6074342262,84.2
6074342263,84.0
6359466806,83.9
6359466790,83.1
6359466794,83.0
6074342258,82.3
6074341071,84.3
13050745658,84.3
13050745689,84.1
6074342267,83.4
6074342266,82.7
6359466878,82.3
6359466877,82.2
6074342265,82.2
6359466846,81.0
6074342273,80.8
6359466839,80.5
6359466835,80.4
6359466831,80.3
6074342264,80.2
6074342268,82.9
6359466845,81.8
6359466844,80.9
6359466836,80.6
6359466832,80.6
6074342271,80.3
6359466841,80.3
6359466843,80.3
6074342274,80.3
6359466830,80.2
6359466828,80.2
6359466829,80.2
6074342276,80.3
6074342275,80.2
6074342277,79.5
6359466880,79.3
6074342278,78.0
6074342279,77.0
6299650892,77.7
8806197929,78.0
6299650893,78.2
6299650894,78.6
6299650895,78.9
6299650896,79.4
9201522314,80.7
6074342283,80.7
6074342282,81.2
9201522316,80.8
6074342285,80.7
6299650890,79.4
6299650889,79.3
6299650888,79.2
8805693574,79.2
6299650887,78.9
6299650886,78.3
6359483210,78.1
6424388862,88.8
6074342298,89.0
6424388863,89.3
6074342297,89.2
6074342296,89.2
6074342312,89.1
6763101187,87.9
6074342302,90.4
6074342305,90.7
6074342307,89.4
6074342311,88.9
6074342306,88.9
6752586959,88.7
6074342310,88.4
6074342309,87.8
6074342300,87.0
6074342313,89.0
6074342314,89.1
12881309070,87.5
6091768213,87.6
7451255944,87.6
6091768218,87.3
6964810345,87.9
6091768219,87.2
14011515161,91.0
14005359572,92.0
9727953693,92.1
6091768220,91.9
6580337735,91.8
9727953692,91.8
6091768222,91.5
6091768223,91.4
6091768225,91.1
5767392996,90.7
7855938509,84.5
14179670102,84.3
8806197942,82.5
6091768277,83.4
6091768276,83.3
6091768489,87.0
10660395329,87.4
6091768487,87.6
6091768488,88.7
12891953119,89.1
6091768491,88.9
6116641931,86.7
6116641929,87.0
14209454400,89.0
7855874337,89.5
6091821123,89.2
14209454354,88.8
14173829454,88.8
9339357361,90.8
9339357364,90.8
6417091535,90.8
6091948814,90.9
6417091549,91.0
6417091551,91.0
971137161,92.0
12891953114,87.8
6091948817,87.8
12776992632,87.7
11697391454,89.8
6104381919,90.1
6104381918,91.5
7418136994,91.4
7418136995,91.2
7418136996,91.1
6856264266,91.1
7418128237,90.4
6104381921,90.4
7059323439,87.3
7059323440,86.5
7059323438,86.9
6116641930,86.4
7059323441,86.4
338362261,75.8
8746934329,75.8
11402441881,75.8
8746932314,73.3
338362262,73.3
8746932313,73.2
12786862478,72.6
8746932303,72.6
338362263,72.6
790708867,44.1
6230819154,44.0
246157768,46.6
9532410930,47.0
246157770,47.7
246157772,48.7
9532410931,49.1
246157774,49.8
246157823,42.1
246157825,39.6
12627895264,37.8
26046315,35.8
565221769,34.7
565221771,33.3
12627895263,32.2
565221772,32.3
582269827,32.5
582269790,32.6
565221774,32.9
879369123,33.2
9532410922,33.3
246157872,33.4
879369142,33.6
9532410923,33.6
27462132,33.7
9532410924,33.8
6231684129,95.7
12805207897,95.8
9331415193,96.3
6231684128,96.3
6803071065,96.6
6231684127,98.2
12805207896,99.5
9331390009,100.4
8691222354,100.4
12806866934,100.3
6231684138,96.3
6231684140,96.4
6960981048,96.0
6960981049,95.9
6232057517,77.0
12884214914,85.8
532808591,85.9
4327362228,95.7
6232098724,95.1
6232098725,94.6
6232098726,93.6
12881304146,93.4
6232098728,95.1
13354129549,94.2
1145064983,93.5
6235664244,87.2
6235666287,87.3
6235666285,87.3
6235664284,87.3
6235664283,87.3
13999171412,87.3
6235664282,87.4
6235664281,87.2
6235664280,87.3
6235664279,87.2
6235666288,87.3
6235666290,87.3
6235664278,87.3
6235666289,87.4
6235664277,87.5
6235666294,87.7
6235664276,88.3
6235664275,88.4
6235666293,88.4
6235664274,88.5
6235666291,88.5
6235664273,88.5
6235666292,88.5
6235664272,88.5
6235664271,88.5
6235664270,88.6
6235664269,88.7
6235664268,88.6
6235664267,88.6
6235664266,88.6
6235664265,88.5
6235664264,88.4
6235664263,88.2
6235664242,87.9
6235664260,88.0
6235664243,87.7
6235664246,87.7
6235664247,87.5
6235664248,87.4
6235664249,87.4
6235664250,87.3
6235664251,87.3
6235664252,87.3
6235664245,87.3
6235664253,87.4
6235664254,87.6
6235664255,87.8
6235666300,87.9
6235664256,88.0
6235664257,88.1
6235664258,88.1
6235664259,88.1
6363357364,86.4
6235664261,86.0
6235664262,85.7
6235666286,86.4
13926914360,87.1
6235666295,87.8
6235666296,87.8
6235666310,87.9
6235666297,87.9
6235666309,87.9
6235666307,87.9
6235666308,88.0
6235666298,88.0
6235666306,88.0
6235666304,87.9
6235666305,87.9
6235666299,87.9
6235666303,87.9
6235666301,88.0
6235666501,74.6
6235666499,73.5
6235666502,75.5
6235666503,76.6
6235666504,75.1
6235666555,74.6
6235666556,74.6
6235666557,74.7
6235666579,74.9
6235666558,74.6
6235666559,74.8
6235666560,74.8
6235666561,74.7
6235666506,74.6
6235666507,74.6
6235666547,74.6
6235666563,74.6
6235666548,74.7
6235666549,74.6
6235666550,74.6
6235666551,74.6
6235666552,74.6
6235666566,74.6
6235666553,74.6
6235666554,74.6
6235666508,74.6
6235666509,74.6
6235666539,74.6
6235666581,74.6
6235666540,74.6
6235666541,74.6
6235666542,74.6
6235666543,74.6
6235666544,74.6
6235666565,74.6
6235666545,74.6
6235666546,74.6
6235666510,74.6
6235666511,74.6
6235666532,74.6
6235666564,74.6
6235666533,74.6
6235666534,74.6
6235666577,74.6
6235666535,74.6
6235666536,74.6
6235666580,74.6
6235666537,74.6
6235666538,74.6
6235666512,74.6
6235666513,74.6
6235666525,74.6
6235666526,74.6
6235666527,74.6
6235666578,74.6
6235666528,74.6
6235666529,74.6
6235666530,74.6
6235666531,74.6
6235666562,74.6
6235666514,74.6
6235666517,74.6
6235666518,74.6
6235666519,74.6
6235666520,74.6
6235666576,74.6
6235666521,74.6
6235666522,74.6
6235666523,74.6
6235666524,74.6
6235666515,74.6
6235666516,74.6
1234868210,74.8
6235666582,75.9
6235666583,76.1
6235666584,75.8
6235666685,75.9
6235666686,75.8
6235666687,75.8
6235666688,75.7
6235666689,75.6
6235666690,75.3
6235666691,75.2
6235666729,75.6
6235666778,75.4
10016780584,75.9
10016780585,76.1
6235666730,75.6
6235666731,75.7
6235666732,75.7
6235666733,75.7
6237376042,75.7
6235666734,75.7
6237376044,74.8
6235666737,76.5
6235666738,74.5
6235666739,76.8
6235666740,74.7
6235666741,78.0
6235666742,78.0
6235666743,78.0
6235666744,77.9
6235666745,77.8
6235666746,77.5
6235666747,77.4
6235666748,77.1
6235666749,77.1
6235666750,76.8
6235666751,76.6
6235666752,76.7
6235666753,76.5
6235666754,76.4
6235666755,76.3
6235666756,76.1
6235666757,75.9
6235666758,75.8
6235666759,75.7
6235666761,75.7
6235666766,76.8
6235666767,78.0
6235666768,77.7
6235666769,77.6
6235666770,77.4
6235666771,77.8
6235666772,77.6
6235666773,77.6
6235666774,77.8
6235666775,76.8
6235666776,76.9
6235666777,76.9
6235666779,75.9
6235666780,76.8
6235666781,77.2
6235666782,77.4
6235666783,77.6
6235666784,77.7
6235666985,77.8
6235667003,78.1
6235666986,78.7
6235666987,79.3
6235666988,79.7
6235666989,79.0
6235666990,78.9
6235666991,78.7
6235666992,78.6
6235666993,78.8
6235666994,78.9
6235666996,78.7
6235666997,78.4
6235666998,78.9
6235666999,78.4
6235667000,78.4
6235667001,77.8
6235667002,78.0
1236269628,78.9
1236269341,79.0
1236269484,75.9
1236269585,75.2
1236269303,78.2
1236269347,80.2
1236269491,79.6
1236269521,78.9
1236269679,78.7
6235667067,77.5
1236269744,77.6
6235667030,77.4
1236269383,77.2
6235667019,79.7
6235667010,80.1
6235667020,81.1
6235667011,81.1
6235667012,81.0
6235667013,81.0
6235667014,80.7
6235667015,80.5
6235667016,81.5
6235667017,82.0
6235667018,82.3
6235667021,79.5
6235667022,79.6
6235667023,79.2
6235667024,79.1
6235667025,78.7
6235667026,78.4
6235667027,78.0
6235667028,78.0
6235667029,77.6
11777575701,79.7
6235667031,79.6
6235667032,77.6
12874111071,77.6
6235667033,77.7
6235667034,77.5
6235667035,77.6
12874111003,78.0
6235667044,77.7
6235667045,78.0
6235667046,77.8
6235667047,77.7
6235667036,78.1
6235667049,78.0
6235667050,77.9
6235667041,78.0
12874111037,77.8
12874111035,78.2
6235667052,76.5
6235667053,77.1
6235667054,78.0
6235667055,77.4
6235667056,77.5
6235667057,76.9
6235667058,76.5
6235667059,76.5
6235667060,76.6
6235667061,76.6
6235667062,76.8
6235667063,76.8
6235667064,77.0
6235667065,77.2
6235667066,77.4
6235667068,74.9
6235667069,75.2
6235667070,75.6
6235667071,75.9
6235667072,76.2
6235667073,76.3
6235667074,76.3
6235667075,76.4
6235667076,77.0
6235667077,77.3
6235667078,76.3
6235667079,76.0
6235667080,76.3
6235667081,76.1
6235667082,76.1
6235667083,76.1
6235667084,76.1
6235667385,76.0
6235667386,76.1
6235667388,76.0
6235667389,76.0
14002202443,85.4
2411594514,85.6
2411594513,85.6
9029184410,85.6
10612997901,85.6
6235707999,85.7
6235708015,85.7
6235708013,85.7
6235708003,85.7
6235708005,85.8
6235708007,85.8
10086088864,85.8
6235708009,85.7
6235708011,85.7
10086088863,85.7
6235708001,85.8
6235708019,86.7
6235708020,86.5
6235708028,85.8
6235708021,85.8
6235708022,85.7
6235708023,85.7
6235708026,85.6
6235708024,86.0
6235708025,86.7
6235708027,85.9
6235708029,85.8
6235708030,85.8
6235708031,85.8
6235708032,85.8
6235708033,85.8
6235708034,85.7
6235708035,85.7
6235708036,85.8
6235708037,86.8
6235708038,85.5
6235708039,85.6
6235708040,85.4
12884214954,83.0
6235738463,83.0
6235738464,83.0
6235738465,83.5
9484747229,83.7
12807889524,83.8
6235738466,83.8
12884214967,83.7
6241348366,83.6
12884214962,83.6
9532470787,83.7
6235738467,83.8
6235738468,83.9
6235738469,83.4
6235738470,83.7
10086060110,83.2
6235738542,72.0
6235738543,72.0
6235738544,72.0
6235738545,72.0
6235738546,71.9
6235738547,71.8
6235738548,73.0
13277067065,72.2
1760322777,70.0
6235738598,72.9
6235738549,72.9
6235738550,72.7
6235738551,72.6
6235738552,72.4
6235738553,72.5
6235738554,72.5
6235738555,72.5
6235738556,72.5
6235738557,72.5
6235738558,72.5
6235738559,72.5
6235738560,72.5
6235738561,72.5
6235738562,72.5
6235738563,72.5
6235738564,72.4
6235738565,72.4
6235738566,72.4
13443439752,73.1
6363357381,90.5
6237376072,91.1
6237376073,91.0
6237376074,90.8
6237376075,90.6
6237376076,90.5
6237376077,90.5
6237376078,90.3
428197760,80.5
6237378085,77.8
6237378086,77.7
6237378087,77.6
6237378088,77.5
6237378089,77.4
6237378090,77.4
6237378091,77.5
6237378092,77.5
6237378093,77.6
6237378094,77.7
6237378095,77.5
6237378096,77.6
6237378097,77.6
6237378098,77.6
6237378099,77.5
6237378100,77.4
6237378101,77.5
6237378102,77.5
6237378103,77.5
6237378104,77.5
6237378105,77.5
6237378106,77.4
6237378107,77.6
6237378108,77.8
6237378109,78.1
6237378110,78.4
6237378111,78.3
6237378112,78.5
6237378113,78.9
6237378114,78.4
6237378115,77.8
6237378116,78.2
6237378117,78.4
6237378118,77.8
6237378119,77.7
6237378120,77.7
6237378121,77.8
6237378122,78.1
6237378123,78.2
6237378124,78.4
6237378125,78.6
6237378126,79.0
6237378127,79.4
6237378128,80.0
6237378129,80.8
6237378130,81.5
6237378131,82.1
6237378132,83.1
6237378133,84.5
6237378134,85.9
6237378135,86.7
6237378136,86.9
6237378200,81.8
6237381440,90.9
6237381441,91.1
6237381442,90.8
6237381443,91.8
6237381444,91.8
6237381445,91.8
6237381450,91.8
6237381446,91.8
6237381449,91.8
6237381447,91.8
6237381448,91.7
1034822460,91.7
6237381452,89.5
6237381459,89.5
6237381460,89.4
6237381461,89.4
6237381462,89.4
6237381463,89.5
6237381464,89.9
1034822212,89.6
10544222247,91.3
6237381466,92.3
6856279964,92.2
6856279963,92.2
6856279976,90.2
1034822318,90.2
1034822506,90.0
1034822526,89.9
1034822294,89.8
1034822561,89.4
1034822335,89.5
1034822430,89.5
6237391296,88.4
6237391297,88.9
6237391298,89.3
6237391299,89.6
6237391300,90.1
6237391301,90.1
6237391302,90.2
6237391303,90.2
6237391304,90.6
6237391305,90.8
6237391306,90.8
6237391307,90.7
6237391308,90.5
9484747227,84.4
6238969251,84.1
6754929704,84.3
6754929706,84.2
10597984716,100.1
6283843350,100.1
10208273344,99.9
10208273306,98.4
6283843373,98.5
10208273310,98.4
6283843372,98.4
10208273311,98.4
6283843371,98.4
6283843370,98.6
6283843369,99.6
6283843368,99.7
6283843367,99.8
10208273334,99.8
6283843408,98.1
6283843378,97.6
6283843386,97.3
6283843385,96.8
6283843413,98.8
6283843412,98.7
6283843411,98.7
6283843410,98.5
6283843409,98.3
6283843407,98.0
6283843406,98.3
6283842978,100.4
12805207854,100.5
6283842975,98.2
6283842974,99.7
6283842981,100.8
7638391326,99.9
7638391324,99.8
7638391325,99.9
10597984713,99.7
6290170346,99.8
8816277659,99.9
6290257480,98.0
6290257479,98.1
6292095583,96.0
6292095582,96.4
10591239460,96.6
6292095581,96.6
6292096385,96.1
6292096386,96.2
6292096387,96.2
6292096388,96.4
6292096389,96.5
6292096390,96.5
6292096391,96.6
6292096392,96.7
6292096393,96.7
6292096394,96.7
6292096395,96.7
6292096396,96.6
6292096397,96.6
6292506003,96.7
6292505728,96.6
6292505727,96.5
6292505726,96.4
6292505725,96.4
6292505724,96.3
6292505723,96.2
6292505722,96.2
6292505721,96.2
6292505720,96.3
6419795075,96.3
6292505719,96.3
6292505718,96.4
6292505717,96.5
6292505716,96.6
6292505715,96.7
6940315830,95.6
6292505757,96.0
6292505782,96.1
6292505781,97.2
6292505990,95.7
6292505989,95.8
6292505988,96.0
6292505987,96.1
6292505986,96.1
6292505985,96.0
6292505784,95.8
6292505783,95.7
6292505995,95.7
6292505998,97.3
6292505997,97.2
6292505996,95.8
6292505994,95.5
6292505993,95.6
6292505992,95.7
6292506002,96.6
6292506001,96.8
6292506000,97.5
6292505999,97.4
6943442908,90.5
6294206688,91.1
6294206687,92.0
6294206695,94.0
6294206694,94.0
6294206710,93.7
6294206707,93.8
6294206706,94.1
6940315884,92.3
6294206709,93.7
10909275756,90.4
6294222904,90.4
6294222903,90.4
6294222902,90.6
6294222901,90.5
6294222900,90.4
6294222899,90.5
6294222898,90.5
6294222897,90.3
6294222896,90.2
6294222895,90.3
6294222894,90.4
6294222893,90.3
6294222892,90.4
6294222891,90.4
6294222890,90.4
6294222889,90.4
6294222888,90.4
6294222885,90.4
3477055543,90.5
6294222954,90.8
6294222914,91.2
6294222912,90.7
6294222916,90.8
6294222915,91.0
12944765939,91.2
6960981078,91.2
6294222948,90.7
6294222917,90.9
6294222918,90.8
6294222921,90.8
12944765931,90.9
6294222924,90.7
6294222920,90.7
6294222925,90.6
6294222923,90.6
3477055542,90.3
6294222935,90.9
6294222927,90.4
6294222886,90.8
6294222944,91.4
6294222945,90.7
6294222943,91.0
6294222942,91.2
6294222941,91.5
6294222940,91.2
6294222939,91.2
6294222938,91.1
6294222937,91.1
6294222936,90.9
6294222934,91.0
6294222933,91.1
6294222932,91.2
6294222931,91.2
6294222930,91.2
6294222929,91.1
6294222928,91.0
6294222946,90.5
6294222972,90.7
6294222947,90.5
6294222971,90.7
6294222970,90.6
6294222969,90.5
6294222968,90.5
6294222967,90.6
6294222966,90.7
6294222965,90.6
6294222964,90.6
6294222963,90.5
6294222962,90.6
6294222961,90.7
6294222960,90.7
6294222959,90.7
6294222958,90.7
6294222957,90.7
6294222956,90.9
6294222955,91.0
6294222953,90.6
6294222952,90.6
6294222951,90.7
6294222950,90.7
6294222949,90.7
6294463172,91.6
6294463174,92.3
6943442902,92.3
6294463173,90.7
6294463178,92.6
6943442903,92.5
6294463177,91.8
6294463176,90.8
6294463175,90.2
6941765694,93.6
6294463184,93.6
6941765693,93.8
6294464792,93.7
6294464791,93.8
6294464790,94.0
6294464789,94.1
6294464788,94.0
6294464787,93.9
6294464786,94.0
6941765695,93.2
6294464799,93.2
6294464798,93.1
6294464797,93.0
6294464796,92.8
6294464795,92.7
6294464794,93.0
6943442904,93.3
6294464806,92.9
6294464805,93.0
6294463179,93.1
6941765750,93.1
8806197949,82.9
6299650916,84.0
6299650915,83.7
6304376236,77.1
6304376235,77.1
6304376234,77.0
6304376237,77.0
6304376233,76.9
6304376232,76.4
6304376231,76.2
6304376230,76.4
6304376229,76.5
6304376228,76.6
12884215003,75.9
6304376227,75.9
6327736874,88.6
6327736875,88.6
6327736877,88.6
6327736878,88.6
6327736879,88.6
8660115559,88.6
8660115560,88.6
8660115561,88.6
6327736880,88.6
8660115550,88.6
8660115551,88.6
8660115552,88.6
6327736881,88.6
8660115553,88.6
8660115554,88.6
8660115555,88.6
6327736882,88.7
8660115556,88.7
8660115557,88.7
8660115558,88.7
6327816573,94.6
6327816574,94.7
6327816575,94.6
6328178703,93.8
6328178702,94.0
6328178701,94.1
6328178700,94.0
6328178699,94.0
6328178698,93.8
6328178697,93.7
6328178696,93.3
6328178710,94.0
6328178705,94.0
6328178709,94.0
6328178708,93.8
6328178707,93.0
6328178706,92.0
6328178718,91.4
6328178713,91.3
6328178712,91.6
6417090676,91.8
6328178716,91.4
6417090674,91.4
6417090675,91.9
6328178719,90.6
6328178715,92.0
6417091537,92.1
6328178721,90.6
6328178720,92.2
6328181126,93.6
6328181125,93.6
6328181124,93.5
6328181123,93.3
6328181122,93.1
13285994355,94.0
8809792166,94.1
6328181129,94.1
6328181130,93.6
6328181131,93.0
6328181132,92.3
6328181133,91.9
13285994351,91.6
13285994350,91.6
6329704734,82.0
6329704733,82.2
14088697883,82.3
6329704732,82.6
6794459592,85.3
6329704736,81.9
6329704737,81.7
6329704735,80.2
6329704747,81.0
6329704743,81.4
6329704742,81.5
6329704741,82.1
6329704740,81.9
6329704739,81.9
6329704738,81.8
6329704756,81.8
6329704755,82.0
6329704754,82.3
6329704753,81.9
6329704752,82.1
6329704751,82.0
6329704750,81.8
6329704749,81.6
6329704748,81.1
6329704746,80.5
6329704745,80.2
14173829479,87.6
6091821120,87.6
7855889347,87.5
3488072553,87.6
6329708498,87.6
6329708497,87.5
6329708496,86.9
14209454386,86.8
7855921272,86.8
3488072668,86.7
14057506772,86.6
6331589166,96.1
6331589165,96.1
6331589164,96.2
6331589163,96.2
6331589162,96.1
6331589161,96.1
6331589160,96.1
6336549670,94.8
6336549671,94.8
11165764694,95.0
14179670331,85.6
6358838860,85.6
6091768258,85.4
971136063,85.1
6358839807,85.3
6359231085,85.4
6874596206,85.5
6358839806,85.5
6407389705,85.2
6358839805,85.0
6358838862,86.0
14179670361,87.4
12774260107,85.4
6391463020,85.4
6358839821,85.4
6359466248,90.1
6359466255,89.9
6359466254,89.5
6359466253,88.9
6359466252,89.0
6359466251,88.9
6359466250,88.7
6359466789,80.5
6359466788,80.7
6359466803,83.0
6359466793,83.1
6359466792,83.1
6359466791,83.1
6359466798,80.4
6359466799,80.5
6359466800,80.2
6359466804,81.1
6359466802,80.4
6359466796,83.0
6359466795,83.0
6359466827,80.1
6359466834,80.5
6359466833,80.5
6359466838,80.5
6359466837,80.5
6359466840,80.8
6359466842,80.8
8806143153,93.1
6359472730,94.3
6359472729,94.8
6359472728,94.8
6359472727,95.0
8806143154,92.5
6359472736,92.4
8809792204,92.1
8809792205,91.6
8806143155,90.4
6359472739,90.4
6359472738,90.3
8806143137,89.6
6359472742,89.7
6359472741,90.0
8806143138,89.2
6359472746,89.2
6359472745,89.3
6359472744,90.0
8806143139,86.8
6359472772,87.0
6359472771,87.0
6359472770,86.9
8806143140,86.4
11357481970,86.4
8806143141,84.4
6359483186,84.3
8806143142,83.5
6359483190,83.5
6359483189,83.1
8806143143,83.0
6359483209,78.3
6359483208,78.6
6359483207,78.7
6359483206,79.1
6359483211,79.2
6359483205,79.4
6359483204,79.8
6359483203,79.8
8805693578,79.9
6359483202,80.0
8805693577,80.1
6359483201,80.1
6359483200,80.5
8805693575,80.7
8805693576,80.9
7237561704,80.9
6359483218,80.5
6359483217,80.4
6359483216,80.3
6359483215,80.2
6359483214,80.1
6359483213,79.9
6359483212,79.7
6359483227,81.6
6359483226,82.0
10929689593,82.2
10929689594,82.3
6359483225,82.3
6359483224,82.4
6359483223,83.2
6359483237,85.1
6359483236,85.3
6359483235,85.4
6359483234,85.6
6359483233,85.8
6359483232,86.1
6359483231,86.3
7237561702,86.6
6359483230,86.3
6361416937,85.2
6361416936,85.4
6363357363,86.7
6363357362,86.8
6363357361,87.4
6363357360,89.6
6434652731,90.9
6434652732,91.3
6363357372,91.6
6363357380,90.9
6363357379,91.0
6363357378,91.0
6363357377,91.3
6363357376,91.6
6363357375,91.7
6363357374,91.6
6363357373,91.7
10544222249,91.2
6363357691,91.2
6363357690,91.0
6363357689,90.9
6363357688,91.0
6363357687,90.9
6363357686,90.9
6363357685,90.9
6363357384,90.9
6363357383,90.9
6363357382,90.7
6363357720,79.9
6363357723,80.1
6363357722,80.2
6363357721,80.0
6363357719,79.8
6363357718,79.7
6363358027,84.2
6380142497,92.7
6380142496,92.7
6380142495,92.4
6380142494,92.1
6380142493,92.3
6380142492,92.0
6380142491,91.8
6380142490,91.8
6380142489,91.8
6380142488,91.8
6380142487,91.7
6380142486,91.6
6380142485,91.6
6380142735,100.3
6380142734,98.5
6380142733,97.7
6380142732,97.2
6380142731,96.3
6380142730,95.4
6380142729,94.6
6380142728,94.0
6380142727,93.2
6380142726,92.3
6380142725,91.8
6380142724,91.5
6380142737,79.8
6380142909,100.6
6380142908,100.7
6380142907,100.8
6380142930,94.4
6380142929,94.5
6380142928,94.6
6380142927,94.7
6380142926,94.6
6380163584,89.7
6380163583,89.9
6380163718,91.1
6380163700,90.8
6380163699,90.4
6380163698,90.2
6380163697,90.0
6380163696,89.9
6380163695,89.8
6380163703,89.7
6380162547,93.0
6380162548,92.4
8691222349,92.1
6380163721,91.8
6380163720,91.7
6380163719,91.4
6380163717,90.6
6380163716,90.0
6380163701,89.6
6380163715,89.4
6380163714,89.4
6380163713,89.2
6380163712,89.3
6380163711,89.2
6380163710,89.1
6380163709,88.8
6380163708,88.7
6380163707,89.1
6380163706,89.5
6380163705,89.7
6380163704,89.7
6380163702,89.5
6386674502,88.7
6386674501,89.6
6386674500,89.4
6386674499,89.2
8636706776,88.9
6386674555,97.9
6386674554,96.9
6386674553,96.8
6386674552,97.2
6386674551,96.8
6386674550,96.8
6386674549,96.7
6386680164,88.6
6386680163,88.5
6386680162,88.4
6386680161,88.3
6386680160,88.2
724834600,88.2
6386680159,88.3
9800616502,93.0
6386834085,93.7
6386833984,93.8
6386833983,94.0
6386833982,92.7
7706133698,93.5
6386834087,92.6
6386834097,94.3
6386834096,94.7
6386834108,95.9
6386834107,96.0
6386834106,96.3
6386834105,96.6
6386834104,96.7
6386834103,96.7
6386857859,97.0
6386857858,97.3
6386857861,98.2
6386857863,99.6
6386857865,100.4
6386857867,100.4
8816277632,100.3
6386857866,100.5
6386857872,93.4
6386857871,93.5
6386857870,93.7
6386857869,93.6
6386857868,93.6
6387987269,77.0
6387987268,76.5
6387987267,75.4
6387987266,74.2
6387987265,72.8
6387987264,72.2
8806181425,71.5
6387987271,77.1
8806181566,77.8
6387987274,78.3
6387987273,78.3
8806181565,78.2
6387987278,80.7
6387987277,80.6
6387987276,80.6
8806181427,80.7
8796993076,79.5
6387988086,79.5
6387988085,79.7
6387987284,79.6
6387987283,79.5
6387987282,79.1
6387987281,78.6
6387987280,77.6
8796993075,77.4
6387988093,76.0
6387988092,76.1
6387988091,76.4
6387988090,77.4
6387988089,78.2
8796993056,78.9
6387988099,77.0
6387988098,76.9
6387988097,77.1
6387988096,77.3
6387988095,78.0
8796993057,78.6
6387988103,74.3
6387988102,74.9
6387988101,75.7
8796993072,75.7
6387988106,75.3
6387988105,76.8
8796993070,76.7
6387988111,75.9
6387988110,76.0
6387988109,76.0
6387988108,76.0
6387988107,76.0
6387988116,75.8
6387988115,76.0
6387988114,76.1
6387988113,76.3
8796993071,76.2
6387988122,75.5
6387988121,76.0
6387988120,76.8
6387988125,74.9
6387988124,74.0
8806181551,72.4
6387988128,70.4
6387988127,70.5
8807414586,72.1
6387988133,70.3
6387988132,70.8
6387988131,71.5
8807414585,72.2
6387988130,72.2
6387988140,70.8
6387988138,69.8
6387988137,69.4
6387988136,69.3
6387988135,69.0
6387988134,68.7
6387988143,68.7
6387988142,69.2
6387988141,69.9
8807414584,70.9
8796993059,78.0
6387988152,78.0
6387988151,77.5
6387988150,77.2
6387988149,77.2
6387988148,77.2
6387988147,77.3
6387988146,77.8
6387988145,78.2
8796993058,78.3
11051376885,72.2
6387988175,72.2
6387988174,72.9
6387988173,72.8
6387988172,73.0
6387988177,79.5
6387988184,79.6
11051376894,78.0
6387988190,78.1
6387988189,78.9
6387988188,79.6
6387988187,79.7
6387988186,79.7
6387988185,79.7
6387988183,79.5
6387988182,79.4
6387988181,79.3
6387988180,79.3
6387988179,79.3
8796993055,79.3
8750806829,64.6
6387988202,64.4
6387988201,63.0
6387988200,60.8
6387988199,60.4
6387988198,60.4
6387988197,60.4
8807416861,60.4
6387988196,60.5
6387988195,60.6
6387988194,61.0
6387988193,61.4
8750802607,57.7
6387988214,58.2
6387988213,60.3
6387988212,62.9
6387988218,57.8
6387988217,61.4
6387988216,62.5
6387988222,58.1
6387988221,60.0
6387988220,60.6
6387988232,68.9
6387988231,68.2
6387988230,67.6
6387988229,66.8
6387988228,66.5
6387988227,66.0
6387988246,68.8
6387988245,68.5
6387988244,68.2
6387988243,67.1
6387988242,66.7
6387988241,66.1
6387988240,66.0
6387988239,65.0
6387988238,64.4
6387988237,64.0
6387988236,63.7
6387988235,63.6
6387988234,63.5
6387988262,68.2
6387988261,67.7
6387988260,66.6
6387988259,65.5
6387988258,64.7
6387988257,64.0
6387988256,63.6
6387988255,63.4
6387988254,63.3
6387988253,63.1
6387988252,62.8
6387988251,62.5
6387988250,61.3
6387988249,61.0
8806181574,68.9
6387988266,69.1
6387988265,69.1
6387988264,69.1
8806181578,68.3
6387988272,69.0
6387988271,69.9
6387988270,71.3
6387988269,71.4
6387988268,71.7
8806181426,76.7
8806181497,76.8
6387988278,77.1
6387988277,77.4
6387988276,77.5
6387988275,77.8
6387988283,78.7
6387988282,78.7
6387988281,78.4
6387988280,76.4
6387988279,76.0
8806181571,78.8
8806181572,78.8
8806181573,78.9
6387988294,78.9
6387988293,78.9
6387988292,78.9
6387988291,78.9
6387988290,78.9
6387988289,78.9
8806181567,78.9
8806181568,78.8
8806181569,78.8
8806181570,78.7
6387988288,78.7
6387988287,78.5
6387988286,78.5
6387988285,78.7
6387988284,78.7
8806181579,66.0
6387988299,66.6
6387988302,67.4
6387988301,68.0
6387988300,68.3
8807416870,61.9
8807416871,61.9
8807416872,61.8
8807416873,61.8
8807416874,61.8
6387988334,61.7
6387988333,61.7
6387988332,61.7
6387988331,61.6
6387988330,61.6
8807416866,61.6
8807416867,61.6
8807416868,61.6
8807416869,61.6
6387988329,61.7
6387988328,61.7
6387988327,61.7
6387988326,61.8
6387988325,61.8
6387988339,63.9
6387988324,63.5
6387988338,63.0
6387988337,62.4
6387988336,62.0
6387988335,61.8
8750806830,65.6
6387988322,65.4
6387988354,64.2
6387988353,63.3
6387988352,62.6
6387988351,62.5
6387988350,62.5
6387988349,62.6
6387988348,62.6
6387988347,63.1
6387988346,63.6
6387988345,64.0
6387988344,64.4
6387988343,64.9
6387988342,65.5
6387988323,65.6
8750806831,65.9
6387988361,67.2
6387988360,66.8
6387988359,66.2
6387988358,65.2
8807414589,64.2
6387988357,64.0
6387988381,67.1
6387988380,67.0
6387988379,67.0
6387988378,67.2
6387988377,67.2
6387988376,67.6
6387988375,68.3
6387988374,68.9
6387988373,69.5
8807414581,69.4
6387988383,68.1
8807414583,70.0
6387988384,58.6
8805786483,80.8
8805786482,80.9
8805786479,81.1
8805786476,81.5
8805786475,81.7
8805786474,81.7
8805786473,81.7
8805786472,81.8
8805786471,81.9
8805786470,82.0
8805786469,82.1
8805786468,82.1
8805786467,82.2
8805786466,82.1
8805786465,82.1
8805786464,82.1
8805786463,81.7
8805786462,81.7
8805786461,81.6
8805786460,81.4
8805786459,81.3
8805786458,81.3
8805786457,80.6
8805786456,79.8
8805786455,79.7
8805786454,79.7
8805786453,79.6
8805786452,79.5
8805786451,79.5
8805786450,78.9
8805786449,78.8
8805786448,78.7
8805786447,78.5
8805786446,78.5
8805786445,78.5
8805786444,78.0
8805786443,78.0
8805786442,78.0
8805786441,77.4
8805786440,77.4
8805786439,77.3
8805786438,76.1
8805786437,75.9
6390179576,74.5
6390179575,74.7
6390179574,74.9
6390179573,75.0
6390179572,75.3
6390179571,75.5
6390179570,75.7
6390179569,75.5
6390179568,75.3
6390179567,75.6
6390179566,75.6
6390179565,75.6
6390179564,75.6
6390179588,63.7
6390179587,63.8
6390179586,64.1
6390179585,64.4
6390179584,64.7
6390179583,65.1
6390179582,65.2
6390179581,65.2
6390179617,71.4
6390179616,71.4
6390179615,71.3
6390179614,71.5
6390179613,71.8
6390179612,71.8
616029987,71.7
6390179611,72.2
6390179628,72.5
6390179627,72.4
6390179626,72.2
6390179625,72.2
6390179624,72.2
6390179623,71.9
6390179622,71.7
6390179653,38.1
6390179652,39.0
6390179651,40.3
6390179650,41.7
6390179649,42.8
6390179648,43.8
6390179647,44.2
6390179646,44.4
6390179645,44.5
6390179663,42.9
6390179662,42.7
6390179661,42.5
6390179660,42.3
6390179659,41.6
6390179658,40.6
6390179657,39.5
6390179656,39.1
6390179655,38.7
6390179654,38.5
7907560711,29.7
6390179675,31.7
6390179674,33.0
6390179673,33.9
6390179672,34.3
6390179671,35.1
6390179670,36.8
6390179669,36.7
6390179668,36.7
6390179693,2.6
6390179716,5.2
6390179692,5.7
6390179691,6.5
6390179690,6.9
6390179689,8.0
6390179688,8.5
6390179687,9.4
6390181823,52.4
6390181822,52.7
6390181821,53.2
8750806819,58.1
8750806817,57.6
6390181824,57.6
6390181833,56.8
6390181832,55.5
8805786575,54.9
6390181831,54.2
6390181830,53.6
8805786574,53.3
6390181829,53.0
6390181828,52.0
6390181827,52.1
6390181826,52.2
6390181825,52.2
6391463019,85.3
7455111757,85.3
14179670108,85.4
6391463017,85.6
6391463016,85.7
7455111751,85.6
6391463014,85.5
6391463025,85.5
6391463024,85.7
12774260108,85.7
6391463023,85.7
6391463022,85.6
6391463021,85.5
6391463030,85.5
6391463029,85.6
6391463028,85.6
6391463027,85.6
14030749852,84.6
14030749853,84.4
6391530834,85.8
6391530833,85.8
6391530832,85.9
8691217008,101.1
9331415120,101.3
12805207849,100.7
12805207895,99.9
9331390010,99.6
12805207894,99.5
6392845449,99.3
12805207893,98.7
12805207848,98.7
13737032630,98.4
12805207892,98.3
6392845448,98.5
12805207847,98.4
12805207890,98.2
7295293332,98.4
12805207891,98.3
12805207846,98.5
12805207889,98.4
6392845446,98.4
12805207845,98.1
6392845445,96.9
12805207888,97.4
12805207844,97.1
12805207887,96.9
6392845444,96.9
12805207886,96.8
12805207843,96.7
12805207885,96.8
6392845443,96.6
12805207879,97.4
6392845442,97.2
12805207880,97.1
12805207842,96.9
12805207881,96.8
6392845441,96.7
12805207882,96.4
12805207841,96.5
12805207883,96.6
6392845440,97.0
12805207884,97.2
12805207840,97.9
12805207871,97.6
12805207839,97.4
12805207870,97.6
6392845439,97.6
8691222325,97.6
6392901693,98.6
1231818480,98.6
6392901696,99.0
6392901695,98.8
6392901694,98.6
6581140885,89.8
6751491081,89.8
6412711923,89.7
6751491078,89.7
6412711921,89.8
6412711917,89.8
6412711919,89.7
6751491070,90.0
6874841011,89.9
6410852488,90.1
6410852487,90.0
6410852486,89.8
6412711920,89.7
6410852485,89.3
6412711918,89.3
6412711922,89.3
6412711924,89.2
6412711926,89.2
6581140888,88.7
6874841009,89.2
6874840999,89.3
6874840995,89.4
6874841001,89.2
6874841004,89.2
6751491079,89.3
14209464602,89.2
14204826326,89.0
7071408695,89.0
14209454358,89.1
6416968136,94.2
6417091501,94.8
6417091502,94.7
6417091503,94.3
6417091519,91.2
6417091520,91.1
6417091521,91.1
6417091522,91.2
6417091523,91.4
6417091524,91.2
6417091529,91.3
6417091530,91.4
6417091531,91.4
6417091532,91.3
6417091533,91.3
8809792167,92.6
6417091553,91.4
6417091554,91.4
6960991696,90.6
6417091557,90.4
6417091558,90.6
11002164429,91.9
6419638231,92.0
6419638232,92.0
6419638233,92.0
6419638234,92.1
6419638235,92.1
6419638236,92.0
6419638237,92.1
6419638261,89.5
6419638326,95.3
6419638327,94.9
6419638328,94.2
6419638329,94.0
6419638330,95.2
6419638332,95.2
6419638333,95.0
6419638334,94.8
6419638335,94.7
6419638336,94.6
6419638337,94.4
13354129547,94.4
6419638341,78.9
6419638342,78.7
6419638344,87.1
7042300101,86.9
6419638345,86.6
6419638346,86.2
6419638347,85.6
6419761470,101.2
8816277630,100.6
6419761472,101.1
8816277629,100.9
8807924239,90.0
6419761803,90.5
6419761804,90.7
6419761805,90.8
6419761806,90.9
6419761807,90.9
8807924240,90.0
6419761809,90.2
6419761810,90.5
6419761811,90.7
6419761812,90.9
6419761813,90.9
6419761814,90.9
8807924241,89.9
6940315862,95.8
6419795066,95.9
14208218645,96.2
10996237566,96.3
8588202671,96.3
10996237565,96.2
615967564,96.1
6419795071,95.8
8355004806,95.4
8588202667,95.5
10996237563,95.5
10996237578,95.4
6580674915,95.1
8588202669,96.0
6419795072,95.6
6419795073,95.7
6419795074,96.2
12837509656,97.3
6419799398,97.4
6419799399,97.5
6419799400,97.5
6419799401,97.5
6419799402,97.3
6940324620,95.6
12881304178,95.5
6424388821,91.9
12922400286,92.3
8990552588,92.2
6424388829,92.0
6424388842,93.9
8588202661,93.6
6424388831,94.2
6424388832,93.8
6424388845,95.1
10996237575,95.2
6424388840,94.9
6424388841,94.6
6424388843,93.3
8588202656,92.6
8588202659,92.6
10996237576,95.1
6424388846,95.8
10591239458,95.9
6762881783,95.8
12805251444,95.9
6580640246,96.0
6424388847,96.0
6424388848,96.0
6424388849,97.0
6424388850,97.1
6424388851,97.2
6424388852,97.2
6424388853,97.4
6424388854,97.4
6424388855,97.6
6424389198,76.3
6424389199,76.6
6424389200,76.5
6424389201,76.4
6424389202,76.4
6424389203,76.2
6424389204,76.0
6424389205,76.0
6424389206,75.9
6424389207,76.0
6424389208,75.3
6424389209,75.9
6424389216,93.8
8990552597,93.9
8990552598,94.1
621511901,94.2
6424389217,94.4
621511936,95.6
9324681122,95.6
621511935,95.6
6424389218,94.4
6424389223,82.4
6424389224,82.5
6424389225,82.6
6424889583,79.4
6424889579,79.5
6424889580,79.2
6424889581,78.8
6424889582,78.7
12882360579,77.3
8807417020,77.4
8851609428,77.7
6424890189,79.9
8807417025,80.0
6424890187,80.1
6424889584,80.2
10187060760,80.4
10184841824,80.5
8851609429,80.5
10184820082,77.6
10184820083,77.6
10184820088,77.6
10184820084,77.6
10184820085,77.7
10184820086,77.8
6424890185,77.2
6424890186,77.6
6424890191,79.1
6424890188,77.9
6424890190,78.7
8807417022,79.0
6424890193,81.5
6426908520,28.1
6426908521,27.8
6426908522,27.4
6426908523,27.3
6426908524,27.1
6426908525,27.0
6426908526,26.9
6426908527,27.0
6426908528,27.0
3222890561,27.1
6426908586,25.6
6426908587,25.6
6426908588,25.6
6426908589,25.7
6426908590,25.8
6426908583,25.9
6426908591,25.8
6426908592,25.8
6428851975,25.8
6426908593,25.8
6426908594,25.8
6426908595,25.6
6426908596,25.1
6426908597,24.8
6426908598,24.3
6426908599,24.0
6426908600,23.8
6426908601,23.8
6426908665,26.1
6426908666,26.6
6426908667,27.1
6426908668,27.9
6426908669,28.4
6426908670,28.6
6426908671,29.0
6426908672,29.1
6426908673,29.0
6426908674,28.7
6426908675,28.2
6426908676,27.6
6426908677,27.3
11850851696,27.0
6426908678,26.9
6426908679,26.4
6426908680,25.9
6426908681,25.9
6426908682,25.9
6426908683,26.3
6426908684,26.7
6426908685,27.0
6426908686,27.2
6426908687,27.4
6426908688,26.9
6426908689,26.9
6426908690,26.3
6426908694,24.3
6426908691,23.8
6426908692,23.4
6426908693,23.1
6426908695,23.0
6426908696,23.3
12197319698,23.2
6426908697,23.2
12197319699,22.8
6426908698,22.7
12197319700,22.7
12197319701,22.6
12197319702,22.7
6426908699,22.6
12197319703,22.7
6426908700,22.6
12197319704,22.4
6426908701,22.3
12197319705,22.2
12197319706,22.2
12197319707,22.1
6426908702,22.1
12197319708,22.1
6426908703,22.3
6426908704,22.3
6426908705,22.0
10582877774,21.6
6426908709,21.7
6426908710,20.5
6426908711,19.5
6426908712,18.1
6426908714,17.7
6426908715,17.2
6426908716,17.1
6426908717,17.2
6426908718,17.0
6426908719,16.8
6426908720,16.9
6426908721,16.2
6426908722,15.8
6426908723,23.0
6426908724,23.2
6426908725,23.5
6426908726,23.3
6426908727,22.8
6426908728,22.7
12197319684,22.3
6426908729,22.3
12197319685,22.6
6426908730,22.6
6426908731,22.1
6426908732,22.3
6426908733,22.9
6427201714,29.3
6427201620,29.2
6427201621,28.9
6427201622,28.2
6427201623,27.8
6427201624,27.1
6427201625,27.0
6427201626,27.6
6427201627,27.8
6427201628,27.7
6427201629,27.6
6427201612,27.7
6427201630,27.7
6427201631,27.7
6427201632,27.6
6427201633,27.2
6427201634,27.1
6427201635,27.0
6427201636,26.5
6427201637,23.2
6427201638,22.1
6427201639,26.4
6427201640,25.2
6427201641,24.5
11850851572,23.9
6427201642,23.0
6427201643,22.1
6427201644,29.1
6427201645,29.3
6427201646,29.4
6427201647,29.1
6427201648,29.1
6427201649,29.2
6427201650,29.4
6427201651,29.4
6427201652,29.4
6427201653,29.2
6427201654,28.5
6427201655,28.3
6427201656,28.5
6427201657,28.0
6427201658,27.7
6427201659,24.4
6427201660,26.3
6427201661,26.3
6427201662,26.5
6427201663,27.1
6427201664,26.8
6427201665,26.9
6427201666,26.9
6427201667,26.8
6427201668,26.7
6427201669,26.7
6427201670,26.7
6427201671,26.7
6427201672,26.6
6427201673,26.5
6427201674,23.5
6427201707,22.4
6427201675,28.6
6427201676,28.4
6427201677,30.1
6427201678,30.5
6427201679,30.5
6427201680,30.6
6427201681,30.8
6427201682,30.8
6427201683,30.0
6427201684,30.2
6427201685,30.4
6427201686,30.3
6427201687,30.0
6427201688,29.8
6427201689,29.7
6427201690,29.6
6427201691,29.3
6427201692,28.9
6427201693,28.5
6427201694,28.3
6427201695,28.3
6427201696,28.5
6427201697,28.4
6427201698,28.2
6427201699,28.1
6427201700,28.3
6427201701,28.2
6427201702,28.1
6427201703,28.1
6427201704,28.3
6427201705,27.1
6427201706,26.9
6427201708,28.1
6427201709,29.0
6427201710,29.1
6427201711,29.1
6427201712,29.1
6427201713,29.3
6427201715,30.0
6427201716,29.7
6427201717,29.3
6427201718,29.2
6427201719,29.0
6427201720,29.3
6427201721,29.2
6427201722,29.1
6427201723,29.3
6427201724,29.3
6427201916,29.2
6427201915,29.5
6427201914,29.6
6427201913,29.8
6427201912,29.7
6427201911,29.6
6427201917,29.8
6427201918,29.7
6427201919,29.8
6427201920,30.1
6427201921,30.3
6427201922,30.0
6427201923,29.8
6427201924,29.6
6427201925,29.6
6427201926,29.8
6427201927,29.0
6427201928,29.0
6427201929,29.1
6427201930,29.1
6427201931,28.9
6427201932,28.5
6427201933,28.1
6428851972,24.6
6428851973,25.2
6428851974,25.7
6428852051,29.4
6428852052,29.4
6428852053,28.6
6428852060,28.4
6428852054,28.4
6428852055,28.4
6428852056,28.6
6428852057,28.6
6428852058,28.6
6428852062,28.6
6428852059,28.6
6428852061,28.6
6428852095,21.5
6428852096,20.3
6428852097,20.3
6428852098,19.2
6428852099,18.6
10582877784,18.4
6428852100,21.0
6428852101,20.3
6428852102,18.3
6428852103,16.7
6428852104,17.6
6428852105,23.4
6428852106,23.7
6428852107,23.8
6428852108,24.3
6428852109,24.4
11850851710,24.1
6428852110,23.8
11850851711,23.3
6428852111,22.6
6429544764,26.5
6429544765,26.7
6429544766,26.6
6429544767,26.2
6434281189,90.3
6434281190,90.2
6434281191,90.2
6434281192,91.2
6434281234,86.1
6434281235,85.0
13186894435,84.1
6434281238,83.9
6434281239,84.2
6434281243,82.3
7501620321,84.1
6434281386,82.6
7501620320,84.6
6434281387,84.7
6854684124,89.9
6434281391,81.6
6434281392,82.9
7501620306,83.6
7501620307,84.5
6854684126,89.3
10938983330,89.3
6235666343,79.5
6434652728,79.3
6434652729,79.3
6434652730,79.3
13443439755,69.3
6434652735,69.3
6434652736,69.6
6434652737,69.0
6434652744,84.1
6434652745,84.6
6434652746,84.3
6434652747,80.1
6434652748,77.2
6434652749,77.2
6434652750,76.7
6434652751,74.5
12624622576,74.0
6434652752,73.6
12624622577,73.3
6434652753,72.7
12624622575,72.1
6434652754,71.4
6434652755,70.5
12624622574,70.1
6434652756,70.0
12624622573,69.5
6434652757,69.3
6434652743,69.0
6434652758,69.0
8805686109,68.8
6434652759,68.6
6434652760,68.4
6434652761,68.0
6434652762,68.2
6434652763,67.2
6434652764,65.4
6434652765,62.3
6434652766,60.0
6434652767,58.3
6434652771,56.8
6434652768,56.5
6434664118,59.8
6434664121,58.1
6434664122,58.3
6434664123,57.9
6434669806,75.2
6434669807,73.2
6434669814,72.8
6434669808,72.0
6434669809,71.7
6434669810,71.3
6434669811,71.2
6434669812,70.5
6434669813,72.7
6434669824,76.9
6434669825,76.5
6434669826,76.1
9484688800,75.3
6434669829,74.9
6434669830,74.8
6434669831,74.6
7494943241,74.2
6434669832,73.6
7494943240,72.9
6434669833,71.9
6434669834,71.7
6434669835,71.6
6434669836,71.3
6434669837,70.9
6434669840,70.4
6434669838,69.0
6434669839,68.4
6434674189,66.5
6434674190,65.2
6434674191,65.1
6434674192,64.7
6434674193,63.6
6434674194,62.8
6434674196,62.1
6434674195,64.6
10211077788,57.8
6434674226,57.9
6434674227,57.6
6434674228,57.5
6434674229,57.4
6434674230,57.1
6434674231,57.0
6434674232,57.0
6434674233,57.3
6434674234,57.5
6434674235,57.9
10211077791,59.0
6434706009,55.6
6434706010,57.1
6434706011,56.0
6434706012,55.0
6434706013,53.1
6434706014,53.1
1387060879,91.6
13663687130,90.6
1387060631,90.1
1387060902,90.1
13663687131,90.2
1387060668,90.4
1387060585,90.5
6437082341,90.6
6437082342,91.2
1387060716,91.2
1387060684,92.7
1387060886,93.6
1387060720,93.8
1387060907,94.2
1387060763,94.3
13663687105,94.4
1387060587,94.8
1387060811,95.1
1387060606,95.3
1387060848,95.1
1387060623,95.0
1387060892,94.5
1387060651,94.3
1387060576,94.5
1387060697,94.4
1387060596,94.5
1387060744,94.5
6380202198,94.8
1387060766,95.2
6380202197,95.5
6380202196,95.4
1387060589,95.4
1387060816,95.5
1387060609,95.6
1387060869,95.6
1387060625,96.0
1387060897,96.6
1387060656,96.9
1387060581,97.0
1387060705,97.2
1387060602,97.5
1387060751,97.5
1387060619,97.5
1387060791,97.8
1387060638,96.9
1387060835,97.1
1387060573,97.3
1387060691,97.5
1387060593,98.4
1387060728,99.1
1387060611,99.3
1387060776,99.2
1387060628,99.5
1387060827,99.5
1387060657,99.8
1387060873,100.4
13663687122,99.9
1387060707,99.2
1387060898,98.6
13663687123,98.2
1387060753,97.9
1387060582,97.8
1387060792,97.6
13663687124,97.5
1387060603,97.5
13663687125,97.5
1387060614,97.4
1387060779,97.2
1387060632,97.3
1387060830,96.7
1387060669,96.2
1387060881,95.7
1387060718,95.4
1387060904,95.2
1387060762,95.0
1387060586,94.7
1387060810,94.3
1387060845,94.4
1387060622,94.3
1387060889,94.3
1387060641,94.2
6457061472,87.7
6457061471,87.7
6457061469,87.9
1676542270,88.1
10208273248,89.2
6941765711,89.2
14208195046,87.9
14208195047,87.9
6457061474,87.9
10543618382,87.2
6457062086,88.8
10544222250,89.5
6457062109,85.8
6457062110,85.5
6457062111,85.1
10635281899,84.7
6457062112,84.7
6457062113,84.4
6457062114,84.2
6457062115,84.1
6457062116,83.0
6457062117,82.7
9678003108,82.4
6457062118,82.4
6457062119,82.1
6457062120,81.9
6457062121,81.8
6457062122,81.7
6457062123,81.5
6457062124,81.0
9484688804,80.8
10612997904,80.8
13999181281,80.4
6457062125,78.4
13999198408,77.1
13999198416,77.0
12884214864,76.9
12884214865,76.9
12884214866,76.9
12884214867,76.8
12884214868,76.7
12884214869,76.6
12884214871,74.6
11139771383,21.0
8748535269,21.0
8748535280,24.8
6484929478,83.3
6484929479,83.4
6484929615,80.9
6417091566,91.5
13996273728,90.6
14209454392,91.7
14209454391,91.7
6580337734,90.3
6580640218,94.9
6580640245,95.0
6580640219,95.0
6580640220,94.9
6580640221,94.3
6580640222,94.7
6580640223,95.3
6580640224,95.6
6580640225,94.2
7706133700,93.6
6580640226,93.7
6580640227,93.5
6580640228,93.6
6580640229,93.8
6580640230,93.9
6580640232,93.3
9800616515,93.7
10760636714,93.6
7708055135,92.5
6580640234,91.7
10760636721,91.0
6580640239,94.6
6580640240,95.4
12805251447,96.0
6580640258,92.5
10996237577,95.3
8588202666,95.2
6580674919,95.1
9339328188,94.6
10996237580,94.6
8588202664,95.1
9339328190,94.6
6580674925,95.9
14209842818,96.0
14209842839,95.0
6580674931,94.9
6580674932,94.9
6778864771,94.9
12837509633,96.0
6580674934,96.1
6580674935,96.2
6580674936,96.4
6580674937,96.5
6580674938,96.6
6581140887,89.2
6581140886,89.9
12887776917,88.2
6581140891,88.4
6370563562,91.7
14209454390,91.7
6903819852,91.7
6627320843,92.2
12972801767,91.6
9223402108,88.8
6713739316,78.9
6713739292,81.1
6713739285,78.9
6713739315,78.9
1137111998,78.8
12887383857,78.8
582279929,79.1
726307523,79.0
582279925,79.3
1137110357,79.5
12887383851,79.5
1137112010,79.6
582279971,79.8
5850214023,79.8
582279972,79.9
582279973,79.9
582279974,80.0
582279975,80.1
5850214024,80.1
6424389221,81.1
582279980,81.8
582279984,81.8
6424389220,81.9
6713739318,80.4
6713739320,79.8
6713739319,79.5
14209842845,81.3
582280003,81.5
582280004,81.8
613049449,81.9
6751491073,89.6
6751491075,89.6
6751491076,89.6
6751491077,89.5
6751491080,89.5
6752586967,85.2
6752586968,85.1
6752586969,85.1
6752586970,84.9
6752600685,83.8
6752600691,84.8
6752600689,84.2
6752600690,84.3
6854684123,89.4
10938983312,89.3
1234868206,86.8
10938983326,86.8
6767640367,83.7
10187060811,83.4
6434281280,83.2
12837509634,95.7
6778864714,95.9
6778902243,95.9
6778864715,96.1
6778864716,95.9
6778864720,95.9
6778864721,96.0
6331589169,96.0
6778864777,95.8
6778864778,95.6
6778864779,95.6
6778864780,95.4
6778864781,95.4
6778864782,95.3
6964831487,95.4
6778864783,95.3
6778864784,95.4
6778920285,95.4
6778920286,95.3
6778920287,95.3
6778920288,95.2
6778920289,95.2
6778920290,95.3
6778920292,95.3
6778920293,95.3
12837509639,95.2
12837509641,95.4
1034822186,95.4
12837509642,95.4
6778920295,95.7
6778920320,95.3
6778920322,94.6
6794432454,92.5
6794432455,91.8
6794432478,88.7
5953000936,88.5
766968810,88.4
6794432479,89.1
6794432481,88.6
14204826368,88.7
6794432482,88.6
6794432483,89.7
6794438509,89.0
6794438510,89.0
6794438511,89.2
6794438515,85.4
14207217343,85.9
14207217344,86.2
14207217345,86.8
14207217346,87.0
14207217347,87.3
14207217348,87.5
14207217349,87.6
14207217350,87.8
14207217351,88.4
14207217352,88.4
6794438517,89.1
6794438518,89.4
6794438519,93.7
12774193554,93.6
6794438548,92.5
6794438524,91.2
14204826376,90.8
6794438520,90.7
14204807991,90.9
14207217337,91.0
6794438525,91.5
6794438521,92.9
14207217317,93.1
6794438550,93.6
6794438522,91.5
6794438523,91.2
1136927453,90.9
14207217326,91.2
6794438551,93.5
6794438552,93.7
6794450807,89.8
6794450808,89.3
6794450819,85.2
6794450818,87.3
6794450822,86.2
6794450821,86.6
6794450865,82.2
6794459593,82.8
6794450866,83.8
6794450867,84.3
6794459587,84.4
12891953202,84.3
6796291678,83.0
6796291677,83.7
6796291679,83.8
6796291676,83.9
6794459594,83.1
6794459595,83.6
6794459596,84.1
6794459597,84.1
6794459585,85.4
14088737702,85.2
14088697873,85.1
13050735292,85.0
12891953203,84.4
6796291651,80.5
6796291652,80.9
6796291653,82.0
6796291654,81.7
6796291655,82.1
6796291656,81.1
6796313302,84.1
6796313303,84.2
6796313305,82.2
12922419515,82.8
6796313306,82.7
8807926818,88.1
6796283664,87.6
6796283665,86.7
6796283666,86.0
8805786554,85.9
6796283667,85.7
6796283678,81.4
6796283679,81.4
6796283680,81.3
6796283681,81.2
6796283683,83.3
6796283684,83.4
8807912151,81.8
6796333286,84.2
6796333287,84.2
6796333288,84.3
6796333289,84.2
8805786519,84.2
6796333291,84.3
6796333292,84.3
6796333293,84.3
6796333294,84.3
6796333295,84.2
6796333301,84.7
8805786520,84.5
6796333303,86.7
8805786511,85.8
6796333305,87.2
6796333306,87.0
6796333307,86.8
6796333309,86.6
6796333310,86.5
8807526078,86.4
6796333320,89.0
6796333321,89.0
6796333322,88.8
8805786506,88.6
6796333324,89.6
8805786505,88.8
6796333326,91.3
6796333327,90.7
6796333328,90.4
8807926763,90.2
6796333329,91.3
8807926762,90.6
6796333331,92.7
6796333332,92.3
6796333333,92.1
6796333334,91.8
8807926761,91.8
8807926757,88.7
6796333337,89.0
6796333338,89.1
6796333339,89.4
6796333340,89.4
8807926756,89.2
6796333342,90.4
6796333343,90.2
6796333344,90.5
6796333373,90.2
6796333346,90.6
6796333347,90.5
6796333374,90.3
6796333349,89.4
6796333351,89.0
6796333352,89.9
6796333372,90.1
13471558659,96.7
6796333394,97.1
6796333393,97.6
6796333392,97.6
6796333391,97.5
6796333390,97.4
13471558671,97.3
6796333389,97.3
6796333385,97.1
6796333384,97.1
13471558672,97.0
6796333383,96.8
6796333382,96.6
6796333381,95.9
6796333388,96.0
729440541,96.1
6796333380,96.3
13612789830,96.4
6796333379,96.5
6796333378,96.4
6796333377,96.0
13612789831,95.6
6796333358,95.1
6796333359,93.6
6796333360,92.4
8807926758,92.1
13285994377,91.8
8691222356,98.4
7621409439,98.7
13679701055,98.4
6803071070,98.1
6803071069,98.1
13679701064,98.0
6803071068,97.7
6803071067,97.7
6803071071,97.8
6803071066,97.4
13093226848,96.6
8691216988,100.8
13683405041,100.1
13683405042,100.3
6803071076,100.0
6803071075,99.6
6803071074,99.3
6803071073,99.0
6803071072,98.3
6813428325,82.4
6813428326,82.2
6813428327,82.1
6813428359,76.3
6814475804,77.7
766968820,78.1
6814475849,82.4
6814475850,82.4
6814475851,82.4
6814475852,82.4
6814475853,82.4
6814475854,82.4
6814475855,82.4
6814475858,80.6
6814475859,80.8
6814475860,80.6
6814475861,80.6
6814475862,80.6
6814475863,80.9
6814475864,81.2
6814475865,81.9
6814475866,82.4
6814475869,76.9
6814475870,77.1
6814475871,77.1
6814475874,77.3
6814475875,77.4
6814475876,77.3
6814475877,77.2
6814475878,77.2
6814475879,77.3
6814475880,77.2
6814475881,77.1
6814475882,77.1
6814475883,77.1
6814475884,77.1
6814481985,77.1
6814481986,77.1
6814481987,77.5
6814481988,77.0
6814481989,77.0
12922419446,77.0
1150205414,77.0
6814481991,76.9
12922419448,77.1
6814481992,77.1
6814481994,77.0
12922419453,76.9
12922419452,76.8
6814481997,76.9
766968747,77.1
766968863,77.0
6814481998,77.8
12776992606,77.7
12776992607,77.7
6814481999,77.7
6814482000,77.5
6814482001,77.3
6814482002,77.3
6814482003,77.2
6814482004,77.1
6814482005,77.7
6814482006,77.4
6814482007,77.1
1150141295,77.7
6814482008,77.5
6814482009,77.5
6814482010,77.6
6814482011,77.8
6814482025,77.8
6814482026,78.0
6814482027,78.0
6814482028,78.1
1150141279,78.1
1150141234,78.1
1150141360,77.7
1150141253,77.7
1150141282,77.7
1150141316,77.7
1150141325,77.7
6814482036,78.1
6814482070,84.1
10187060764,82.0
6814482072,81.8
1150141252,78.2
6814482094,81.7
6814475808,81.9
6814475811,81.2
6814475812,81.6
6814482047,81.6
6814482095,78.9
6814482096,78.7
1150141246,78.1
1150141314,78.0
1150141232,78.0
1150141281,78.0
1150141268,78.0
1150141243,78.0
1150141381,78.2
6814482101,77.9
6814482102,77.6
6814482103,77.5
6814482104,77.6
6814482105,77.7
6814482129,78.3
6814482132,77.7
12776992603,77.4
14207217311,77.4
6814482133,78.0
6854672882,91.5
6854672883,91.3
13954382468,91.3
6854672884,90.9
6854683990,90.5
613049518,90.7
6854683989,91.7
6854684006,92.4
10613045025,92.4
6854683985,92.2
6854684002,92.2
6854684004,92.1
6854684003,92.2
6854683986,91.7
6854672880,91.3
6854672881,91.3
6854684037,91.9
6854684036,91.9
6854683987,91.9
6854683988,91.6
8725875675,91.6
1144933208,91.6
1144931923,91.5
1144934186,91.5
1144931631,91.5
1144931980,91.5
1144931544,91.5
6854683991,90.5
6854683992,90.1
6854683994,89.2
6854683995,88.7
6854683996,88.0
6854683997,88.0
6967348630,86.2
10938983332,90.3
6854683999,91.3
10708161074,93.4
10938983338,93.4
6854684040,93.7
6854684058,94.4
6854684014,94.7
6854684015,95.7
9324673313,95.4
1034822224,95.2
10938983339,93.6
6854684025,93.9
10938570432,94.3
12887391187,94.3
12887391188,94.5
1034822502,95.3
6854684021,93.0
10938570429,93.9
6854684024,94.1
6854684022,94.1
10938570419,94.6
6854684023,95.1
10938983336,93.6
6854684041,93.6
6854684042,93.7
6854684043,94.0
6854684044,94.0
6854684045,94.1
6854684046,94.0
6854684047,94.1
6854684048,94.1
6854684049,94.0
6854684050,94.1
6854684051,94.0
9324673304,94.1
6854684052,94.6
6854684053,94.9
6854684054,94.8
6854684055,94.9
6854684056,94.6
6854684057,94.5
10938983341,89.8
12881569249,89.8
6854684127,81.4
6854684128,83.1
6854684129,85.3
6854684130,89.1
6856279977,90.2
6856285295,90.2
12179699221,93.1
12179699222,93.3
12179699220,92.9
6856285320,93.0
6856285322,93.3
6856285323,93.9
6856285324,94.5
6856285326,95.0
14208195065,94.9
6856285327,92.8
12887391179,92.2
6856285331,92.2
6856285355,91.7
6856285330,91.0
726231239,93.4
6967348648,93.4
6856285334,93.2
6856285335,93.0
10613007604,92.9
6856285337,92.9
6856285338,92.7
6856285339,93.2
10613007603,93.3
6856285340,93.5
6778920297,95.1
1034822375,95.2
10938983335,95.2
10938983334,95.1
6856264252,95.2
6856264253,95.6
6856264254,94.9
6856264255,94.7
6856285321,93.7
12887391224,93.5
6856264256,93.2
6856264257,92.7
6856264258,92.2
6856264259,91.8
6856264260,91.4
7196428945,91.3
6856264261,91.2
6856264262,91.0
6856264263,90.8
12884214810,91.1
6856264267,91.0
12884214812,90.9
12884142393,87.6
6874793072,90.8
9712763994,90.7
11310850700,90.6
6874837421,90.7
8973110271,88.6
8883801958,89.4
7855874335,89.5
8973110268,89.8
8973110272,90.3
14209454396,90.9
5767393009,87.4
7018933870,87.6
5767393012,87.9
6903819859,87.7
1147560128,87.7
11142096471,90.0
6933731855,90.5
13093001942,90.5
11142096467,90.7
6933731856,90.5
11142096464,90.7
6933731859,90.5
13093001948,90.5
13093001944,90.4
5924621764,90.6
13093001947,90.6
13093001946,90.6
6933731860,90.5
6933731875,90.6
8931454772,90.4
6933731874,89.8
8669235048,93.6
8669235066,93.3
8669235060,89.6
6933731869,89.9
6933731870,90.5
6933731871,92.1
6933731873,93.5
8669235045,93.5
6933731872,93.5
8669235047,93.7
8669235046,93.7
12996765354,90.9
6933731877,93.3
6940315796,97.4
6940315797,97.3
6940315798,97.2
6940315799,97.5
6940315800,97.5
6940315801,97.3
6940315802,97.6
6940315803,97.2
6940315804,96.5
6940315805,96.6
6940315806,96.4
6940315807,96.3
6940315808,96.3
6940315809,96.4
6940315810,96.5
6940315811,96.2
6940315812,96.2
6940315813,96.2
6940315814,96.3
6940315815,96.3
6940315816,96.4
6940315817,96.4
6940315818,96.5
6940315819,96.6
6940315820,96.6
6940315821,96.6
6940315822,97.1
10909275768,97.0
10909275767,97.0
6940315824,95.6
6940315851,95.7
6940315825,95.7
6940315826,95.7
6940315827,95.8
6940315828,95.8
6940315831,95.9
6940315832,95.9
12805003992,95.7
12805003991,95.8
6940315829,95.9
6292505755,95.9
6292505754,95.4
6940315835,95.6
6940315836,95.7
6940315838,95.6
14208218648,95.6
14208218649,95.5
6940315839,95.5
6940315840,95.3
6940315841,94.8
6940315842,94.7
14208218650,94.7
14208218651,94.6
6940315843,94.6
14208218652,94.6
6940315844,94.5
6940315845,94.5
6940315846,94.2
6940315847,93.9
6940315848,93.8
6940315882,93.6
6940315849,93.3
6940315852,95.9
6940315853,96.0
6940315854,96.1
6940315855,96.0
6940315856,96.1
6940315857,95.9
6940315858,95.9
6940315859,96.0
6940315860,95.8
6940315861,95.8
10996290718,96.0
14208218646,95.9
6940315864,95.8
12805003994,95.7
6940315863,95.8
6419761475,97.4
6419761476,97.6
12805251414,97.7
6419761477,97.9
6419761478,98.1
6419761479,98.2
12805251627,97.3
6940315869,97.6
12805251591,97.5
12805251594,97.4
6940315872,97.9
6940315873,97.5
6940315874,97.6
6940315875,97.7
6940315876,97.9
6940315879,95.2
6940324608,95.0
6940315881,93.3
12805003925,93.4
6940324585,93.3
6940324587,93.5
6940324586,93.2
12805003914,93.2
6940324605,94.6
6940324606,94.8
6940324607,95.0
6940324611,94.4
6940324612,94.6
6940324613,94.7
6940324614,94.7
12805014817,94.7
6940324615,94.6
6940324616,94.8
6940324617,95.1
6940324618,95.2
6940324619,95.3
12881560942,95.6
6940324622,95.6
6940324623,95.4
14208218653,95.4
6940324624,95.3
6940324625,95.3
14208218654,95.3
6940324626,95.2
6940324632,94.3
6292505736,93.9
6941464338,88.2
6941464339,89.4
6941464340,89.6
6941464341,89.7
6941464342,89.2
6941464343,89.1
6941464344,89.2
6941464345,88.3
6941464346,90.3
6941464347,90.5
6941464348,90.4
6941464349,90.4
6941464350,90.4
6941464351,89.6
6941464352,89.7
6941464353,90.2
6941464354,90.2
6941464355,90.1
6941464356,90.0
6941464357,90.1
6941464358,89.9
6941464359,89.9
6941464360,89.6
6941464365,90.4
6941759508,90.4
6941464366,90.2
6941759511,90.0
6941464367,90.1
6941759510,90.4
6941464368,90.5
6941759488,90.5
6941759489,90.5
6941759493,90.5
6941759494,90.4
6941759495,90.4
6941759509,90.4
6941759496,90.4
6941759497,90.4
6941759498,90.4
6941759499,90.4
6941759490,90.4
6941759491,90.4
6941759500,90.4
6941759501,90.4
6941759502,90.5
6941759503,90.5
6941759504,90.5
6941759505,90.5
6941759506,90.5
6941759507,90.5
6941759492,90.5
6941759512,90.2
6941759513,89.7
6941759514,88.9
676620125,90.2
6941757541,90.3
1140225524,90.2
676620221,90.0
6941765703,89.7
6941757546,89.3
6941757547,89.3
6941757548,89.3
6941757549,89.7
6941757550,90.1
6941765707,90.4
6941757551,90.5
6941757552,90.6
6941757553,90.7
6941757554,90.8
6941757555,91.0
6941757556,91.0
6941757557,91.5
6941757558,91.5
6941757559,91.7
6941757560,91.7
6941757561,91.7
6941757562,91.7
6941757563,91.7
6941757564,91.8
6941757565,91.7
6941757566,91.5
6941757567,91.7
6941757568,91.6
6941757569,91.5
6941757570,91.5
6941757571,91.6
6941757572,91.7
6941765699,91.8
6941757573,92.2
6941757574,92.4
6941757575,92.7
6941757576,92.9
6941757577,93.5
6941757578,94.2
6941757579,94.6
6941757580,94.7
6941757581,94.6
6941757582,94.5
6941757583,94.5
6941757584,94.3
6941765685,94.3
6941765686,94.2
6941765687,94.0
6941765688,93.9
6941765689,93.8
6941765690,93.5
6941765691,93.2
6941765692,93.5
6941765705,89.9
6941765708,91.5
6941765709,89.2
12881309167,89.3
12881309166,89.2
6941765710,89.1
6941765810,89.4
6941765811,90.2
6941765812,91.0
6941765813,90.2
6941765828,89.3
6941765829,89.4
6941765814,89.5
6941765815,89.5
6941765816,89.5
6941765823,90.1
6941765824,89.8
6941765825,90.2
6941765817,90.2
6941765818,90.2
6941765826,90.2
6941765827,90.2
6941765819,90.2
6941765820,89.8
6941765821,89.8
6941765822,89.3
6943420577,92.3
676620051,92.1
6943442895,93.5
6943442896,93.3
6943442897,92.8
6943442898,92.2
6943442899,91.0
6943442900,89.8
6943442905,89.4
12356304879,89.9
12805014807,90.1
12805014809,90.1
12805014808,90.2
12805014806,90.2
12805003913,91.4
6943442910,91.6
6960981032,96.9
6960981033,96.8
6960981034,97.6
6960981035,97.4
6960981036,97.1
6960981037,97.3
6960981038,97.3
6960981039,97.1
6960981055,97.6
6960981050,97.2
6960981051,97.0
6960981052,96.6
6960981053,96.4
6960981054,96.3
6960981062,96.3
6960981063,95.5
13285994383,95.1
6960981064,94.5
6960981065,93.4
6960981067,92.9
6960981066,92.6
7706133689,92.4
6960981068,92.2
6960981069,91.8
6960981071,91.7
6960981070,91.7
6960981073,91.0
6960981072,90.9
7708055094,91.1
7708055093,91.2
7706133690,91.3
6960981075,91.2
6960981077,91.1
6960981082,91.2
6580640236,91.0
10909275755,90.2
10909275750,90.4
10909275753,90.3
6960991685,90.5
10909275752,90.5
12089378936,90.6
6960991689,90.4
10909275743,90.4
10909275742,90.5
10909275747,90.3
1120799989,90.5
6960991692,91.1
6960991694,91.0
6960991695,90.7
10909275746,90.4
6960991698,91.1
2407447357,90.8
12944765932,91.2
6960991699,90.8
6960991700,90.6
6964831486,95.8
12837509644,95.3
12837509618,95.4
773146991,79.0
6967348621,81.4
6967348622,81.6
773146974,82.3
6967348617,82.2
10938895771,79.4
6434281270,79.5
6434281271,80.0
6434281272,80.5
6434281273,80.9
6434281274,81.3
6434281276,81.6
6967348620,79.4
6967348626,83.8
6967348629,84.1
6967348628,85.7
726231350,93.2
6967348650,93.2
6967348651,93.3
6967348649,93.4
726231343,93.6
10613007589,93.6
726231160,93.6
726231276,93.6
10613007591,93.5
10613007598,93.1
726231213,92.7
726231312,92.6
726231130,92.6
1241180216,92.2
1241180188,92.5
726231362,92.2
6967348652,92.8
6779488687,92.5
10544222246,91.2
10544222245,90.9
10544222244,90.8
10544222243,90.8
1155933639,70.7
1155933515,70.5
1155933576,70.1
1155933619,70.0
7042300100,86.7
7042300102,89.4
13544957510,90.2
12881569261,91.2
12922419427,91.2
7042300106,91.2
7042300129,93.0
5850072936,88.2
5850072935,86.7
10938924853,85.7
7059323427,90.5
12881309033,90.5
13996273729,90.6
854403360,61.0
566343658,61.1
854403330,61.2
7125626678,86.3
7125626680,85.9
13263217506,78.8
7147643988,79.3
7147643989,79.5
7147643990,79.7
7147643991,79.5
7147643992,79.4
7147643993,79.1
7147643994,78.8
7147643995,78.9
7147643996,79.3
7147643997,79.3
1386788997,89.6
1386789324,89.7
1386788921,91.2
1386789263,90.4
1386788517,93.1
1386788673,91.7
1386789056,94.4
6380142917,95.3
1386789395,96.3
1386788591,97.6
1386788748,98.6
1386788685,98.9
6380142919,99.2
1386788947,100.2
6380142918,100.4
1386788543,100.8
1386788773,100.1
1386789070,99.7
1386789528,99.5
1386788617,99.4
1386789445,98.9
1386788567,98.5
1386788828,98.4
1386789168,97.5
1386788485,96.6
1386788637,95.6
1386788956,95.4
1386789300,95.2
1386789202,95.1
1386789501,95.1
1386788660,94.5
1386788890,94.3
1386789352,93.8
1386788706,93.4
1386788873,93.3
1386789024,93.3
1386788575,93.5
1386788742,93.7
1386789194,93.8
6380142501,93.7
1386789493,93.6
1386788648,93.4
7237561703,84.8
8805991662,85.0
8805991663,85.6
8805991664,86.1
7237561700,86.5
4339342997,86.7
7237550752,86.9
7237550750,87.2
8805991670,87.6
8805991667,89.1
8805991668,89.1
7237550754,89.2
8805991669,89.2
7237552339,84.4
7237561707,81.7
10210937454,84.2
8805991661,84.3
7237561705,81.8
7237550742,85.8
7237550743,86.1
7237550744,87.0
7237550745,86.7
7237550746,85.8
7237550747,85.2
7237550748,87.2
7237550753,87.0
7237550749,87.2
7237550759,89.3
7237550756,89.3
7237550757,89.4
14005359579,89.9
14005359578,90.2
14005359580,91.1
14005359581,91.6
14011515162,91.6
8973110269,91.0
7245865830,77.9
7245865831,78.0
7245865832,78.0
7245865833,78.0
7245865834,78.0
7245865835,77.9
7245865836,77.7
8750806818,57.8
11051408230,43.5
7271116223,42.6
7271116224,47.2
8796981549,43.3
7271116225,40.5
7271116226,36.4
9653226327,29.5
7271116227,22.9
7271116228,22.3
11051408221,47.5
8805786571,50.8
8805786572,52.7
8805786573,54.3
8750802612,57.7
8750802611,58.2
7272666771,30.2
7272666772,30.2
7272666773,30.4
7272666774,30.5
7272666775,30.5
7272666776,29.9
7272666777,29.6
7272666778,29.4
7272666779,29.5
9881582332,10.2
14089071643,10.5
13676240524,11.3
479571736,11.9
479571741,17.0
479571744,19.9
13676240534,21.1
11512399026,23.0
11512399027,24.9
13676240533,24.8
479571748,27.9
479571750,32.2
11512399030,33.7
11512399029,35.2
479571766,37.1
11512399028,38.1
14089071668,38.7
11512399025,39.5
479571728,9.8
14089071641,18.5
14089071640,17.1
14089071639,15.6
14089071638,14.3
13676240525,13.6
9881582333,13.1
13676240527,11.7
13676240526,10.8
13676240530,10.8
13676240528,10.4
13676240531,10.5
13676240529,10.1
735972729,78.2
3743254492,77.9
13469070965,77.8
13471558664,77.9
13469070966,77.9
13471558662,78.0
13471558666,77.9
13469070967,77.9
735972655,77.9
13471558663,77.9
13469070968,78.1
13469070969,78.0
13471558665,77.9
13469070970,77.9
2734503464,77.9
13469070971,78.1
13469070972,78.1
7273106706,78.1
317126398,78.3
3743254493,78.8
13469070974,80.2
317126399,81.4
3743254494,82.1
13469070975,82.6
13469070976,83.1
317126400,82.9
3743254495,83.0
13469070977,83.1
317126401,83.5
317126402,84.1
13469070978,84.1
13469070979,84.2
13469070980,84.7
13469070981,84.9
13469070982,84.9
317126403,84.7
3743254496,85.0
13469070983,85.3
13469070984,85.6
3743254497,85.3
317126404,85.4
13469070985,85.8
13469070919,86.1
2734503441,86.3
13469070987,86.3
13469070921,86.2
13469070920,86.0
13469070988,86.0
13469070986,86.0
13469070922,86.1
13469070991,86.2
13469070989,86.2
13469070990,86.1
724834574,85.6
13469070992,84.9
13469070924,83.3
13469070925,82.6
724834691,82.9
13469070927,82.9
13469070926,83.0
2734503449,83.0
13469070937,83.3
13469070938,83.5
2734503455,83.6
13469070940,83.6
13469070939,83.6
13469070941,83.8
724834668,84.1
13469070942,84.7
13469070943,86.1
13469070944,87.1
724834768,87.9
724834616,88.3
13469070945,88.6
724834714,88.6
724834778,88.5
13469070946,88.5
724834656,88.5
724834756,88.3
13469070947,88.3
13469070948,88.1
724834636,88.1
724834607,87.9
13469070949,88.0
724834702,88.1
13469070950,87.6
14208218641,94.9
7416129800,94.9
14208218640,94.9
7416129804,94.9
7416129805,94.9
14208218642,94.9
14208195064,95.0
7416129835,91.5
7416129839,90.8
12179699224,90.6
7416129838,90.7
620044874,93.4
621511885,93.5
2408306641,93.7
621511886,93.3
620044871,93.2
11419717024,93.3
621511863,93.1
7418077158,93.6
9324587457,93.8
7418077159,93.9
12887391193,94.0
7418128238,90.3
7418128221,90.2
7418128254,90.7
7418128255,90.4
7451255957,87.4
7451255945,87.2
9289231172,87.0
7451255946,85.4
7451255947,85.1
14209842860,83.0
12883681776,88.3
7455212702,86.4
10187282016,86.4
7455212709,86.5
7455212713,86.5
7455212717,86.5
7455212715,86.6
14185862832,86.6
7455212714,86.3
14185865454,86.2
12922419526,85.1
7481760959,85.0
12922400293,85.2
7481760961,85.2
7481760974,85.8
7481760964,85.9
7481760965,86.0
7481760966,86.1
7481760967,86.1
7481760968,85.9
7481760972,86.3
7481760969,86.1
7481760970,86.1
7481760971,86.2
7481760973,85.7
7501620305,85.1
7501620312,84.2
7501620313,84.0
7501620308,84.6
7501620309,84.7
7501620310,84.7
7501620311,84.6
7501620314,83.8
7501620315,84.0
7501620316,84.0
7501620317,84.0
7501620318,84.0
7501620319,84.3
13201446621,89.2
7509460525,89.3
7509484156,89.3
7509460526,89.1
7509460527,88.6
7509460528,88.6
7509460529,88.5
7509460531,88.4
7509460533,88.5
7509460534,88.0
7509460535,87.8
7509460536,87.7
7509460538,87.8
7509460540,87.9
7509460541,88.0
7509460542,88.1
7509460543,87.9
7509460544,87.8
7509460545,88.1
7509460546,88.7
7509460547,89.2
7509460548,89.6
8636706754,89.3
7509460549,90.1
8636706795,87.8
8636706797,92.4
7509460552,89.5
7509460553,89.0
7509460554,88.4
7509460555,88.0
7509460556,87.9
7509460557,88.0
7509460558,87.8
7509460559,87.7
7509460560,87.7
7509460562,88.2
7509460563,88.7
7509460564,88.8
7509460565,88.7
7509460566,89.1
7509460567,89.6
7509460568,89.6
7509460569,89.8
7509460570,89.7
7509460571,89.5
7509460572,89.1
7509460582,89.6
7509460583,91.4
7509460584,92.2
7509484085,92.8
7509484087,92.2
7509484089,92.8
7509484090,95.1
7509484091,95.5
9325233133,95.5
9325233132,95.6
7509484093,95.8
9325233131,95.8
9325233130,95.7
7509484094,95.2
7509484095,93.8
7509484096,93.3
7509484097,92.4
7509484098,91.7
7509484099,91.4
7509484100,91.0
7509484101,90.8
7509484102,90.7
7509484105,91.0
7509484106,91.3
7509484107,91.6
7509484108,91.7
7509484109,91.9
7509484110,92.2
7509484112,92.0
7509484113,91.0
7509484114,89.3
7509484115,88.9
7509484116,88.7
7509484117,88.5
7509484118,88.2
7509484119,87.9
7509484126,90.9
7509484128,90.6
7509484129,90.5
7509484130,90.1
7509484131,89.9
7509484133,90.3
7509484134,91.1
7509484135,92.0
7509484137,91.9
7509484138,91.7
7509484139,91.6
7509484140,91.3
7509484141,92.1
7509484144,92.2
7509484145,91.1
7509484146,90.0
7509484147,89.3
7509484148,89.0
7509484149,88.8
7509484151,91.5
7509484152,90.1
7509484153,89.8
7509484155,89.5
7519058073,50.0
7519058074,56.2
7519129493,50.3
7519129494,49.5
7519129495,48.8
7519129496,48.3
7519129497,47.2
7519129498,45.5
7519129499,43.8
7519129500,42.6
7519129501,41.5
7519129502,41.0
7519129503,40.2
7519129504,39.2
7519129505,39.1
7519129506,38.0
7519129508,37.5
7519129507,37.4
7519129511,37.4
9404079332,40.6
7519129509,40.5
7519129510,40.6
7519129512,40.6
9404079333,40.4
7519129523,50.2
7519129522,49.1
7519129521,48.0
7519129520,47.3
7519129519,47.0
7519129518,46.7
11357476439,46.8
7519129524,49.4
7519129525,55.6
7519117538,56.8
7519117539,56.8
7519117540,56.7
7519117541,49.2
7519117542,51.1
7519117543,51.7
7519117544,52.2
7519117545,53.9
7519117546,54.1
7519117547,54.0
7519117548,49.1
7519117549,49.0
7519117561,52.7
7519117550,54.5
7519117551,54.9
7519117552,55.9
7519117553,57.1
7519117554,57.6
7519117555,57.8
7519117556,57.7
7519117557,48.9
7519117558,52.5
7519117559,52.6
7519117560,52.7
7519117562,49.0
7519117563,48.0
7519117564,46.0
7519117565,44.3
7519117566,43.7
7519117567,42.2
7519117573,56.0
7519117574,53.1
7519117575,51.8
7519117576,49.0
7519117577,64.5
7519117580,64.9
7519117581,64.9
7519117582,65.4
7519117583,66.0
7519117584,66.7
7519161394,62.0
7519161395,63.7
7519161397,71.0
7519161398,72.0
7519161399,72.7
7519161400,73.5
7519161401,73.1
7519161402,72.2
7519161460,56.2
7519527875,89.0
7519527877,89.6
7519527878,90.0
7519527881,90.6
7519527883,91.0
7519538185,91.3
7519538186,91.6
7519538188,92.2
8633267712,92.1
8633288617,92.2
7519538195,91.9
7519538196,91.4
7519538197,90.8
7519538198,90.1
7519538199,90.7
7519538200,91.3
8633288619,91.9
7519538206,87.4
8633288623,88.7
7519538230,82.7
7519538231,82.6
7519538232,82.1
7519538233,81.5
7519538234,81.1
7519538235,78.9
7519538237,85.3
7519538238,82.9
7519538239,80.9
7519538241,78.9
7519538242,78.9
7519538243,79.0
7519538244,78.9
8633267706,79.3
8633267705,80.9
7519538247,80.1
7519538248,79.3
7519538249,79.1
7519538250,79.1
7519538251,79.1
7519538252,79.3
7519538253,80.1
7519538255,81.2
8633267704,82.4
7519538257,81.9
8633267703,83.6
7519538260,84.8
7519538262,82.8
7519538263,82.4
7519538264,82.4
7519538265,82.4
7519538266,82.7
7519538267,83.3
7519538268,84.4
7519538274,87.8
7519538275,87.8
7519538276,87.7
7519538277,87.6
7519538279,88.1
7519538280,87.8
7519538281,87.8
7519538282,87.7
7519538308,89.4
7519538309,89.3
8633267716,92.3
7519538193,91.2
7519538192,91.2
7519538191,91.5
7519538311,92.0
9484714084,77.3
9484688802,78.1
9484688803,78.3
9484688809,78.6
7539454701,72.1
246157808,71.6
7539454703,75.8
9195960314,73.9
646227151,72.1
7147625879,72.4
478182185,72.4
7147625878,72.2
7147625877,72.1
6958278713,72.1
6958278712,72.0
478182169,72.0
478182152,72.1
6958278714,72.0
478182142,72.4
6958278715,72.4
646227146,72.3
478182128,72.4
6047205806,71.9
7542635909,72.3
7542635910,72.2
646227150,72.1
7147625875,72.1
6047205811,72.0
7147625876,71.9
478182091,71.9
478182092,72.0
6047205810,72.0
7542635911,71.9
7542635912,71.9
7542635913,71.8
7542635914,71.8
7542635915,72.1
7542635916,72.2
7542635917,72.2
7542635918,72.3
7542635919,72.3
7542635920,72.3
7542635921,72.3
7542635922,72.3
7542335396,72.3
7545525445,72.8
7545525446,72.7
7545525447,72.8
922241374,17.2
7581207939,15.6
9902515973,9.4
10028587262,6.5
14089071816,2.0
3492713137,97.5
3492713135,97.4
3492713134,97.1
3492713131,96.5
12805003955,94.4
9198044675,82.9
7695781464,83.1
7695781450,83.1
7695781451,83.2
7695781452,83.4
13050745652,83.6
7695781453,83.6
7695781454,83.8
7695781455,84.1
7695781458,84.3
7695781459,86.8
5850510725,82.7
13050745649,82.6
7695781461,82.7
7695781465,82.9
13050745650,82.8
13050745641,82.9
7706082152,88.4
7706082153,88.6
7706082163,99.3
7706082169,99.3
7706082172,99.6
7706082173,99.5
7706082174,99.3
10760636727,92.6
7706133685,92.6
7706133686,93.4
7708055102,96.1
7706133687,97.0
7706133688,97.3
10760636728,92.4
7706133692,93.7
7706133693,93.7
7706133694,93.6
7706133695,93.5
7706133696,92.9
7706133691,92.4
10760636717,93.2
10760636716,93.4
7708055092,92.0
7708055121,92.6
9029119728,91.8
527773681,97.0
12806866935,97.4
7708055114,97.6
7708055113,98.1
12805251481,98.3
7708055134,92.5
10760636713,92.5
13263217511,78.6
8743012364,78.6
8949789941,78.2
8743012384,77.3
646227140,77.3
646227139,77.1
338490785,77.0
8949789942,76.9
8949789943,77.1
13266179561,77.8
8577366573,77.8
13263217510,78.2
11402251666,78.1
13263217538,74.8
13263217539,74.3
13263217536,72.6
13263217537,72.5
13263217534,68.6
13263217535,68.0
12786862476,62.6
8746932290,62.4
13263217529,61.8
12786862475,61.7
13263217527,55.4
338364930,55.1
13263217528,54.7
13263217525,48.4
338360632,48.1
13132266028,42.7
338357142,42.4
13132266027,41.9
13132266023,37.3
127473142,20.4
127473143,19.8
127473144,19.2
127473145,18.6
127473146,18.0
127473148,17.6
4409062580,17.1
127473149,16.4
127473151,14.4
127473152,12.8
127473153,11.1
6169166272,28.5
349918038,28.8
2413909648,62.2
2413909641,62.4
2413909554,62.1
773141942,64.3
9196949046,64.4
9196949047,64.2
773142032,61.4
773141833,61.1
773141753,60.2
2413879092,60.3
2413879091,60.4
2413879085,60.7
7729202861,91.9
14093555145,92.9
14093555123,92.0
14093555120,91.7
7729202863,91.8
14093555121,91.8
7729202864,91.5
7729202865,90.0
7729202866,89.2
7059323435,90.5
7855886599,90.5
9712764003,90.5
7855886600,90.4
7855886601,90.2
7855886602,89.9
9788958126,89.9
7855886603,90.2
7855886604,90.9
7855886605,90.2
7855886606,90.3
7855889342,88.8
7855889346,89.1
14173829480,89.4
7855889348,89.4
7855889343,89.1
7855889344,89.0
7855889345,89.2
14173829458,86.8
14173850910,87.2
7855874336,89.6
14185865428,87.4
14185865484,87.4
14185862810,87.4
14185865432,87.5
14185865305,87.5
14185862886,87.5
14185865307,87.5
14185865475,87.3
7650794432,87.7
7650794431,88.2
7455173952,87.8
7855921249,87.7
14185865421,87.0
14185865393,86.2
14185865445,86.5
14185862843,86.5
14185865362,87.0
7455212699,86.8
7855921250,86.5
7855921251,86.7
14185862855,86.7
14185865520,86.7
14185865337,86.6
14185865397,86.5
10187282015,86.6
12881569211,86.6
14185865416,86.6
14185865389,86.6
14185865493,86.6
14185865437,86.7
14185862831,86.6
14185865430,86.7
7855921253,87.0
7855921254,86.8
7855921255,87.4
6964810343,87.8
7504719373,87.8
6964810341,87.9
7504719374,87.9
14185865472,88.0
7504719375,88.0
14185865418,88.0
14185865515,88.0
6964810340,87.9
5290614699,88.1
14185862830,88.5
14185862888,88.5
5290614700,88.5
14185865367,88.5
14185865501,88.4
14185865485,88.3
14185862894,88.5
14185865354,88.4
14185865441,88.5
14185865436,88.6
14185865396,88.7
14185865406,88.9
14185865339,88.9
14185865343,89.0
14185865369,89.3
14185862854,89.4
14185865373,89.5
14185862871,89.4
14185865317,89.3
14185865385,89.3
14185865349,89.1
14185862864,89.1
14185865503,89.1
14185865303,89.2
14185865370,88.3
7855921257,88.3
3488071215,88.3
7855921259,88.3
14185865358,87.9
7855921260,87.9
14185862891,87.8
14185865365,87.8
14185862809,87.8
14185865463,88.0
14185865331,88.0
14185862885,88.0
14185865414,88.0
7855921261,87.8
14185865443,87.8
14185865510,87.8
14185865326,87.7
14185865335,88.3
14185865442,88.3
14185862898,88.3
14185865477,88.5
14185865524,88.5
14185865523,88.5
14185865483,88.8
5290614735,89.3
5290614719,89.2
5290614726,90.7
14209454355,90.5
12881309028,90.5
12881309029,90.6
12881309031,90.5
12881309032,90.5
12881309034,90.5
14209454359,90.6
14209454360,90.2
14209454361,90.2
14209454362,90.2
14209454363,89.1
14209454364,89.1
14209454365,89.1
14209454366,88.8
14209454367,88.8
14209454368,88.8
14209454369,88.9
14209454370,88.8
12887776916,88.8
14209454371,88.8
14209454372,88.8
14209454373,88.7
14209454374,88.7
14209454375,88.7
14209454376,88.7
14209454377,88.7
14209454378,88.6
14209454379,88.6
14209454380,88.6
14209454381,88.6
14209454382,88.6
14209454385,88.6
14209454384,90.1
14209454383,90.4
14185865398,89.4
14185865427,89.3
14185865312,88.6
14185862837,88.6
14185862867,88.6
14185865506,88.6
14185862887,88.6
14185862825,88.6
7855921262,88.6
5290614715,88.3
7855938518,88.2
7855938500,88.0
5290614717,88.1
14204826387,88.1
14204807985,88.2
14204826328,88.2
14204826342,88.2
14204807969,88.2
6328176147,88.2
14204807984,88.2
14204826311,88.2
14204826304,88.2
7855938499,88.2
6328176146,88.2
14209464627,88.0
14209464626,88.0
14209464625,88.2
14209464624,88.2
14209464623,87.9
14209464622,87.9
14209464621,87.9
14209464620,88.0
14209464619,88.0
14209464618,88.0
14209464617,88.1
14209464601,88.2
14209464616,88.3
14209464615,88.8
14209464614,89.0
14209464613,89.1
14209464612,89.1
14209464610,89.1
14209464611,89.1
14209464609,89.1
14209464608,89.2
14209464607,89.2
307349298,89.0
14209464603,89.1
14209464606,88.8
3488072624,88.7
3488072344,88.9
14204807952,88.9
6328176149,89.0
14204826359,88.1
6328176148,88.1
14204826367,88.1
5051070697,88.0
6091795653,88.1
6328176151,88.1
14204826333,88.1
6329708494,88.1
3488072548,86.8
7855921269,86.7
7855921271,87.5
14173850940,87.6
7855921263,87.8
14173850948,87.5
14173829460,87.5
14173829466,87.6
14173850907,87.1
14173829485,87.1
14173850949,86.8
7855921235,86.7
14173829471,86.8
14173829498,86.9
14173850918,86.7
14173850904,86.6
14173850912,86.6
14173829468,86.6
14173829462,86.7
7855921236,86.7
14173850926,86.8
14173829491,86.8
14173850915,86.8
14173850923,86.8
14173829463,86.6
14173829487,86.9
14173829490,87.1
14173850945,87.3
14173829496,87.3
7855921237,86.8
6359227980,86.3
14173829470,86.6
14173829472,87.3
7855921238,87.6
14173850929,87.6
14173850953,87.6
14173850917,87.6
14173850936,87.7
14173829464,87.7
14173850913,87.7
3488072313,87.7
7855921240,87.7
14185862873,87.7
10990256463,87.6
7855921242,86.6
7855921243,86.6
14185862900,86.6
7855938492,86.6
14192021666,85.7
14192021675,86.4
14192021681,86.5
14192021679,86.5
14192021685,86.5
14185865361,86.5
14192021693,86.5
14192021691,86.5
14192021690,86.6
14192021669,86.6
14192021640,86.5
14192021697,86.5
14192021658,86.5
14192021646,86.5
14192021647,86.5
14192025813,86.5
14192025811,86.4
14192021656,86.4
14192021678,86.4
3825063357,86.5
10990493512,86.5
3825063360,86.6
7855938487,86.6
7855938486,86.6
7855938494,86.6
7855921283,86.5
14179670247,86.5
14179670176,86.5
12881569217,86.1
12881569216,86.1
12881569212,86.4
10187286521,86.4
14185865333,86.4
14185862836,86.3
14185862884,86.4
14185865448,86.5
14192021641,86.5
14192021696,86.5
14192021694,86.5
14192021676,86.5
14192025805,86.6
14192021671,86.6
14192021651,86.6
14192021643,86.6
14192025802,86.6
14192021657,86.6
14185862880,86.5
14185865425,86.5
7855921241,86.6
14185865465,86.7
14185862890,86.7
14185865422,86.7
14185865495,86.9
14185862856,86.9
14185865302,87.4
10187286520,86.2
7855938531,86.2
14185865316,86.3
3902399747,85.8
3488069382,85.8
3488069371,85.8
3488069368,85.8
3488069362,85.8
9223310014,85.8
7855938538,85.8
347314636,42.4
8455311887,42.2
6011832082,91.7
5261482257,92.3
14208218676,93.5
11697391453,94.0
10997917949,88.0
10997917948,88.2
12884142389,87.1
9181468650,69.6
27462139,69.5
9484714075,81.4
10086060112,83.3
8199190757,83.9
9532470785,83.9
12807889536,83.9
9532470786,83.8
13316048634,93.6
8354957428,93.6
9324673311,95.6
1034822435,95.2
1034822486,95.4
8436434818,95.2
14208195067,95.2
8436434820,95.2
12887776907,95.2
1034822182,95.2
12837509636,95.2
1034822528,95.1
1034822231,95.1
12881304183,95.9
8436449403,96.0
8436449399,95.7
10996290719,95.5
8436449401,95.5
8436449400,95.5
8465247401,72.5
8465247400,73.3
773141694,72.0
773141849,72.2
9196949527,72.2
9196819374,72.3
9196819373,72.4
9196819372,72.4
9196819371,72.6
9196949528,72.8
8465247402,72.9
8465247403,74.1
8577366586,77.9
8577366587,77.8
8577366588,77.8
8577366589,77.8
8577366590,77.7
8577366591,77.7
8577366575,77.8
8577366578,77.8
8577366579,77.9
8577366582,77.9
8577366583,77.9
8577366584,77.9
8577366576,77.8
8577381258,79.0
8629647581,79.1
7862963826,86.1
8636712929,87.7
8636712930,87.9
11251379146,90.0
8636706785,90.0
8669235081,92.1
11650427942,92.1
11650427950,89.8
8649304289,89.7
8649304290,89.5
11650427951,89.5
8649304261,85.7
8649304262,85.4
11650427944,82.5
8649304241,82.5
8649304242,82.4
11650427943,82.4
6627320855,81.8
8649208372,74.0
8577381297,74.1
8669235050,89.6
12784804771,89.6
11650427953,93.2
8669235061,93.2
3474558113,93.2
8669235062,93.2
12784804772,93.2
8669235035,89.8
8669235034,89.8
12666145766,83.4
8669234938,83.4
8669234939,83.1
12666145767,83.1
8716139526,82.2
8669234925,78.7
8577402839,78.7
8577402840,78.6
8669234927,78.5
8669233513,77.3
8577402852,78.5
8577402853,78.6
13472053600,78.5
8577402838,78.6
8577402855,78.6
8577402856,78.6
8577402857,78.6
13472053597,78.6
8577402842,78.6
8577402843,78.6
8577402845,78.6
13472053598,78.6
8577402848,78.6
8577402849,78.6
8577402850,78.7
13472053599,78.6
8577402844,78.6
1120800048,92.0
14208218612,92.4
8588202660,92.3
8588202655,92.4
8588202654,92.3
13755654868,92.1
13755654869,92.0
12674021422,91.9
11142096485,77.4
8600552602,77.3
12184236836,77.3
8600552605,78.0
8600552604,77.7
12184236837,77.6
8600552607,77.6
11142096483,77.6
724309079,77.7
8600552610,77.8
8600552616,74.3
8600552615,74.0
8600552614,73.9
13266188874,73.6
8708064959,73.0
8600552613,73.0
8600552612,72.8
13266188871,72.8
13097016024,73.2
13986331574,73.2
12996765329,73.2
10187773544,78.0
8600552608,77.8
8600552601,77.4
12184236840,76.9
8600558117,76.7
13093088292,77.4
5924621706,77.1
8600558119,77.1
13093088289,77.0
482786176,91.6
13093088241,91.3
13093001985,91.1
13093088237,90.8
13093088271,89.0
13687419937,88.9
13093088272,88.8
8600558125,78.8
8600558124,78.8
13097016016,78.0
8600558123,77.9
3474558323,80.0
8629647578,80.2
8629626688,87.5
8636712938,87.5
8636712934,88.8
8629626691,86.2
12057403699,86.3
14011067013,83.3
12056336584,82.8
8629626690,82.8
8629647577,81.0
8629626687,87.0
8629626689,87.8
8629647583,79.2
8632617999,86.9
8632617997,80.9
8632618006,66.9
8632617987,74.0
8633267707,76.1
8633267702,86.3
8633267708,88.3
8633267710,89.2
8633267711,89.6
8633267713,92.3
8633267714,92.3
8633267715,92.3
8633288618,91.4
8633288620,91.2
8633288621,91.0
8633288622,90.9
743060743,88.4
8633288631,87.5
8633288630,87.7
8636706752,88.3
8636706749,88.3
8636706755,88.9
743060699,88.5
8636706761,88.3
8636706760,88.5
8636706751,88.5
8636706759,88.5
8636706758,88.8
8636706757,88.9
8636706750,88.9
8636706756,89.0
8636706783,86.5
8636706768,91.3
8636706769,90.9
8669233471,90.8
4339343000,90.2
9079202496,88.7
9079202493,87.7
9079202491,87.2
8649326629,86.4
8649326628,87.0
8649326627,87.6
8649326626,92.7
8649326625,92.2
8636706767,90.9
8636706766,90.9
8636706773,90.7
29767872,90.8
8636706772,90.8
8636706771,90.9
8636706782,90.8
8636706775,89.9
8636706774,90.6
8636706780,88.3
8636712935,88.4
8636712943,86.9
9079202514,86.6
729440536,86.9
9079202479,87.5
9079202476,90.0
743060677,89.7
8636712923,90.3
8636712933,90.0
8636712958,92.8
8636706790,92.9
8636706789,92.7
8636712924,92.4
8636706815,87.6
8636712948,86.1
8636712991,88.0
8636712993,92.6
8636712932,88.0
8636712925,87.8
8636712944,87.0
8636712937,87.9
8636712936,89.9
8629626692,86.9
8636712974,91.2
8636712973,91.0
8636712960,90.6
8636712972,82.0
8636712957,85.9
743060760,90.2
8633288629,87.1
8636712977,74.9
8636712976,80.6
8636712979,90.6
8636712985,87.7
8763460990,89.3
8763497551,90.4
8636712984,91.2
8636712983,92.3
8763497513,92.5
8636712982,92.5
8763497522,92.4
8763497540,92.4
8763497546,92.0
8636712981,92.0
8636712980,91.2
8636712997,93.3
8636712987,93.3
8636712998,93.2
743060694,89.1
8763497509,90.2
8763497553,91.3
8763497552,91.8
8763497504,93.5
8763497501,94.0
8636712989,94.3
8763497498,94.8
8636712988,94.8
8763497496,94.9
8636712986,94.9
8649326623,87.8
8649304293,89.5
8649304286,85.6
8649304312,84.2
8649304296,89.7
8649304292,89.7
8649304287,89.7
8649304291,89.7
8649326624,87.9
8649304300,92.8
8649304297,92.3
8649304302,86.6
12057403694,86.2
8649304301,86.2
8649304316,86.1
12057403689,86.3
8748461355,84.9
8649326622,87.6
8649326617,87.0
12057403698,86.3
8657427958,73.6
8657427951,75.2
13099588808,76.8
13099588806,77.2
12996765342,78.0
13113331935,75.0
8657427950,75.1
8657427984,75.1
8657427960,73.4
8657427956,73.2
8657427959,73.4
8657427965,75.3
8657427963,75.8
8657427962,77.8
8657427964,77.6
8657427948,75.9
8657427968,74.5
8657427967,74.6
8657427966,76.2
12996765344,75.2
12996765351,75.2
8657427957,73.7
8657427983,72.0
14109014664,73.4
8657434144,74.1
8660115546,88.6
8660115547,89.1
8660115576,78.2
8660115577,77.7
13050745630,77.5
1038924097,77.5
13093001974,93.1
6933731878,93.2
13093001973,93.3
8669234994,73.1
8669235003,81.8
8669234964,83.5
8669234984,75.1
8669234983,75.2
8669234965,83.5
8669234923,79.2
8669234974,78.9
13093088291,77.3
13093088290,77.1
13003531490,85.6
13003531488,85.8
8669233488,89.1
12996765352,78.5
8669233484,77.6
8669233515,77.5
13003531466,77.5
13093088270,89.0
13093088269,89.0
13003531484,86.3
8669233489,86.5
8669233503,89.4
8669233494,90.3
8669233493,90.4
8669233492,90.2
13093088248,90.2
8669233502,89.6
8669233495,93.4
12996765353,92.0
13093088240,90.5
8669233501,89.5
8669235067,93.3
8669235038,89.8
8669234975,79.1
8669234922,78.5
12996765335,73.6
8669233508,73.5
8669233507,73.3
8669233506,73.4
12996765334,73.4
13003531469,77.1
13003531474,77.3
8669233514,77.3
8600558120,77.2
13097016023,73.4
13003531476,78.5
8669234956,78.6
8669234966,83.1
8669234920,78.5
8669234921,77.9
8669233516,77.9
8669234919,78.8
13003531498,83.2
8669234941,83.3
8669234957,78.6
13003531475,78.5
8669234935,86.0
8669234934,89.5
8669235041,89.9
13003531494,83.2
8669234943,83.3
8669235040,90.0
8669235029,88.5
8669234953,83.0
8669235018,82.9
8669235021,82.9
8669234949,82.9
13003531495,83.2
8669234952,83.2
8716139527,82.3
8669234958,78.7
13003531480,78.5
13003531478,78.5
8669234955,78.6
8669235011,76.5
8669235002,82.4
8669234963,83.3
8669234961,83.1
8669234959,83.2
8669234962,83.4
8669234973,78.6
8669234985,78.5
8657652645,71.8
8669234982,74.8
8669234979,74.6
8669234987,74.7
8669234980,75.1
8669235013,81.8
8669235004,81.1
8669235017,76.2
8669235014,75.9
8669235010,76.5
8649224413,77.4
8649208378,74.5
8649304246,82.5
8649208377,74.1
8669235016,81.9
8716082915,82.3
8649304266,85.8
8649304245,82.5
8669235030,88.1
8669235078,91.1
8669235028,88.7
8649304267,86.0
8669235033,88.7
8669235068,93.4
8669235039,89.9
8669235077,91.3
8669233499,89.5
8669233500,89.5
8669235036,89.9
8669235069,89.7
244513682,90.8
11142096468,90.1
8669235058,90.6
8669235057,90.1
8669235054,89.3
8669235051,92.0
8669235052,91.2
8669235065,93.3
8669235071,90.6
8669235076,91.2
8669235063,93.2
8669235064,93.1
8669235080,90.9
8669235072,91.1
8669235082,92.0
8669235074,91.2
8669235075,91.0
338357391,72.7
8748008785,72.4
11952539397,72.3
12787439351,66.1
8748008794,66.1
338357334,66.1
8748008793,65.9
12787439350,65.9
465189811,62.1
11142050385,60.4
8748321051,60.4
338357285,60.3
8748319115,60.2
11142050386,60.2
12786832272,59.0
8748071316,59.1
338357221,59.1
8748071315,59.1
12786832273,59.1
8748071284,59.4
338357246,59.5
8748071285,59.5
12786862461,50.5
8748071275,50.4
338357183,50.1
8748071276,49.6
12786862462,49.4
11402441891,42.5
8748319068,42.5
10538632614,96.8
12805251403,97.5
6803071064,97.7
6803071063,97.7
8691216982,100.4
8691216984,100.4
12805251482,100.4
8691216983,100.4
8691216986,100.3
12805251410,100.3
9331415121,101.1
8691216987,101.2
8691217007,101.0
8691216989,101.2
12805207850,101.1
12806866927,101.2
10909275772,101.3
10909275773,101.1
8691216992,100.7
9331415118,100.0
8691216993,98.9
8691216994,97.9
8691216995,97.8
8691216996,97.9
8691222353,98.4
8691216997,97.1
8691216998,97.1
8691216999,97.1
8691217000,96.7
8691217001,96.7
8691217002,96.4
8691217003,96.5
9331415117,96.9
8691217004,97.6
8691217005,97.5
10909275771,101.4
8691222324,97.5
9331390015,97.4
9331390016,97.5
8691222323,97.4
9331390014,96.5
8691222322,96.8
8691222321,96.7
8691222320,96.8
8691222319,96.7
9331390013,96.7
8691222318,96.8
8691222317,96.9
8691217016,98.0
8691217015,98.5
8691217014,98.9
9331390012,98.5
13737032629,99.0
8691217013,99.0
8691217012,99.8
8691217011,100.1
8691217010,100.7
8691216990,101.3
9331415119,101.3
12805207861,97.6
12805207863,97.5
12805251441,100.3
12805251483,100.4
10538624179,100.0
12805251478,98.1
1143163011,98.0
12805251479,98.1
10538624176,97.7
13285994404,96.5
13285994405,96.4
12805207899,96.0
12805207900,96.1
8691222331,96.0
13804965001,96.1
8691222332,96.4
8691222333,96.9
8691222334,97.0
8691222335,97.2
8691222336,97.4
8691222337,97.5
11206931633,97.3
12944779770,96.9
8691222338,96.8
12944779761,95.8
12944779764,95.5
11206972344,95.3
11206972341,95.3
8691222339,95.1
8691222340,97.1
8691222341,99.8
8691222342,99.4
8691222343,97.3
8691222344,94.2
8691222345,89.8
8691222346,88.4
8691222347,89.3
8691222348,91.0
8691222352,96.8
8708063469,86.3
8708063479,86.5
8708063453,86.8
8708063452,86.7
8708063476,84.7
8708063498,84.8
13382567817,84.6
8708063477,84.6
8708063516,84.2
8708063507,84.4
8708063514,80.8
8708063486,83.7
13382567819,84.4
8708063499,84.5
8708063500,74.9
13382567813,84.4
13382567820,84.4
13266188870,72.7
13266188872,73.1
8708064954,83.3
13382567833,83.1
13382567865,83.5
8708063506,84.9
13382567815,84.7
13382567867,83.5
8708064945,82.5
8708064933,78.6
8708064987,79.6
8708064970,76.8
8708064938,78.3
8708064944,82.2
8708064956,82.3
8708064946,82.6
8708064988,79.8
8708064952,82.8
13382567828,82.7
8708064960,73.6
13382567849,81.4
8708064993,81.5
8708064963,73.8
13382567858,79.8
8708065043,80.0
8708065027,78.6
8708065000,76.2
8708064999,76.2
8708065001,76.1
8708064962,73.9
8708065003,74.2
13266188877,76.5
8708065044,79.9
13382567859,79.9
13382567856,79.3
8708065042,79.3
8708065035,76.5
12996765323,77.2
12331282093,78.1
8708065028,77.7
8708065022,78.9
12996765326,76.2
8708065029,76.2
11142096491,76.0
13113331938,75.9
8708063446,76.0
13113331939,76.1
12996765325,75.5
8708065032,75.5
11142096489,75.6
8708065036,76.7
8708065046,76.7
13099588807,76.7
13113331930,76.0
12996765343,76.0
8708065045,76.0
8708065041,79.1
13382567861,79.2
13382567855,79.2
8708065040,79.1
13382567862,79.1
8710874561,80.9
8710874563,80.7
8710874588,83.7
13382567787,72.0
8710874586,72.0
8710874614,88.9
8710909465,92.2
8710909456,94.4
8710874598,89.1
8710909482,88.2
11952539377,88.4
8710909466,91.7
8710874613,88.8
8708063485,84.1
11952539378,87.6
8710909481,87.8
8710874584,72.0
13382567786,71.8
8710874583,72.1
8710874575,72.1
13382567785,71.6
8710874580,71.8
8710874582,72.1
8710874591,84.4
8710874587,84.0
11099809646,93.7
11099809660,94.0
8710909455,94.3
8710874597,88.8
8710874596,88.6
8710874599,88.5
13382567792,73.4
8710874605,73.5
8710874607,88.9
8710874603,73.2
13382567795,73.0
8710909419,77.3
8710874615,88.5
8710874606,74.1
13382567791,73.9
8710909421,88.4
8710909418,77.2
8710874616,76.5
8710909420,76.4
8710909429,88.7
11952539386,88.8
8710909427,88.6
11952539384,88.6
8710909436,77.7
8710909435,77.7
13382567799,82.5
8708063459,82.8
11952539387,88.6
8710909437,88.5
13382567802,82.0
8708063458,81.9
8710909433,77.5
8710909434,77.2
8710874601,73.6
8710874604,73.2
8710874585,71.9
8710874577,71.8
8710874581,71.6
13382567781,72.0
14089071535,73.8
14089071545,73.9
8716139520,82.4
8716139524,82.6
8740733764,77.9
8740733781,78.4
8740733795,88.5
8740733808,75.3
8740733767,86.2
8740733773,81.9
8740733772,78.5
8740733771,77.5
13266146354,77.5
13266146355,76.9
8740733770,76.3
8740733769,75.3
8740733768,74.8
8740733779,82.0
8740733774,72.1
8740733776,82.4
8740733777,82.3
8740733775,83.2
8740733761,82.4
8740733782,82.8
8740733796,88.9
11099809654,93.1
8740733783,93.0
8740733807,75.0
8740733811,74.8
8740733810,74.4
8740733806,74.4
8740733809,75.1
8740733804,75.2
8740733818,72.4
8740733817,72.6
8740733816,72.2
8740733815,72.1
8740733814,72.2
8740733813,72.0
8740733812,73.4
8743012361,79.1
8743012387,79.1
13263217509,78.3
13263217508,78.4
8743012372,78.8
8743012371,78.9
13266179547,79.2
8743012373,78.9
8743012377,77.8
13266179558,77.8
8743012376,78.0
8743012374,79.0
8743012378,77.8
7147643987,78.6
8743012382,77.7
8743012385,77.8
8743012381,77.4
8743012379,77.8
13266179559,77.7
8743123596,72.1
13260178984,71.7
8743203533,71.7
8743123595,71.8
13260178943,73.0
13260151791,75.6
13266146359,76.2
8743203526,76.3
8743123594,76.6
8743203525,81.0
12205664300,83.2
8743123612,83.3
12205684401,83.4
8743203520,85.8
8743203524,81.6
13382567765,77.2
8743203552,77.3
8743012366,78.2
8746932236,71.7
8743203530,71.7
8743203534,71.7
8743203535,71.8
8743203531,71.7
13987031959,74.4
13987031960,74.6
13266146339,75.7
8743203540,75.7
13266146341,76.2
13382567774,74.0
8743203568,73.8
8743203543,71.6
8743203544,76.5
8743203550,77.5
13382567767,77.2
8743203553,77.4
8743203560,78.3
8743203556,80.1
8743012367,78.6
13382567766,77.5
8743203562,80.3
8743203561,78.0
13263217522,80.1
13263217523,80.2
13382567778,74.2
8743203569,74.3
8743203571,80.7
13263217545,77.9
13263217544,78.2
13382567777,74.1
13382567779,73.8
13263217518,80.6
13263217516,80.6
13382567737,66.9
8746932289,67.0
8746932291,62.7
13382544922,68.3
13382544923,68.6
8746932251,68.2
8746932298,69.2
8748099567,62.7
13382567745,71.1
8746932300,69.7
8746932265,75.7
8746932280,72.0
8746932288,67.0
13382567736,66.9
13382567733,66.8
8746932284,66.7
13382567740,66.8
13263217533,62.6
8746932292,62.4
13382567748,73.0
8746932316,73.0
8746932304,72.6
8746932302,68.7
8746932297,69.5
8746932296,69.4
8746932299,69.5
8746932295,69.1
8746932310,72.8
13382567758,75.3
8746934322,75.4
8746932307,74.4
8746932308,75.2
13382567761,75.5
8746934323,75.6
13382567753,73.3
8746932315,73.4
13382567747,73.0
13382567754,73.3
13382567752,73.5
8746934324,73.6
8746934332,75.9
8746934358,73.9
13266146338,76.7
13266146340,75.8
8746934362,73.5
8746934361,75.8
13382544915,47.9
8748071273,48.2
13382544914,48.4
8748071283,47.9
8748071282,42.8
8748071281,50.3
13382567707,50.2
13382567708,50.0
13382567701,49.4
13382561364,59.5
8748071290,59.6
8748071291,50.7
13382567706,50.5
13382567718,59.1
8748071293,59.4
13382567714,59.8
13382544916,54.9
8748071303,55.0
13382544917,55.1
8748071302,48.5
8748071300,59.6
13382567712,59.7
8748099562,66.9
8748099574,64.8
13382567721,64.8
8746932257,71.7
8746932287,66.9
13263217531,62.0
13263217532,62.4
8746932286,66.8
8748099578,61.9
8748099577,55.3
8748099576,65.1
13382567725,64.9
13382567728,64.8
8748099570,64.8
8748319055,32.9
8748319052,36.3
13132266016,32.8
4493651903,32.8
13132266017,32.8
13382539789,38.4
8748319063,38.4
8748319064,32.9
8748319066,37.2
13382539783,37.6
13382539790,38.1
13132266022,37.2
13132266021,37.0
13132266026,42.3
13132266025,42.6
13382539797,44.7
8748319084,44.7
8748319070,37.4
8748319069,42.1
8748071280,49.3
13382567702,49.3
13382539792,44.6
8748319086,44.7
8748319093,55.1
13382561352,55.1
13382567703,49.8
8748071279,50.0
8748071289,59.5
13382561361,59.4
8748461354,84.6
8748535267,20.2
8748513702,20.0
8748513701,16.5
8748513700,13.9
8748513699,11.9
8748513698,11.1
8748513697,10.3
8748513696,9.0
8748513695,8.2
8748513694,6.6
8748513693,6.1
13132266001,26.7
13132266002,26.2
8748535270,20.6
8748535237,21.6
8748535238,21.8
8748535239,22.0
7050420979,5.3
9948379884,5.4
9948379883,4.9
8748513704,5.6
8748513705,6.0
8748513706,6.3
8748513707,7.2
8748513708,7.8
8748513709,8.1
8748513710,8.8
8748513711,9.3
8748513712,9.8
8828795558,10.1
8748513713,10.3
8748513714,10.9
8748513715,11.2
8748513716,11.8
8748535217,12.3
8748535218,13.6
8748535219,14.5
8748535220,14.8
8748535221,15.4
8748535227,15.8
8748535228,16.2
8748535229,16.9
8748535230,17.1
8748535231,17.5
8748535232,18.3
8748535233,18.7
8748535234,19.6
8748535235,19.9
8748535236,20.4
8748535257,23.9
8748535244,24.0
8748535245,24.7
8748535247,26.3
8748535249,26.3
8748535254,23.5
8748535252,22.9
8748535293,23.7
8748535256,23.1
8748535255,23.0
8748535253,23.3
11139771388,24.6
8748535312,24.6
8748535276,23.5
8748535275,23.6
8748535283,21.1
8748535278,20.8
8748535272,20.8
8748535274,17.7
8748535264,15.0
8748535263,24.2
8748535277,18.1
8748535311,24.4
13382539772,24.4
8748535286,24.4
8748535282,21.2
8748535268,21.2
8748535284,21.2
8748535292,22.0
8748535291,22.1
8748535290,22.4
8748535289,22.8
8748535301,23.1
8748535288,23.6
8748535287,23.7
8748535285,24.6
1702168208,24.6
8748535302,23.2
13132245893,23.2
11142913952,22.6
8748535299,22.6
8748535300,23.2
13382539769,24.5
8748535310,24.5
13382539780,29.5
8748535341,29.5
13266181127,26.7
8750656051,26.4
8748535332,24.5
13382539770,24.4
13382539771,24.4
1676533351,24.6
8748535328,31.7
8748535317,23.7
8748535315,24.6
8748535322,35.8
8748535331,23.7
13382561345,46.4
8748319076,46.4
8748319061,38.1
13382539785,37.7
13382539777,29.6
8748535338,29.8
13382539778,29.9
8748535327,32.3
8748535325,31.9
8748535329,31.5
8748535324,31.7
8748535330,32.3
1702168214,24.1
13132266005,30.2
8748535333,30.1
13132266006,29.9
13382539784,37.5
8748319062,37.5
8748535344,32.7
8748535343,30.4
8748535339,29.8
13382539781,29.1
8748535337,29.0
8748535340,29.1
8748535336,29.2
13382539776,29.4
13132266014,32.7
13132266015,32.7
8748535250,26.5
8748535251,26.7
8748535334,29.9
8750656050,26.2
11051376903,62.6
11051376902,61.5
11051376901,60.7
14055558754,59.3
11051376900,59.1
8750802610,57.8
8750802609,58.0
8805786577,57.8
8750802608,57.9
8750802606,57.9
8750802605,58.0
8750802604,59.0
13285994294,59.1
8750802603,59.0
8750802602,59.2
13285994295,59.7
8750802601,59.8
13285994296,60.2
8750802600,60.2
13285994297,60.6
8750802599,61.9
13285994298,63.7
8750802597,65.0
8750806832,66.4
13285994205,66.5
8750806828,63.8
8750806827,62.5
14078025146,61.3
9201545771,60.9
8750806826,60.4
8750806825,60.2
8750806824,59.8
9201545781,59.7
8750806823,59.6
8796993030,59.5
8750806822,59.3
8805786578,59.1
8750806821,58.9
8750806820,58.6
9201545790,58.4
8750802616,57.4
8750802615,57.4
8750802614,57.4
8806207150,57.4
8750802613,57.5
8806194912,57.9
5924621762,93.1
8762121935,93.2
9834237835,93.1
5924621763,93.3
13093001972,93.4
8763460982,89.6
8763460983,90.7
8763460984,90.7
8763460985,90.8
8763460986,91.2
8763460987,91.6
8763460988,91.9
8763460989,92.6
8763460991,90.4
8763460992,91.4
8763460993,91.9
8763460994,92.3
8763460995,92.8
8763460996,93.3
8763460997,93.7
8763460998,93.9
8763460999,93.9
8763461000,93.9
8763461001,93.9
8763461002,93.8
8763461003,93.7
8763461004,93.5
8763461005,93.2
8763461006,92.7
8763497444,92.9
8763497445,93.2
8763497519,93.5
8763497511,93.9
8763497514,93.9
8763497468,91.2
8763497470,89.4
8763497471,90.7
8763497472,91.3
8763497474,92.5
8763497476,90.3
8763497495,95.0
8763497497,94.7
8763497500,93.5
8763497503,93.3
8763497506,91.9
8763497508,91.0
8763497547,93.4
8763497520,92.7
8763497536,93.2
8763497537,93.4
8763497538,93.4
8763497539,93.4
8763497542,92.9
8763497543,93.3
8763497544,93.4
8763497545,93.5
8784160240,92.7
8784160242,92.2
8790992849,86.9
8790992851,86.9
8790992850,86.5
8790992847,86.3
7454948841,85.5
8790992852,87.1
8790992853,87.2
8790992854,87.1
9198044674,83.3
14005372091,83.3
14209842834,82.8
971131449,83.5
971140578,83.7
8796981520,68.0
8796981521,68.5
8796981522,64.8
8796981523,65.4
8796981524,54.2
8796981525,55.0
8796981526,55.4
347314635,51.8
11051408231,51.9
8796981531,51.5
8796981532,50.6
8796981533,60.8
8796981534,61.0
8796981535,60.8
8796981536,60.6
8796981537,63.1
8796981538,64.3
8796981539,47.8
8796981540,47.7
8796981541,47.1
8796981542,46.4
8796981543,45.9
8796981544,45.6
8796981545,45.6
8796981546,47.9
8796981547,48.4
8796981548,49.1
8796981551,35.0
8796981565,35.6
8796981559,35.7
8796981558,35.9
8796981557,35.9
8796981556,36.0
8796981555,36.0
8796981564,35.9
8796981563,35.9
8796981562,35.7
8796981561,35.6
8796981560,35.4
8796981554,35.2
8796981553,35.0
8796981552,35.0
8796981569,35.0
8796981568,35.2
8796981567,35.2
8796981566,35.4
8796981570,37.0
8796981571,37.0
8796981572,37.1
8796981573,36.1
8796981574,36.6
8796981575,37.4
8796981576,38.6
8796981577,40.2
8796981578,40.4
8796981579,40.6
8796981580,40.8
8796981581,41.0
8796981582,41.1
8796981583,41.6
8796981584,42.0
8796981585,43.6
8796981586,46.3
8796981587,45.0
11051408234,45.2
8796981589,46.3
8796981588,51.6
8796981590,46.3
8796981591,46.5
8796981592,47.0
8796981593,47.3
8796981594,48.0
8796981595,49.0
8796981596,51.1
8796981597,51.9
8796981598,52.1
8796981599,51.8
7907560722,42.8
7907560721,42.4
1315815931,36.3
7907560723,34.6
7907560725,18.4
1315816048,20.6
14089071706,20.2
1315816060,19.5
6390179677,19.0
1315816065,18.5
1315816066,17.9
1315816063,17.4
14089071820,16.7
8796993018,56.0
8796993019,56.7
8796993020,57.4
8796993021,58.3
8796993023,56.6
8796993024,56.9
8796993025,57.7
8796993026,58.5
8796993027,59.1
8796993028,59.3
8796993031,66.3
8796993033,72.2
8796993074,72.2
8796993035,70.9
8796993073,71.5
13285994204,66.6
8796993037,67.3
13285994208,67.3
8796993039,68.8
8796993040,70.2
8796993041,70.9
8796993042,72.5
8796993043,73.8
8796993044,76.0
8796993045,78.2
13285994213,79.9
8796993046,80.0
13285969549,79.8
8796993047,79.5
11051376893,79.7
8796993048,79.7
11051376896,79.4
8796993049,79.2
8796993050,78.8
8796993051,78.2
8796993052,78.2
8796993053,77.7
8806181538,77.1
8796993054,77.1
8796993060,76.9
8796993062,77.0
8796993063,76.9
8796993064,76.6
8796993065,76.3
8796993066,75.8
8796993067,75.4
8796993068,74.6
8796993069,73.4
13285969550,80.0
8805733225,65.3
8805733248,69.3
8805733241,69.2
8805733240,69.0
8805733239,68.9
8805733238,68.8
8805733237,68.8
8805733236,68.8
8805733235,68.5
8805733249,69.6
8805733242,72.1
8851609435,72.6
8851609434,74.1
8805733243,69.3
8805733244,72.2
8805733245,71.3
8805786432,67.5
8805786431,67.2
8805786430,67.0
8805786429,66.9
8805786428,66.7
8805786427,66.7
8805786426,66.7
8805786425,66.7
8805786424,66.7
8805786423,66.8
8805786422,66.9
8805786421,67.0
8805786420,67.2
8805786419,67.6
6796283672,84.8
8805786516,84.9
8805786514,84.9
8805786513,85.0
8805786512,85.1
8805786510,85.9
8805786509,86.4
8805786508,87.3
8805786507,87.5
8805786549,91.6
8805786548,89.7
8805786546,89.5
8805786545,89.5
8805786544,82.2
6328181139,91.5
13285994349,91.5
8807516013,87.7
8807516008,86.3
8807515998,85.6
8805786550,85.3
4386729116,71.9
8796993078,80.5
13285969552,80.6
8806143178,81.3
8806143144,82.2
8806143133,82.4
8806143134,86.4
8806181564,88.5
8806143175,88.7
8806143135,89.3
13285994370,89.7
8806143136,89.7
8806143145,89.7
8806143147,90.2
8806143164,90.7
8806143160,92.1
8806143148,92.2
8806143149,93.4
8806143150,94.0
8806143151,93.5
8806143152,92.8
8806143156,92.2
8806143159,91.9
8806143162,91.0
8806143167,88.9
8806143166,89.1
8806143177,88.8
8806143186,81.3
8806143179,81.2
8806143180,81.3
8806143181,80.6
8806143182,80.2
8806143183,80.1
8806143184,80.0
8806143185,80.8
8806143187,80.3
8806143188,80.6
8806143189,80.7
13285969558,80.7
8806143190,80.7
13285969559,80.9
8806143191,80.5
8806143192,80.0
8806143193,79.5
8806181428,78.8
8806143194,78.7
8806143195,78.4
8806143196,77.0
8806143197,76.7
8806143198,76.8
8806143199,75.9
8806143200,74.2
8806143201,73.4
8806143202,72.9
8806143203,71.9
8806143204,71.2
8806143205,71.1
8806143206,70.9
8806143207,70.7
8806181488,70.4
8806143208,70.3
8806143209,70.0
8806181479,69.6
8806143210,69.2
8806143211,68.8
8806143212,68.5
8806143213,68.2
8806143214,68.3
8806143215,68.2
8806181464,68.3
8806143216,68.2
8806181417,68.1
8806181454,68.1
8806181453,68.0
8806181418,68.2
8806181419,68.1
8806181420,68.2
8806181421,68.1
26046208,72.5
8806181437,72.5
8806181429,72.5
8806181430,72.9
8806181431,73.6
8806181432,74.2
8806181433,74.3
8806181434,74.5
8806181436,74.5
8806181435,74.3
627860728,70.3
8806181440,70.6
8806181438,70.5
8806181439,70.6
8806181442,68.3
8806181443,68.8
8806181444,69.4
8806181445,69.9
8806181446,69.8
11357489881,69.8
8806181455,66.6
8806181456,66.7
8806181457,67.1
8806181459,67.8
8806181465,68.3
8806181460,69.5
8806181461,70.8
8806181462,71.9
8806181463,72.2
8806181467,66.3
8806181468,65.5
8806181469,65.4
8806181470,65.5
8806181471,66.5
8806181480,70.3
8806181478,74.8
8806181482,72.2
8806181483,74.4
8806181484,75.7
8806181485,76.1
8806181486,76.2
8806181487,76.2
8806181496,72.2
8806181494,76.8
8806181495,77.1
8806181498,80.1
8806181499,79.6
8806181500,78.7
8806181501,78.0
8806181502,77.5
8806181503,76.6
8806181504,75.7
8806181505,74.5
8806181506,73.5
8806181507,72.6
8806181508,71.7
8806181509,70.4
8806181510,69.9
8806181511,69.7
8806181512,69.5
8806181513,69.4
8806181577,69.1
8806181514,68.9
8806181515,68.6
8806181516,67.4
8806181517,66.8
8806181518,66.8
11051376877,66.8
8806181519,66.1
8806181520,66.4
8806181521,66.5
8806181522,67.3
8806181523,67.3
11051376880,67.6
8806174590,68.1
8806181525,68.7
8806174591,69.1
8806174596,69.5
8806181526,70.1
8806181527,69.9
9201545795,69.7
9201545794,69.9
8806181528,69.9
8806181529,70.0
8806181530,70.0
8806181531,70.3
8806174597,70.6
8806181532,71.0
8806181533,71.7
9201545722,72.1
8806181534,72.6
8806181535,73.1
8806181536,74.0
8806181537,75.5
8806181541,69.9
8806181542,70.6
8806181543,71.2
8806181544,71.5
8806174611,71.5
8806174608,71.8
8806181545,72.3
8806181546,72.7
8806181547,72.4
8806181548,72.0
8806181549,69.3
8806181550,68.7
8807414580,69.5
8806181556,69.5
8806181557,69.5
8806181558,69.4
8806181559,69.4
8806181560,69.4
8806181561,69.2
8806181562,69.0
8807414579,69.0
6387988296,79.1
6387988295,79.0
8806181576,69.5
13285994323,82.2
8806174565,82.4
8806174567,82.5
8806174568,81.9
8806174569,80.5
8806174570,79.6
8806174571,79.0
8806174572,78.5
8807526069,77.7
8806174573,77.6
8806174574,77.3
8807912137,76.8
13285969568,76.7
2629255257,74.6
8806174577,75.4
8806174579,76.0
13285969567,76.3
13285969566,76.3
6390179563,75.9
13285969565,75.5
13285969589,73.6
8805786558,67.0
8805786559,66.3
13285969590,66.0
627860730,65.7
347314634,59.3
13285969592,57.6
26046214,55.9
8805786570,49.5
26046216,43.7
8805786569,43.3
26046217,43.0
26046218,42.6
8806174580,74.8
8806174581,75.0
8806174582,75.0
11051376895,75.0
8806174584,69.4
8806174585,69.3
8806174586,69.5
8806174587,69.2
8806174588,68.7
8806174593,69.8
8806174594,71.0
8806174595,71.4
13285994203,70.2
8806174599,67.7
8806174600,67.7
8806174601,68.1
8806174602,68.8
8806174603,69.5
8807414582,69.8
8806174605,72.4
8806174606,73.1
8806174607,73.9
8806174610,72.6
8806197917,74.4
13050745634,75.1
8806197918,75.4
8806197921,75.3
8806197922,75.6
8806197923,75.7
8806197924,76.4
8806197925,76.5
8806197926,76.9
9198242408,77.3
8806197927,77.2
8806197928,77.4
8806197931,75.5
8806197932,75.7
8806197933,74.7
8806197934,79.5
8806197935,80.3
8806197936,80.7
8806197941,81.5
8806197937,82.0
8806197943,82.7
8806197944,83.1
8806197945,84.1
8806197946,83.9
8806194903,57.7
8806194904,57.4
8806194905,56.2
8806194906,55.2
8806194907,54.5
8806194908,53.7
8806194909,52.7
8806194910,52.0
8806194911,51.9
8806207120,51.9
8806207121,52.0
8806207122,52.0
8806207123,52.0
8806207124,52.0
8806207125,52.0
8806194913,52.0
8806194914,52.0
8806194915,52.0
8806194916,52.0
8806207126,52.0
8806207127,52.0
8806207128,52.0
8806207129,52.0
8806207130,52.0
8806207117,51.9
8806207118,51.9
8806207119,51.9
8806207140,57.3
8806207141,56.9
8806207142,56.5
8806207143,55.8
8806207144,55.5
8806207145,55.1
8806207146,54.4
8806207147,53.9
8806207148,53.7
8806207149,52.8
8807414564,68.9
8807414565,70.5
8807414566,72.1
8807414567,72.1
8807414568,71.5
8807414569,70.8
8807414570,70.3
8807414571,69.9
8807414572,69.7
8807414573,69.5
8807414574,69.5
8807414575,69.4
8807414576,68.7
8807414577,67.9
13285994207,67.0
8807414578,67.0
8807414587,66.5
8807414588,66.0
8807414590,63.5
8807416824,56.3
8807416825,56.4
8807416826,56.5
8807416827,56.8
8807416828,57.1
8807416829,57.0
8807416830,56.8
8807416831,56.8
8807416832,56.5
8807416833,56.8
8807416834,56.8
8807416835,57.0
8807416836,57.4
8807416837,57.8
8807416838,58.0
8807416839,58.6
8807416840,59.1
8807416841,59.3
8807416842,60.0
8807416843,60.3
8807416848,60.3
8807416844,60.4
8807416845,60.5
8807416846,60.6
8807416847,60.8
8807416849,60.5
8807416850,60.1
8807416851,60.1
8807416852,60.1
8807416853,60.3
8807416854,60.2
8807416855,60.2
8807416856,60.3
8807416857,60.3
8807416858,60.3
8807416859,60.4
8807416860,60.4
8807416899,72.9
8807416900,73.0
8807416901,75.8
8807416902,75.6
8807416903,75.8
8805733255,74.4
12881309095,74.4
1235353115,74.4
13050745632,74.2
8807416937,80.2
8807416938,80.1
8807416939,79.8
8807416940,79.4
8807416941,79.0
8807416942,78.2
8807416943,77.1
8807416944,76.4
8807416945,75.9
8807416946,75.6
8807416947,75.1
8807416948,74.7
8807416949,74.7
8807416950,74.5
6779459783,74.3
8807416953,74.9
8807416954,75.0
8807416955,75.8
8807416956,75.8
8807416957,76.6
8807416958,76.9
8807416959,76.8
8807416960,76.8
8807416969,76.9
8807416967,77.2
8807416965,77.4
8807416966,77.4
1151556918,78.5
1151557098,77.9
8807416968,77.0
8807416970,77.7
8807416971,78.9
8807416972,78.4
8807416973,78.6
8807416974,78.7
8807416975,78.3
8807416976,78.0
1702146121,77.6
8807416977,77.6
8807416978,77.5
8807416979,77.5
8807416981,78.0
8807416983,78.3
8807416984,78.1
8807416985,77.9
8807416986,77.5
8807416987,77.3
8807416988,77.3
8807416989,76.8
8807416990,76.2
8807416991,76.0
2754803374,75.6
8807416992,75.6
8851609432,77.0
9029269817,76.8
10187060923,76.2
10187060924,75.8
8807416993,75.9
8807416999,76.1
8807417008,76.7
8807417009,76.6
8807417010,76.5
8807417011,76.4
8807417012,76.4
8807416995,76.2
8807416996,76.2
8807416997,76.1
8807416998,76.1
8807417005,76.0
8807417006,76.0
8807417007,76.0
8807417000,76.1
8807417001,76.2
8807417002,76.3
8807417003,76.4
8807417004,76.6
8807417014,76.7
8807417016,75.7
8807417017,75.8
8807417018,76.0
8807417019,76.4
12882380545,77.1
8807417027,80.0
13050745628,80.1
8807417021,80.2
8807417028,80.4
10187060757,80.5
8807417029,80.5
8807417030,82.1
8807417031,82.0
8807417032,83.2
8807417033,83.3
10187060753,80.0
12887768649,80.0
10187060755,80.1
12887768640,79.9
8807417034,83.9
8807417036,84.1
8807417037,84.5
8807417038,84.7
8807417039,85.2
8807417040,85.6
8807417041,86.8
8807417042,86.9
8807417044,86.7
8807484384,78.5
8807484385,79.7
8807484388,79.0
8807484389,79.2
8807484390,79.6
8807484391,79.8
8807484392,79.8
8807484393,79.8
8807484394,79.6
8807484397,78.0
8807484398,75.7
8807484399,77.9
8807484400,78.1
8807484401,78.1
8807484402,78.1
8807484403,78.3
8807484404,78.4
8807484406,75.3
8807484408,78.2
8807484409,80.6
8807484410,80.6
8807484411,80.6
8807484412,80.7
8807484413,80.9
8807484414,81.0
8807484415,81.1
8807486617,78.8
8807486618,80.6
8807486619,81.3
8807486621,81.1
8807486622,80.9
8807486623,80.9
8807486624,81.1
8807486625,81.7
8807486626,82.1
8807486628,80.9
8807486629,81.7
8807486631,81.9
8807486632,81.8
8807486633,81.7
8807486634,81.7
8807515965,80.2
8807515966,80.2
8807515967,80.7
8807515968,80.7
8807515969,80.8
8807515970,80.7
8807515974,78.7
8807515977,78.6
8807515976,78.7
8807515972,79.2
8807515973,79.0
8807515978,80.7
8807515979,80.8
8807515980,82.1
8807515981,82.5
8807515987,82.9
8807515988,84.1
8807515989,84.3
8807515995,85.7
8807515996,85.8
8807515997,85.8
8807516000,85.4
8807516001,85.8
8807516002,85.9
8807516003,86.0
8807516004,86.4
8807516005,86.4
8807516006,86.3
8807516009,86.0
8807516010,86.0
8807516011,87.3
8807526018,85.6
8807526019,85.7
8807526020,85.2
8807526021,84.9
8807526022,84.6
8807526056,84.5
8807526042,85.5
8807526043,85.5
8807526044,84.7
8807526045,84.7
8807526055,84.6
8807526046,87.8
13285994342,87.6
8807526047,86.2
8807526048,85.2
8807526049,84.9
8807526050,84.8
8807526051,84.7
8807526052,84.6
8807526053,83.9
8807526058,84.4
8807526059,84.6
8807526060,84.7
8807526061,84.9
13285994343,87.2
8807526062,87.2
8807526074,84.8
13285994336,84.9
8807526075,85.0
8807526076,85.6
8807526077,86.7
8807526079,84.7
8807912153,78.9
8807912128,78.9
8807912129,79.1
8807912130,79.1
8807912131,78.8
8807912132,78.9
8807912133,78.7
8807912134,79.0
8807912135,79.3
8807912152,79.3
13285994329,76.6
8807912138,79.3
8807912139,79.8
8807912140,79.0
8807912141,79.8
8807912180,80.4
8807912192,80.4
8807912143,80.4
8807912203,81.0
8807912144,81.3
8807912145,82.9
8805786517,83.7
13285994337,84.8
8807912146,84.0
8807912147,82.2
8807912148,80.7
8807912149,79.8
8807912175,80.4
8807912176,80.4
8807912177,80.0
8807912178,79.6
8807912179,79.4
8807912187,79.7
8807912188,79.7
8807912189,80.1
8807912190,80.3
8807912198,81.0
8807912199,80.9
8807912200,81.1
8807912201,80.5
8807912202,80.3
13285994332,84.8
8805786557,85.5
8805786518,83.9
13285994335,84.7
13285994338,84.8
8807924250,86.9
8807926750,87.0
8807926752,87.3
8807926753,88.4
8807926754,89.7
8807926755,91.4
8807926759,90.5
8807926760,89.2
8807926816,89.1
8807926793,86.8
8807926794,86.6
8807926795,86.5
8807926796,86.5
8807926797,88.8
8807926798,89.1
8807926817,89.1
8807926800,88.5
8807926801,89.0
8807926802,89.1
8807926803,88.3
8807926804,87.4
8807926805,88.0
8807926806,88.4
8807926807,89.0
8807926808,89.2
8807926809,89.3
8807926810,89.0
8807926811,88.8
13285994340,87.2
6796283669,86.5
6796283670,85.4
6796283671,85.1
13285994341,87.5
8807926819,90.6
8807926820,91.1
8807924224,91.5
8807924226,91.5
13285994348,91.5
6328181138,91.6
6328181137,91.2
6328181136,90.3
6328181135,88.9
8807924229,91.0
8807924230,90.5
8807924231,90.1
8807924232,89.5
8807924233,89.4
8807924234,91.1
8807924235,90.4
8807924236,89.8
8807924237,89.7
8807924238,90.0
6960981084,90.1
8807924242,89.4
8807924244,90.2
8809795382,90.5
8807924245,90.5
8809795321,89.7
8809795317,89.4
8807924246,89.1
8807924256,88.8
8807924258,88.4
8807924247,88.4
8807924248,87.6
8807924249,87.0
8807924255,86.9
8807924252,87.5
8807924253,87.8
8807924254,87.9
8807924260,88.0
8807924262,90.5
8807924277,90.2
8807924748,95.9
8807924749,96.0
8807924750,96.2
8807924751,96.3
8807924752,96.4
8807924753,96.6
8807924754,96.6
8807924755,96.6
8807924756,96.6
13285994363,91.3
8809792157,91.2
8809792156,91.3
8809792159,91.3
8809792202,91.8
8809792161,91.7
8809792162,91.9
8809792163,93.3
8809792164,94.0
8809792165,94.1
13285994357,94.0
13285994364,91.3
8809792168,91.0
8809792169,90.9
8809792170,90.0
8809792197,91.6
8809792198,91.6
8809792200,91.7
8809792203,89.8
13285994368,89.6
8809792213,89.9
8809792215,89.3
8809792216,88.9
8809795319,90.4
8809795320,90.9
8809795323,91.5
8809795325,89.5
8809795326,89.4
6419638348,90.8
3492293921,90.8
14057506760,90.8
8812859382,74.3
8812859383,74.2
8812859384,74.1
8812859385,74.0
8816277617,94.5
8816202112,95.2
8816277623,100.0
8816277624,100.5
12920497048,100.4
8816277625,100.4
8816277631,100.4
12805251409,100.6
8816277626,100.6
8816277627,100.9
8816277628,101.3
10909275776,101.4
10909275777,101.5
8816277633,101.6
8816277635,101.5
8816277636,101.3
8816277637,101.4
9331390011,101.3
8816277638,101.3
8816277639,100.9
8816277640,100.4
8816277641,100.5
8816277642,100.2
8816277645,100.2
8816277643,100.2
8816277644,100.1
8816277647,100.0
8816277648,99.4
8816277649,98.7
8816277650,98.6
8816277651,98.3
8816277652,98.1
8816277653,98.1
10208273327,98.0
8816277654,97.7
8816277655,97.5
8816277656,97.3
8816277657,97.0
8816277677,96.9
8816277658,96.8
8816277660,96.7
8816277662,96.6
8816277663,96.8
8816277664,96.9
8816277665,97.0
8816277666,96.7
8816277667,96.6
8816277668,96.5
8816277669,96.3
8816277670,95.9
8816277671,95.4
8816277672,94.9
8816277673,94.7
12806784682,94.5
12806784683,94.3
12806784684,94.4
12806784685,94.3
12806784686,94.3
12806784674,94.3
8816277674,96.6
8816277675,96.4
8816277676,96.6
12806866921,96.9
8816277678,97.2
12887768688,79.2
1150107652,79.3
8851581992,79.4
8851609466,78.2
8851609469,78.2
8851581998,78.2
8851581999,78.2
8851582000,78.0
8851582001,78.0
8851582002,77.3
8851582003,76.5
8851582004,75.5
8851582006,75.2
8851582007,75.0
8851582008,74.7
8851582005,74.7
8851582009,74.6
8851582010,74.8
8851582011,75.1
8851582012,75.3
8851582013,75.5
8851582015,76.0
9195830745,76.0
8851582016,76.0
8851609417,76.2
8851609418,76.5
8851609419,76.6
8851609420,76.4
8851609421,76.1
8851609423,76.0
14180674315,76.1
8851609424,76.1
8851609425,76.7
8851609426,77.1
8851609427,77.2
8851609512,78.3
8851609511,78.2
8851609510,78.2
8851609509,78.5
8851609508,78.9
8851609507,79.4
8851609506,80.2
8851609505,81.2
8851609504,82.0
8851609503,82.6
8851609502,82.7
8851609501,82.7
8851609499,82.8
8851609498,82.9
8851609500,83.0
8851609497,83.0
8851609496,83.0
8851609495,82.8
8851609494,82.9
8851609492,83.0
8851609491,83.0
8851609490,82.8
8851609489,82.5
8851609488,82.0
8851609487,81.6
8851609486,80.8
8851609485,79.9
8851609484,79.9
8851609483,79.7
8851609482,79.7
8851609481,79.8
8851609480,79.8
8851609479,79.8
8851609478,79.7
8851609477,79.3
8851609476,79.1
8851609475,78.8
8851609474,78.4
8851609473,77.8
8851609472,77.8
8851609471,77.7
8851609470,77.6
8851609465,77.6
8851609464,77.6
8807918655,77.3
8851609463,76.3
8851609462,75.7
8851609461,75.5
8851609460,75.3
8851609459,75.1
8851609458,75.1
8851609457,75.0
8851609456,75.1
8851609455,75.1
8851609454,75.2
8851609453,75.2
8851609452,75.3
8851609451,75.3
8851609450,75.5
8851609449,76.5
8851609448,76.7
8851609447,76.0
8851609445,75.7
13050745631,77.6
1038924116,77.7
9201522247,74.2
8851609440,74.2
8851609439,74.1
8851609438,73.5
8851609437,72.6
13050745633,74.1
12882360534,78.1
12882360540,78.3
8880755402,92.2
276323185,92.2
1068758699,92.1
428236984,92.4
8973110270,89.2
8990552602,89.3
8990552601,89.1
9021683727,89.0
8883801957,88.9
8990552600,88.0
8990552599,87.7
7059323417,87.8
9079202497,92.3
9079202501,91.9
9079202507,87.1
10187753654,85.7
10187753656,85.3
8748461326,83.5
8649304314,83.1
1034822541,95.9
1145064826,96.1
1145064912,96.1
1034822500,95.6
12837509643,95.5
1034822260,95.6
14208218659,95.2
1034822405,95.1
8915229431,81.0
8915229432,81.4
8931454771,90.6
10208226480,90.0
1140225515,89.6
3015510738,80.4
6484929617,80.7
12881309058,89.8
6415149311,89.7
8973110267,89.7
14057506773,86.7
14207217381,86.6
6434281201,92.2
8990552586,92.2
6434281200,92.3
6434281199,92.5
11002164478,93.8
6434281198,93.9
11002164425,94.5
6434281197,94.9
11165764695,95.0
6434281196,95.5
6434281195,95.7
6434281194,95.7
11002164447,96.3
1034904609,96.4
1034904345,96.4
1148438596,96.4
9205652474,95.8
9205652475,95.9
8990500665,96.0
12891953168,96.1
12891953167,96.2
1034904251,96.4
12895360754,95.7
12891953169,95.4
12891953172,95.3
8990500669,96.1
8990500670,95.9
8990500671,95.3
8990500672,95.2
8990500673,95.3
8990500693,95.4
8990500691,95.5
8990500675,95.9
8990500676,95.6
8990500677,95.4
8990500678,95.4
8990500679,95.4
8990500680,95.4
8990500681,95.5
8990500683,95.7
5850072966,95.6
8990500688,95.3
8990500684,95.2
8990500685,95.1
8990500686,95.2
8990500692,94.7
8990500695,94.7
8990500689,95.3
8990500690,95.6
8990500700,92.8
8990500699,93.3
8990500697,93.3
8990500710,93.6
8990500704,93.9
8990500711,93.5
8990500706,94.3
8990500707,93.8
8990500708,94.2
8990500709,93.2
8990500712,94.7
8990500713,94.8
8990552564,95.8
12895360789,92.3
11002164433,92.1
8990552585,92.3
8990552581,92.6
8990552580,92.7
8990552579,92.9
8990552567,96.1
8990552568,96.2
8990552569,96.3
12895360761,96.1
8990552573,96.2
12895360751,96.3
12891953166,96.1
5850072973,96.1
5850072972,95.6
6424388822,92.3
12922400280,92.5
12922400284,92.1
8990552596,92.2
12920219075,92.2
8990552595,92.0
7278855499,87.6
9021683730,87.6
9021683729,87.7
9021683728,87.6
9021683731,87.6
9021683732,85.6
9029214352,4.1
536078503,40.2
11512429223,43.4
427907485,45.2
427907486,50.9
11512429222,53.0
11512429224,54.5
536078505,56.0
11512429227,56.8
11512429221,57.4
11512429225,58.1
8807918661,58.9
11512429226,60.3
11512429220,61.5
536078508,62.0
11512429228,63.1
8807918656,64.8
8807918657,67.7
8807918658,68.5
536078510,69.2
8807918659,70.5
8807918660,69.8
536078512,74.2
14089071694,13.9
9079202474,88.6
9079202475,90.1
9079202477,87.1
9079202478,87.6
9079202481,87.0
9079202482,87.9
9079202483,87.7
9079202484,87.5
9079202485,87.4
9079202486,87.4
9079202487,87.3
9079202488,87.3
9079202489,87.2
9079202490,87.2
9079202494,88.8
9079202495,89.1
9079202498,91.8
9079202499,91.4
9079202500,91.5
9079202502,91.5
9079202503,91.0
9079202504,90.9
9079202505,90.4
9079202506,86.5
9079202508,85.5
9079202510,86.6
9079202512,86.6
9079202513,86.6
9532907991,5.0
9653127873,5.1
9653127874,5.2
9653127878,5.8
9653127881,6.1
9156011673,7.2
11923651502,8.5
13319889426,9.7
13319889427,9.7
9181468649,66.6
246157821,70.2
3947531258,70.0
9181468655,68.3
9181468656,67.9
9181468657,68.8
6434652740,69.0
6434652741,68.5
6434652739,68.8
9181468658,68.9
9195830739,76.5
9195994119,71.0
9195960315,71.3
9196819416,71.9
9195994146,72.0
9196819415,72.0
1231859210,72.0
9195994130,71.1
9195960310,70.8
9195960313,71.3
9196819411,71.1
9196819410,70.9
9195960306,70.9
9196819413,70.5
9196819412,70.7
9195994138,70.7
9195994127,70.9
9196948923,72.1
9196948921,72.0
9196948924,71.9
9196948925,71.9
9195960294,73.1
9196819375,73.0
9196819376,72.8
9196819377,72.5
9196819378,72.3
9196819379,72.2
12627879793,72.2
9195994131,73.3
9195960299,73.8
9196948926,73.6
9195960300,73.4
12882380690,73.8
9195994142,73.8
2413879074,71.9
2413879096,71.8
2413879081,71.6
2413879077,71.5
9196948951,68.9
9196948952,69.1
9196948971,69.0
9196948972,70.9
2413879075,71.3
2413879078,70.8
9196948935,70.6
2413879097,70.4
9196949293,65.1
2413909655,64.7
2413909594,64.4
773141740,66.3
773141929,65.3
773141816,65.4
9196948938,65.6
9196948937,65.7
773141974,66.2
9196949004,65.8
9196949005,66.4
9196949006,67.2
9196949007,67.7
9196949008,68.0
9196949009,67.8
9196949010,67.5
9196949011,66.8
2413909638,61.9
9196949182,62.0
9196949183,62.0
9196949184,62.2
9198024460,61.6
9196949148,57.9
9196949147,58.1
9196949146,58.4
9196949260,58.5
9196949136,58.5
9196949135,58.5
9196949137,58.4
9196949138,58.4
9196949139,58.3
9196949141,58.2
9196949142,58.1
9196949193,60.0
9196949192,59.5
9196949255,59.4
9196949245,59.2
9196949191,59.0
9196949190,58.4
9196949154,57.7
9196949149,57.5
9196949150,56.8
9196949151,56.6
9196949153,55.4
9196949155,57.3
9196949156,57.1
9196949157,57.0
9196949158,56.3
9196949159,56.0
9196949161,55.3
9196949162,54.5
2413909704,62.0
9196949187,62.0
9196949108,60.7
9196949197,61.2
9196949198,61.5
9196949199,61.8
9196949221,53.0
9196949220,53.2
9196949219,53.4
9196949218,53.5
9196949217,53.8
9196949216,53.8
9196949215,53.8
9196949214,53.8
9196949213,53.7
9196949212,53.7
9196949211,53.8
9196949210,54.3
9196949223,55.0
9196949224,55.4
9196949225,55.9
9196949226,56.6
9196949227,57.4
9196949228,57.8
9196949229,58.0
9196949230,58.4
9196949232,59.4
9196949233,59.9
9196949234,60.6
9196949246,57.7
9196949247,58.2
9196949248,58.4
9196949249,58.7
9196949250,58.7
9196949251,58.8
9196949252,59.1
9196949253,58.9
9196949254,59.1
9196949097,66.5
9196949098,65.4
9196949099,64.4
9196949100,63.9
9196949101,63.1
9196949102,62.3
9196949103,61.8
9196949104,60.7
9196949105,60.4
9196949201,60.3
9196949106,60.4
9196949107,60.5
9196949130,60.6
9197280648,60.5
9196949203,60.4
9197280632,60.3
9196949204,60.5
9196949205,60.7
9196949206,61.0
9196949207,60.9
9196949208,61.3
9196949256,63.8
9196949258,61.5
9196949266,55.5
9196949265,55.2
9196949264,55.1
9196949272,58.5
9196949273,58.5
9196949274,58.6
9196949275,58.8
9196949276,59.0
9196949277,59.2
9196949278,59.0
9196949279,59.0
9196949280,59.0
9196949282,57.8
9196949283,58.1
9196949284,58.4
9196949285,58.6
9196949286,58.8
9196949287,59.1
9196949288,59.3
773141691,60.0
9196949292,60.4
9196949301,62.3
9196949302,62.5
9196949303,62.6
9196949304,62.1
9196949305,61.3
9196949306,60.9
773141935,60.5
773142107,60.1
9196949337,59.6
9196949309,59.5
773141815,58.8
9196949341,58.6
773142017,57.8
9196949340,57.0
9196949339,56.4
773141735,56.7
773142023,57.1
773141823,58.0
773142114,58.3
773142039,59.0
773142075,54.3
773141881,54.5
9196949453,54.3
9196949454,54.2
9196949343,53.9
9196949342,53.1
9196949344,52.8
9196949345,52.6
9196949346,52.8
9196949347,53.4
9196949348,54.1
9196949349,54.9
9196949350,55.4
9196949351,55.8
9196949352,56.1
9196949330,55.1
773141766,54.6
773142057,53.6
773141859,53.0
9196949331,52.2
773141837,56.3
9196949404,57.1
9196949398,57.7
9196949403,58.8
773142035,59.6
9196949402,60.3
9196949401,61.0
9196949400,61.7
9196949399,61.9
9196949543,61.9
773141747,61.7
9196949542,60.9
773141923,60.3
9196949541,60.6
773142101,60.6
9196949540,60.6
9196949395,60.2
9196949539,59.9
9196949394,58.8
773141807,58.3
773142010,58.3
773141795,57.9
9196949413,57.4
9196949414,57.1
9196949415,56.0
9196949419,53.5
9196949417,53.3
9196949420,54.3
9196949421,56.1
9196949422,57.3
9196949423,57.8
9196949424,58.6
9196949412,57.8
9196949418,51.6
9196949538,59.4
9196949537,59.4
9196949536,58.7
9196949535,58.5
9196949534,58.2
9196949533,58.0
9196949532,57.8
9196949392,57.5
9196949436,57.0
9196949437,56.5
9196949439,55.1
9196949440,54.6
9196949441,54.5
9196949442,54.3
9196949443,53.9
9196949444,53.7
9196949445,53.7
9196949446,53.2
9196949447,52.8
9196949448,52.6
9196949449,55.2
9196949450,54.9
9196949451,54.8
9196949468,59.2
9196949469,60.1
9196949289,60.6
773141845,60.6
9196949290,60.5
773142045,60.3
9196949512,60.0
9196949515,64.3
9196949516,64.5
9196949517,64.7
9196949518,64.6
9196948922,72.1
9196949530,54.4
14209842841,83.5
9198044673,83.4
7695781447,82.9
254241126,81.9
10909275761,80.6
14005372090,83.3
9198048722,82.9
9198242340,84.0
6752600686,84.0
6752600687,83.6
9198242341,84.1
9198242382,80.6
9198242383,81.7
9198242384,81.7
9198242385,81.7
9198242386,81.7
9198242387,81.9
9198242388,82.1
9198242389,82.2
9198242390,82.3
9198242391,82.4
9198242392,82.5
9198242393,82.4
9198242394,82.5
9198242395,83.5
9198242396,84.1
9198242398,82.4
9198242399,81.7
9198242400,82.0
9198242401,82.5
9198242404,79.7
9198242405,80.3
9201522248,68.1
9201522249,69.9
9201522250,71.0
9201522251,72.4
9201522254,74.0
9201522252,74.1
9201522256,72.8
9201545719,72.3
9201545720,73.8
9201545721,74.1
9201545724,72.3
9201545725,70.9
9201545726,71.0
9201545727,71.2
9201545728,71.4
9201545729,71.8
9201545730,72.0
9201545731,72.2
9201545732,72.3
9201545733,70.7
9201545734,71.5
9201545735,71.9
9201545736,72.3
9201545738,70.0
9201545739,70.2
9201545740,70.4
9201545741,71.5
9201545742,72.0
9201545743,72.7
9201545744,73.0
9201545745,73.2
9201545773,57.7
9201545772,57.3
9201545767,57.0
9201545768,57.1
9201545769,57.4
9201545780,57.6
9201545775,57.2
9201545776,57.1
9201545777,57.0
9201545778,57.0
9201545779,57.5
9201545783,57.4
9201545784,56.6
9201545785,54.9
9201545786,54.2
9201545787,53.0
9201545788,52.7
9201545789,52.6
1137109288,80.6
766968854,87.7
14204826365,87.9
766968929,88.0
14204826373,88.2
5563248225,88.7
9203426687,88.9
766968920,88.9
1137743962,85.4
14088697874,85.4
14088737703,85.5
1137743947,85.5
6794438506,85.4
14005376905,92.1
11002164432,92.0
14005372164,92.0
1062486682,92.2
12920219055,92.2
14005376904,92.2
12881309071,86.9
9324460002,94.3
9324460003,93.9
9324460004,93.6
9324460005,93.6
9324460006,93.5
14077920959,93.2
1036717309,93.6
9324460008,93.5
9324460009,93.5
9324673305,94.2
9324673306,94.1
9324673307,94.6
9324681118,94.7
9324681123,95.0
9324673308,94.9
9324673309,94.9
9324673310,95.1
9324673315,95.8
9324673312,95.6
9324673316,96.1
9324681117,95.7
9324681121,95.6
14208218608,95.8
9324587447,94.3
9324587448,94.8
971442226,94.6
9324587450,94.2
9324587451,94.5
9324587452,94.6
9324587453,94.7
9324587454,94.6
9324587458,93.6
9325220284,86.1
9325220287,95.1
9325220288,94.8
9325220290,94.4
9325220291,94.7
9325220293,95.1
9325220300,95.7
9325220302,95.9
9325220310,93.0
9325220311,93.6
9325220312,93.8
12674019030,94.4
336013534,94.7
336013531,94.8
9325806588,93.5
9325806589,93.4
9325806590,93.3
9325806591,93.3
9325806575,93.2
9325806576,93.2
9325806577,93.2
9325806578,93.3
9325806583,93.3
9325806584,93.4
9325806585,93.5
9325806586,93.5
9325806587,93.6
9325806579,93.6
12674019031,93.7
9325806574,93.7
9325806580,93.7
9325806581,93.7
9325806582,93.6
336013535,94.0
9325806597,93.9
9325806598,93.2
12674021418,93.1
10909275769,98.2
10909275770,98.5
10909275775,101.2
10909275774,101.1
12805251408,96.1
13804965010,95.8
13804965015,95.8
13804965007,96.3
13804965009,96.4
13804965008,96.4
9331415194,96.3
13660428395,94.5
1034904631,94.6
13660428398,94.7
10996237579,94.7
9339328185,95.4
9339311956,94.8
13660428396,95.1
6419795070,95.1
13660428397,95.1
9339328197,91.9
14208218699,92.0
9339328181,92.0
9339328196,92.1
12895360765,92.7
12895360767,93.2
9339328195,93.4
9339328194,93.4
9339328192,93.6
9339328191,93.6
12895360768,94.6
9339328201,90.9
9339328200,91.4
9404079334,37.3
9404079335,36.8
9404079336,35.5
9404079337,35.1
9404079338,34.2
9404079339,33.5
9404079340,32.8
9404079341,32.3
9404079342,31.8
9404079343,30.9
9404079344,27.6
9404079436,59.6
9404079437,58.8
6232057563,86.6
9426828199,87.1
347296904,91.2
11251379139,87.5
8633288625,87.4
9441250699,91.3
9441250700,91.5
9441250701,91.5
9472607200,72.7
9472607201,72.2
9472607202,72.0
9472607203,72.2
9472607211,72.4
9472607204,72.6
9472607205,73.2
9472607206,74.2
9472607207,74.9
10211049479,77.2
9472607212,77.1
9472607208,73.1
9472607209,73.0
9472607210,72.6
9484714064,80.1
9484714065,80.1
2940013467,80.0
2947245015,80.1
9484714068,79.7
9484714069,79.4
9484714070,79.1
10086088843,78.8
12884214874,78.7
1760323078,78.4
9484714072,81.6
12884215024,81.7
12884215023,81.3
9484714073,81.4
14065063794,81.4
9484714074,81.4
12884215022,80.6
9484714077,80.5
9484714078,80.7
12884215028,84.4
9484714080,84.2
9484714082,78.6
10211049481,78.5
10211049480,78.1
9484714083,77.9
9484688805,80.9
9484688806,79.8
7708873949,79.5
9484688807,80.0
9484688808,79.2
9484688810,78.5
9484688811,78.3
9484688812,78.3
9484688813,78.5
9484688814,79.1
9484688815,79.2
9484688816,79.4
9484747217,79.8
9484747218,79.7
9484747219,80.4
9484747220,80.5
9484747222,80.9
9678003109,83.0
9678003105,82.1
9678003106,81.7
9678003107,81.7
9484747224,80.4
9484747225,79.9
9484747226,79.8
10086088877,83.9
12807889515,83.9
9484747228,83.8
9517325562,17.5
9517325563,16.7
9517325564,15.8
9517325565,15.1
9517325566,15.1
9517325567,13.1
9517325568,11.2
9517325569,12.3
9517325570,11.1
9517325571,11.9
9517325572,11.3
9517325573,10.2
9517325574,9.3
9517325575,8.2
9517325576,6.1
9517325577,5.3
9517325578,5.3
921100311,88.1
9532470768,88.0
1235052940,87.9
14208195056,88.3
14208195057,88.3
6457061468,88.1
10997917944,88.0
9532470769,88.2
12508538835,88.2
12508538836,88.2
9532470770,87.7
921100314,88.0
13877345129,88.1
6457061462,88.1
3478231672,87.9
921100313,87.9
10997917945,87.9
948284987,87.8
6457061465,88.0
6457061464,87.9
127473129,27.3
127473130,24.6
8828795582,24.4
127473131,24.2
8828795583,23.9
127473132,23.7
8828795584,23.5
127473134,22.9
127473136,21.6
127473137,21.3
127473138,21.1
127473139,20.8
5771946169,86.1
14192021655,86.0
14192021644,85.9
14179670303,85.8
427896231,85.5
14179670314,85.5
14179670311,85.4
14179670348,85.4
14179670362,85.4
13050735278,85.3
12887768698,85.3
14173829497,85.7
5960541922,86.5
9653127870,3.4
9653127871,2.2
9653127872,2.5
9653127875,5.1
9653127876,5.0
9653127877,5.0
9653127879,4.3
9653127880,5.0
9653127882,3.0
955335857,72.7
10028599200,71.5
955335834,69.1
336921214,3.0
9653232898,15.8
9653232899,15.2
9661957854,59.8
9661957856,58.6
5008690187,3.8
13356234223,3.9
1315816015,4.0
13356234222,4.0
9691489622,4.1
1315815999,4.0
1315816059,3.0
1315816051,3.0
9708004293,87.9
9708004294,87.8
5850510715,89.1
482786159,45.0
14065084914,44.8
14065084915,44.7
14065084916,44.8
9777940300,44.8
9777940301,46.4
971121411,87.2
12884215026,76.6
9791289341,76.1
9791289342,77.0
14204826327,84.7
9800500096,93.3
9800500097,93.6
9800500098,93.8
1123073201,91.9
1123073097,91.9
1123072989,92.0
9800616504,92.1
1123072892,92.3
1123073240,92.6
1123072963,93.0
1123073308,93.0
9800616492,93.6
9800616493,93.7
9800616494,93.7
9800616498,93.6
9800616495,93.5
9800616496,93.5
9800616497,93.7
9800616499,92.6
9800616501,93.3
9800616505,92.3
9800616506,92.4
9800616508,91.8
9800616509,91.9
9800616510,92.3
9800616511,92.4
9800616512,92.1
9800616514,93.1
7273106705,78.5
317126394,78.2
13469070973,78.2
9864817513,78.2
317126395,78.2
13471558667,78.2
9867127924,84.2
9867127930,83.0
317504223,69.7
14065063799,71.1
14065063798,71.2
14065063797,71.4
566367000,71.9
14065063796,71.8
14065063795,72.2
14065084902,65.4
14065084901,67.0
9867127926,67.2
9867127932,67.3
9867127917,67.1
9867127923,67.2
9867127922,67.6
9867127921,67.7
9867127931,67.8
9867127929,68.0
9867127918,68.5
9867127928,68.8
9867127919,69.1
9867127927,69.2
9867127925,69.2
9867127920,69.6
3743254146,69.6
9881582335,4.6
14089071649,4.2
14028479142,74.8
13648850218,74.7
1233039318,74.5
1233039497,73.3
9902515933,17.7
9902515934,17.7
9902515935,18.5
9902515936,18.7
9902515937,19.9
9902515938,19.8
9902515939,20.4
9902515940,20.7
9902515941,22.6
9902515942,23.1
9902515943,23.0
9902515944,23.4
9902515945,25.3
9902515946,26.8
9902515947,28.9
9902515948,31.8
9902515949,32.5
9902515950,32.3
9902515951,32.3
9902515952,33.1
9902515953,33.8
9902515954,34.3
9902515955,34.4
9902515956,35.0
9902515957,36.2
9902515958,37.3
9902515959,38.4
9902515960,39.2
9902515961,43.1
9902515963,18.2
9902515964,19.1
9902515965,19.7
9902515966,20.0
9902515967,20.2
9902515968,21.0
9902515969,21.4
9902515970,22.5
6390179697,12.6
1022289213,12.4
1022289226,10.2
6390179728,7.3
13663685881,6.7
427907505,6.2
14089071748,6.0
6390179723,5.6
6390179724,5.0
14089071812,3.9
13663685880,3.8
12644671247,3.1
12644671246,5.2
14089071813,4.2
10016721400,71.8
13443439754,71.7
10016721401,71.6
10016721402,72.2
10016721403,72.9
10016780586,75.5
10016780587,75.2
10016780588,74.7
10028555502,75.5
10028555503,75.6
10028613650,75.4
10028613647,74.6
10028555504,73.9
10028555505,73.9
10028555506,73.2
10028555507,73.2
10028555508,73.5
13659604281,73.4
10028555509,73.5
10028613629,73.3
10028613632,71.8
10028555510,72.9
10028555511,75.3
11535641329,73.0
10028555512,72.8
10028613619,71.6
10028613617,71.4
13659604298,71.4
10028555516,69.5
13659604300,69.5
10028613618,71.9
13659604296,71.7
10028555513,70.7
10028613620,71.0
10028613621,71.1
10028613622,70.2
10028613623,70.8
10028613624,72.4
10028613625,73.3
10028613626,73.2
10028613627,74.0
10028613628,73.5
13659660006,73.3
10028613630,73.2
10028613631,73.7
13659604277,73.3
10028613633,74.1
10028613634,74.1
10028613635,73.4
10028613636,72.8
10028613637,73.1
10028613638,72.3
10028613639,72.3
10028613640,72.6
10028613641,72.5
336895677,72.3
10028613642,72.7
10028613643,73.1
10028613644,73.3
10028613645,73.0
10028613646,73.1
10028613648,73.7
13659604275,73.9
10028613649,75.4
13659660009,75.5
12884215011,79.5
12884215009,79.2
12884215008,77.8
12884215007,78.4
12884215006,78.4
12884215005,78.2
12884215004,77.6
12884215002,75.3
14019642450,74.2
12884215001,74.1
12884215000,74.1
12884214999,74.1
12884214998,76.3
12884214997,76.9
12884214995,78.0
12884215063,78.3
12884214996,78.3
12884214933,78.2
10028613654,73.3
10086088828,83.0
12884214949,83.1
10086088827,83.1
10086088826,83.0
10086060111,82.3
10086060114,82.2
10086060115,82.1
10086060113,82.2
10086088818,81.8
12884215054,81.9
10086088819,82.2
6235738462,83.0
10086088846,83.2
12884215055,81.7
10086088854,81.8
10086088860,82.5
10086088855,82.9
10086088868,83.4
10086088857,84.1
10086088858,84.6
10705671612,85.4
10086088859,85.3
1233278061,85.7
12884214990,85.6
10086088865,85.8
12884214925,81.8
12884214916,83.3
12884214915,83.3
14204826332,83.4
10086088821,84.1
10086088872,84.9
10086088871,84.8
10086088873,84.7
10086088874,84.5
10086088875,84.3
10086088876,84.1
10086088878,84.0
10086088837,84.2
12807889532,84.3
10086088879,84.4
10997917951,87.4
10997917952,87.4
12884215049,82.1
10086088888,81.2
1315815886,4.6
29822831,4.5
12154049588,4.6
1315815864,4.4
29822832,4.2
1315815827,4.2
660057056,4.1
1315815811,4.0
1315815806,3.9
29822833,3.9
29822950,3.9
29822822,13.9
9881553310,13.4
482786220,12.0
660057054,8.8
7907560729,8.0
7907560728,7.5
7907560727,7.1
29822824,6.6
7907560730,6.2
29822825,5.8
660057052,5.4
26046237,73.9
971096808,74.1
10184820073,86.9
14185865374,86.0
10184820076,80.4
10184820077,80.3
8807417023,80.1
10184820078,80.2
10184820079,80.1
10187060759,80.5
10184820080,80.7
10184820081,80.7
12922419492,77.5
12922419495,77.8
10184820089,77.8
10184820090,77.8
10184820091,77.9
10184820092,77.9
10184820093,77.8
10184820094,77.6
10184820095,77.8
10184820096,77.7
10184820097,77.7
10184820098,77.7
10184820099,77.8
12922419485,77.7
10184820101,77.8
10184820102,77.8
10184820103,77.9
10184820109,77.8
10184820104,77.8
10184820105,77.7
10184820106,77.7
10184820107,77.8
10184820108,77.9
12776992620,77.6
10184841817,80.6
10187060762,81.1
10184841841,81.4
10184841821,80.5
10184841823,80.5
10184841822,80.6
10184841825,80.7
10184841826,80.7
10184841828,80.6
12776992623,77.6
10184820113,77.6
10184841830,80.8
12895389923,80.8
10184841838,82.1
12922419539,81.4
10184841818,81.3
13050735279,81.3
12887768658,80.4
13050745627,80.4
12922419540,81.0
10184841820,81.0
12895389920,81.0
13050735282,81.9
729910710,81.9
13050735281,81.9
12887391248,84.1
10187060792,84.6
10187060795,79.7
10187060796,79.4
10187060797,79.4
10187060802,78.5
10187060804,78.9
10187060805,78.9
10187060806,79.0
10187060807,79.1
12887383898,80.9
12887383885,82.1
10187060809,82.5
6434281281,83.2
6434281282,83.2
6434281279,82.8
10187282000,83.1
12922419546,82.5
6329706013,83.6
10187281999,83.5
10187282001,83.7
12922419545,83.1
14204826322,84.9
10187282003,84.5
12922419544,84.1
10187282005,85.1
12922419543,85.1
7855938501,86.5
14179670124,86.2
14179670118,86.1
14179670123,86.0
10187763209,76.1
10187763212,76.1
10187763210,76.0
10187763211,75.9
10187763213,76.3
10187763214,76.4
10187763215,76.8
10187773517,76.7
12786862487,76.7
10187773518,76.6
10187773519,76.7
10187773520,76.7
10187773543,76.7
10187773521,76.7
10187773522,76.7
10187773523,76.6
10187773524,76.6
10187773525,76.6
10187773526,76.6
10187773538,76.6
10187773527,76.6
10187773528,76.7
10187773529,76.6
10187773530,76.6
10187773531,76.7
10187773532,76.7
10187773533,76.9
10187773534,77.4
10187773535,77.7
10187773536,76.7
10187773537,76.6
10187773539,76.6
10187773540,76.7
10187773541,76.7
10187773542,76.9
10187773545,76.7
10187753653,85.6
10187753655,84.8
13544957512,94.8
13544957511,94.8
13544957514,94.3
10996237561,95.1
12947741437,95.8
6292505710,95.8
676620066,94.4
276323215,94.6
676619968,94.6
12805014825,94.4
12805014826,94.3
1235052949,88.2
13877345126,88.4
1235052879,88.7
13877345125,88.8
13877345124,88.8
1235053008,88.8
10208273247,88.7
244513663,88.6
13877345128,88.6
1676542269,88.3
244513664,88.0
276323222,92.9
10208273288,97.0
10208273289,97.1
10208273290,97.3
10208273291,98.9
10208273292,98.9
10208273293,98.8
10208273294,98.8
10208273295,98.9
10208273296,99.0
10208273297,99.7
10208273298,99.9
10208273299,100.1
10597984714,100.1
10208273300,100.1
10208273301,100.1
10208273302,100.0
10208273324,100.0
10208273303,99.0
10208273304,98.8
10208273305,98.6
10208273307,98.1
10208273308,98.0
10208273309,97.7
10208273312,98.5
10208273313,98.5
10208273314,98.6
10208273315,98.5
10208273316,98.6
10208273317,98.6
10208273318,98.7
10208273319,98.8
10208273320,99.7
10208273321,99.7
10208273322,99.8
10208273323,99.9
12806866916,97.9
10208273330,95.7
10208273331,95.4
10208273332,95.1
10208273339,96.8
10208273340,96.6
12806866910,100.1
6292505709,95.9
12947741438,95.9
9651085855,95.7
9651085854,94.4
12805251476,97.3
12805251596,97.4
12805251601,97.6
12805251604,97.8
1242797040,76.0
6235738533,74.1
1760322951,73.9
1760322933,73.3
6235738522,71.6
6235738523,71.4
1760322792,71.2
6235738524,71.0
1760322778,70.7
6235738525,70.5
1760322776,70.2
4940842326,70.0
10211077757,69.8
10211077760,68.7
10211077761,68.0
10211077762,66.7
10211077763,65.1
10211077764,64.9
10211077765,63.8
10211077767,62.0
10211077768,61.8
10211077769,61.6
10211077770,61.4
10211077771,61.4
10211077772,61.3
10211077773,61.2
10211077774,61.1
10211077775,61.0
10211077776,60.9
10211077778,60.9
10211077779,60.8
10211077780,60.7
10211077781,60.7
10211077782,60.6
10211077783,60.6
12622210382,60.6
10211077784,60.5
10211077785,60.5
10211077786,60.4
12622216616,60.3
10211077787,60.2
12622210383,53.5
12622210384,53.4
12622210385,53.2
12622210386,53.1
12622210387,53.1
12622210388,53.0
13277067067,72.3
3743254582,65.2
650011178,66.7
650011180,66.0
12837509637,95.1
12837509638,95.3
6778920299,95.6
1034822401,95.8
1034822228,95.8
6419799393,95.9
6419799394,95.9
6419799395,96.0
6419799396,96.1
12837509655,96.6
27699306,79.6
10229648882,79.6
10229648885,79.6
10229648886,79.8
10229648887,79.9
10229648888,79.9
3476051297,80.2
10229648884,80.1
10229648890,80.2
10229648891,79.9
10229648892,79.8
10229648893,79.8
10229648894,79.7
10229648881,79.6
10229648900,79.6
10229648883,80.1
3492713152,97.4
3492713157,97.3
3492713159,97.2
3492713165,97.2
3492713167,97.1
3492713172,97.0
3492713178,96.9
3492713181,96.8
3492713187,96.7
14204807953,84.8
14173850927,85.6
2615819439,88.4
3075830120,86.8
12881309132,86.7
9532470775,87.7
3075907254,86.1
8805711923,86.1
1235052896,86.3
3075907253,86.5
3075907255,86.7
13877345139,84.2
1235053004,84.2
10309733000,84.5
12882380656,84.1
12884142379,83.8
12881309150,85.4
8805711939,85.6
12884142361,85.8
14208195085,85.8
1235053013,85.8
6457061478,85.9
12881309139,86.4
8805711925,86.4
8805711927,85.8
12881309152,85.8
3075907248,86.3
3075907247,86.2
6235708043,86.1
6235708042,85.9
6235708044,85.8
3075907242,85.8
12884142367,86.7
6232057589,84.1
6232057590,84.3
9532470777,87.8
726231391,87.7
10309733008,87.7
12060113219,95.8
1034822445,95.8
12837509627,95.9
1034822199,96.0
12837509628,96.0
1034904316,96.3
1034904564,96.4
12837509622,94.6
1034822461,95.4
427907506,4.1
14089071817,4.3
10314120230,3.2
10314120231,1.3
10314120232,1.2
10314120233,1.9
10314120234,1.8
10314120235,1.1
10314120236,1.3
10314120237,1.8
10314120238,1.2
10314120239,1.1
10314120240,4.5
10314120241,3.3
10314120242,3.9
10314120243,1.6
10314120244,2.6
10314120245,1.2
10314120246,2.8
10314120247,1.8
10314120248,1.4
10314120249,1.9
10314120250,1.5
10314120251,2.4
10314120252,2.5
10538624175,98.8
13804955592,99.3
10538632603,97.2
10538632604,97.2
10538632618,96.3
10538632605,96.4
10538632606,96.4
10538632612,99.8
10538632613,97.9
10538632615,96.0
10538632616,95.8
10538632617,96.1
10538632626,99.4
13522292118,99.3
11693960600,74.8
9712763995,90.5
10210937453,90.0
12972801773,90.1
9532470772,87.9
14208218634,87.8
14208218635,87.8
14208218636,87.8
14208218637,87.9
10309733007,88.0
948285005,88.2
12508538833,88.1
12508538834,88.1
9532470773,87.7
12508538838,87.7
12884142394,87.1
6457062085,86.6
6457061484,86.4
6457061483,86.2
3743254173,53.7
336895443,54.0
676620319,55.0
3743254174,56.0
3743254175,56.6
3743254169,72.8
3743254165,72.1
317504414,67.7
317504427,61.3
317504449,60.2
317504483,57.9
317504508,58.0
317504544,59.2
13687441228,58.8
13687441275,59.2
317504559,59.1
3743254170,58.5
317504582,57.8
3743254171,53.8
13687441298,53.5
336895534,53.4
3743254166,53.4
12508538831,87.0
243953059,76.7
6426908706,21.7
6426908707,21.6
6426908708,21.7
10582877775,22.3
10582877776,21.8
10583228919,84.8
10588285220,90.8
10588285221,90.4
10588285222,90.3
10588285223,90.4
10588285224,90.2
10588285225,89.9
10588285226,89.8
10588285227,90.0
10588285228,90.2
10588285229,89.5
10588285230,89.5
10588285231,89.8
10588285232,89.3
10588285233,88.8
10588285234,88.3
10588285235,87.8
10588285236,87.4
10588285237,87.2
10588285238,87.0
10588285239,86.5
10588285240,86.3
10588285241,86.1
10588285242,85.9
10588285243,85.6
10588285244,85.4
10588285245,85.0
12887391324,84.6
10591239457,96.1
10591239455,96.2
12805251446,95.9
12805251445,95.8
7638391323,99.7
10597984715,100.0
1123072932,100.1
10597984710,98.7
12918629070,98.9
12805251431,100.1
12805251432,100.0
3304905537,86.6
6232057565,86.6
6232057564,86.3
10612997878,85.9
10612997879,85.6
10612997880,85.0
10635281898,84.7
10612997881,84.1
10612997882,83.5
10612997883,83.1
10612997884,82.7
10612997885,82.3
10612997886,82.3
10612997887,82.2
10612997888,82.1
10612997889,82.0
10612997890,81.9
10612997891,81.7
10612997892,81.4
10612997893,81.0
10612997902,81.0
10612997894,80.9
10612997895,81.7
10612997896,82.2
10612997897,82.5
10612997898,82.7
10612997899,82.8
10612997903,80.9
10613007582,92.6
10613007583,92.7
10613007584,92.7
10613007585,92.6
10613007602,93.8
10613007590,93.9
10613007601,93.9
10613007592,94.0
10613007600,93.5
10613007594,93.2
10613007595,93.2
10613007596,93.3
10613007597,93.3
10613007599,93.5
12881569234,91.7
12884214947,84.7
12881309105,84.6
10635281901,85.5
10635261897,90.7
10635261898,90.6
10635261899,89.9
10635261901,90.7
10635261900,90.3
10635261902,90.0
1034904460,96.3
1034904144,96.2
1034904368,96.3
10635275841,95.9
14209454388,90.6
10647513673,90.5
5973750036,87.8
5973750037,87.2
10698571282,80.3
10698571283,80.3
10698571284,80.3
10698571285,80.4
10698571286,80.4
10698571287,80.5
10698571288,80.5
10698571289,80.5
10698571290,80.6
10698571300,80.6
10698571291,80.6
10698571292,80.7
10698571293,80.8
10698571294,80.7
10698571295,80.8
10698571296,80.9
10698571297,81.1
10698571298,81.1
10698571299,81.5
10705671611,84.5
12884214992,85.4
12884214894,85.8
12884214912,85.9
10708129467,85.8
10708161075,93.4
10708161076,93.3
10708161077,93.4
10708161078,93.3
10708161079,93.3
10756793161,43.4
10760636715,93.8
10760636720,90.9
10760636722,92.2
7706082184,94.0
10772019226,97.4
10772019227,97.5
10772019231,97.1
10772019232,97.1
12887391245,79.6
3492293931,90.8
14185862853,90.8
10909275744,90.4
10909275745,90.3
13285994358,94.1
13285994360,93.0
6796333371,90.4
10909275749,90.6
12883681778,90.8
12883681777,90.8
9339357363,90.8
10909275748,90.4
10909275751,90.3
10909275754,90.3
10760636723,92.2
8806174616,74.0
10938570418,95.2
10938570417,95.3
10938570416,95.4
10938570426,95.4
10938570425,95.4
10938570424,95.4
10938570423,95.4
10938570427,95.4
10938570422,95.4
10938570421,95.5
10938570420,95.4
10938570428,95.4
10938570415,95.4
10938570414,95.3
10938570431,94.4
10938570430,94.4
10938983325,86.4
10938983324,87.3
10938983323,86.8
10938983322,87.1
10938983321,87.1
10938983320,89.0
10938983319,89.0
10938983318,89.0
10938983317,89.1
10938983316,89.0
10938983315,89.1
10938983314,89.0
10938983313,89.0
12881569248,89.8
10938983337,93.2
6854684012,92.8
10938924862,86.7
1034822255,96.2
1034822484,95.7
6940315834,95.8
10996290720,95.7
14208218647,95.7
10997917956,87.9
10997917946,88.1
10997917947,88.3
3478231668,88.3
10997917953,87.3
10997917950,87.4
10086088881,87.5
948285001,87.4
948285007,87.3
10997917954,87.7
10997917955,87.8
11002164424,93.5
11002164423,93.9
11002164421,94.0
971430756,93.7
11000943943,93.8
11000943948,96.2
11000943950,94.0
11000943953,93.2
11000943954,92.2
11000943958,92.6
11000943949,94.3
11000943951,94.6
11000943952,93.8
11000943955,93.4
11000943956,93.5
11000943957,93.7
11002164420,93.8
11002164427,94.1
11002164444,91.8
11002164431,91.9
11002164434,92.2
11002164445,92.2
11002164435,92.2
11002164440,92.3
11002164441,91.8
11002164443,90.2
11002164470,94.1
11002164471,94.0
11002164474,93.9
11002164473,93.7
11002164472,93.6
11002164480,93.7
13285969596,66.0
13285994206,67.5
11051376882,68.3
11051376883,69.6
11051376884,71.2
11051376886,73.4
11051376887,74.7
11051376888,75.5
11051376889,76.7
11051376890,77.5
11051376891,78.5
11051376892,79.5
11051408209,67.5
13285994318,67.9
13285969591,62.3
11051408211,61.6
11051408212,60.5
11051408213,58.9
11051408214,57.2
11051408215,55.5
11051408216,54.1
11051408217,52.3
11051408218,51.6
11051408219,49.7
11051408220,48.3
11051408222,46.2
11051408223,45.8
11051408224,45.0
11051408225,44.6
11051408226,44.3
11051408227,43.8
11051408228,43.8
11051408229,43.5
13285969571,76.3
13285969570,76.6
11099809645,93.1
8710874590,93.8
9339328187,95.3
9339328186,95.3
9339328184,95.5
9339328183,95.7
9339328182,96.1
13660483606,94.6
9339328189,94.7
13660483603,94.7
10996237567,96.2
8588202670,96.3
8588202668,95.6
10996237564,95.4
12895360769,95.4
13660428399,95.1
8588202663,95.1
13660483601,95.0
11139771374,22.1
11139771375,22.5
127461832,24.7
11139771389,24.7
11139771387,24.5
11139976757,24.3
11139976758,23.9
13093001981,90.5
11142096463,90.6
9834237837,90.4
6933731863,90.6
11142096465,90.7
244058971,90.5
11142096482,77.9
8600552606,78.0
12996765337,78.0
12996765338,77.6
8600552603,77.6
11142096484,77.5
11142096488,75.7
12996765327,75.7
11142096490,75.9
12996765324,75.7
13132245895,23.3
11139771376,23.2
8748535304,24.6
246157710,25.8
724834642,85.6
14089071473,85.6
4306752949,85.2
2631871791,83.8
2629255232,78.2
4306752962,75.2
8711564443,73.8
2629255230,73.6
13285969587,73.1
2629255228,73.2
13285969585,74.3
13285969582,75.5
2629255226,76.7
13285969581,78.6
13285969579,79.2
11165764691,94.5
1148535021,95.6
12806866926,100.9
12805207856,100.9
13737032619,100.0
11177944294,100.5
11191801725,73.8
11191801724,74.1
11191801723,74.3
11191801722,74.7
11191801721,75.0
11191801719,75.0
11206931618,89.0
11206931624,89.0
6933683563,89.0
7170134821,89.4
783669207,89.0
615967565,88.3
948285017,88.3
482786172,87.5
6407505093,87.9
482786174,87.3
482786175,89.6
6232041255,89.5
6232041256,89.5
6232041254,89.5
6232041253,89.1
11206931619,89.0
11206931621,89.1
11206931622,89.1
11206931623,89.2
6933683562,89.2
12881060149,88.9
11206931625,89.3
13329277177,89.2
6933683561,89.3
13329277176,89.3
11206931626,89.4
11206931627,89.4
11206931628,89.4
12881060134,89.7
730355384,94.1
13093001975,93.8
8762121936,93.5
730355406,90.9
11206972339,95.1
11206972342,95.1
11206931636,95.0
11206972343,94.9
11206972338,94.9
11206972345,95.3
11206972346,95.3
8636706778,90.8
6796333406,90.4
13612789829,88.7
6796333405,88.1
13612789828,88.3
6796333404,88.9
13612789827,89.0
6796333403,90.9
6796333402,94.1
6796333401,98.2
6796333400,100.2
6796333399,99.0
6796333398,98.0
11206972354,96.8
13471558660,96.0
13471558661,96.2
6796333395,96.3
11206972353,96.5
3492713143,96.6
11206972351,96.5
11206972352,96.5
3492713136,96.4
11206972356,96.3
646227125,79.1
469415047,79.0
13266179550,79.1
11211456216,92.1
4560913498,92.4
11211456215,90.4
11211456214,90.5
11211456218,91.0
11211456217,90.9
6933731862,90.7
6933731857,90.5
11211456223,87.4
13329277175,87.4
3478231817,87.4
13329277169,87.5
3478231814,87.7
13329277170,88.5
13329277171,89.2
11211456212,89.6
11211456213,89.7
13329277172,89.6
4560913496,89.8
13329277173,90.0
13329277174,90.7
13329277165,93.2
13329277166,93.4
244513677,93.9
13329277167,93.9
13329277168,92.9
244513679,90.8
8669233460,90.7
6933731854,90.6
728152742,90.7
11251311207,89.8
7859417968,90.3
11251311205,90.9
8632617988,74.4
8632618001,74.5
6363357692,91.1
12884214815,90.8
4319144970,48.7
4319144968,48.9
347297651,50.2
7519129517,50.3
347297652,49.0
2660149030,48.7
9404079397,48.7
7519117572,48.8
4319144973,48.7
9404079489,48.7
347297654,48.7
9404079492,48.6
9404079499,48.3
4319144969,47.8
9404079513,47.0
9404079546,46.5
347297655,46.4
4319144972,45.5
7055720420,45.2
347317454,44.4
11310702000,43.6
8632650999,43.6
11310850693,90.9
9339328199,91.4
921100327,95.1
13660428400,95.0
11310850698,96.4
26046285,96.1
11310850699,90.6
12060149242,90.8
12060149243,90.8
11310850702,88.9
11310850703,88.9
3488070938,88.9
11357481969,86.5
6359472784,86.7
11357476440,46.8
7519129513,46.8
7519129514,46.8
7519129515,47.5
7519129516,48.5
11357489882,70.2
8806181449,69.9
8806181450,69.5
8806181451,68.8
8806181447,70.0
8806181448,70.2
244513680,90.6
244513681,90.4
11211456225,88.5
244513668,89.1
11362395573,88.8
6327817098,93.7
11386911809,85.5
8746932281,75.7
8748319085,44.3
13382539794,44.3
676620106,37.0
9734842729,36.7
8743203548,77.2
11402441871,77.1
8746934319,75.5
8746934318,75.3
12786862455,73.4
8746932312,73.4
8746932311,73.0
12786862456,72.9
11402441886,67.0
8746932285,67.0
11402441887,66.6
8748099569,64.9
338364910,64.9
12786862459,59.8
8748071295,59.8
338360645,59.2
8748071296,58.7
12786862460,58.5
8748071278,50.5
8748071277,49.5
12786862464,44.9
8748319081,44.8
8748319080,44.4
12786862463,44.4
8748319058,38.5
8748319057,37.5
12786862469,29.9
338353939,29.4
12786862470,28.8
13266181128,26.5
11139771385,24.4
11402441889,55.0
12786862457,64.9
8748099572,64.9
8748099571,64.8
12786862458,64.7
8748099558,67.1
338364885,67.5
8748099557,67.7
12786832268,67.1
8748099549,67.1
338364880,67.1
13132266020,35.6
13132266018,32.6
13132266012,32.2
13132266008,30.9
8750656047,30.2
8710874562,80.7
11099809641,82.2
9837665311,78.8
13266146357,77.8
13266146356,77.4
9837665310,77.2
9837665309,75.4
53410282,74.8
13260155921,74.1
13260155920,72.9
5516099608,71.7
11402441876,71.1
11402441879,71.6
11099809640,84.1
12786862423,75.3
53410306,86.1
11402441870,77.4
8743203549,77.4
8743203564,74.1
12786862453,74.2
13263217549,77.9
13263217548,78.1
8708063455,82.2
12786862446,82.1
13382567798,78.8
8710909432,77.4
8710909431,77.2
13382567796,76.7
8937155551,74.8
8710874600,73.6
13382567788,72.2
11099809638,72.0
3743254591,71.9
11099809639,71.7
8937155552,71.3
8949789918,71.8
12786862452,73.5
8743203565,73.7
12185002791,73.1
7535399972,78.7
7708873948,79.2
7907560744,4.1
11647933913,79.8
11647933914,79.7
11647933915,79.6
11647933916,79.7
11647933917,79.6
11647933918,79.6
13285994320,75.3
2629255219,73.9
11647933921,73.9
336921070,74.3
11649941285,56.6
11649941286,54.9
11649941287,54.0
11815859730,53.4
11649941288,51.7
11649941289,49.0
11815859732,48.1
11649941290,47.2
11815859733,46.7
11649941291,46.3
11649941292,46.2
11649941293,46.3
11746999611,47.0
11649941294,47.1
11649941295,47.4
11649941296,47.1
11746999610,45.9
11649941298,45.3
11649941299,44.5
11649941300,44.7
11649941302,44.7
11649941303,44.5
11649941304,44.0
11649941305,43.9
11746999606,44.0
11649941306,43.8
11649941308,44.0
13654251337,43.4
11649941310,43.2
11649941311,43.9
11815859713,44.2
11815859714,44.0
11815859715,44.3
11815859716,43.6
11815859717,42.6
11815859718,55.9
11815859719,41.8
11815859721,38.8
11815859722,38.8
11815859723,39.4
11815859724,41.2
11815859726,42.8
11815859727,43.2
11815859728,44.3
11815859729,45.7
8669234926,78.4
12666145747,83.0
12666145748,83.4
8657652643,71.6
726826002,71.7
8657652641,71.8
12784804791,71.8
8657427955,73.6
11671290968,73.9
11142096487,75.0
11688441593,75.4
11688441592,75.3
11688441591,75.3
11688441590,75.8
11688441589,75.4
11688441588,74.7
11688441587,73.8
11688441586,74.4
11688441585,75.2
11688441584,74.9
7147643986,72.9
11688441582,72.5
3743254592,72.7
11688441581,72.7
676620089,72.6
8710874579,72.0
8743203566,73.5
13266146337,71.5
13266146336,71.5
12786862422,74.4
8740733805,74.5
879369109,54.9
246157785,55.7
246157787,57.0
9532410932,58.2
246157789,59.3
6434652772,60.4
11690435727,60.9
11690576104,91.3
7455559047,91.6
6903819851,91.7
14030296885,91.7
14208218679,87.9
14208218678,88.2
14208218677,88.5
12805014818,94.9
12805014819,94.5
12805014820,94.1
14208218682,93.4
11693464818,93.1
14208218681,92.8
11693464819,92.6
14208218680,92.5
425670309,91.6
14208218632,90.8
428236265,90.6
12805014821,89.9
12805014822,89.3
2629255241,75.4
11693943941,73.8
2629255243,73.9
11647933946,74.3
10543527969,75.1
11694183431,75.9
14156701505,75.8
5975841609,76.9
765313336,77.9
8805733256,77.4
13094703071,95.3
30453171,95.4
12356304880,89.7
6294206689,90.2
11752461565,84.4
11649941314,45.7
11649941315,45.3
11649941316,43.5
11649941318,41.8
11649941319,41.0
11649941320,40.4
11649941321,40.6
11649941322,39.3
11649941323,38.5
11649941324,38.4
11649941325,38.5
11649941326,39.5
11815859741,39.6
11815859740,39.7
11815859739,40.3
11815859738,40.4
11815859737,41.9
11815859736,43.2
11815859735,44.2
11815859734,47.8
1141437467,91.1
1141437456,90.9
1141437473,90.6
1141437468,90.4
1141437461,90.4
1141437479,90.5
11873885873,90.5
11777643369,90.5
1141437462,90.5
1141437447,90.7
1141437470,90.9
1141437459,91.0
1141437454,91.0
4306752954,88.4
4306752948,88.4
4306752955,88.3
2631871789,88.2
4306752958,88.1
4306752963,88.0
2631871790,87.9
4306752959,87.6
4306752967,87.1
4306752956,86.6
14089071471,85.7
4306752966,87.0
4306752957,87.7
4306752965,88.2
4306752960,88.6
2631871788,88.7
4306752950,88.8
2631871787,88.9
4306752968,88.9
4306752952,88.9
4306752964,88.7
4306752953,88.6
4306752969,88.6
14208218609,95.7
12060113222,95.8
5850072932,95.8
11952539373,87.4
11952539388,88.8
8710909428,88.6
11952539389,88.8
11952539372,88.2
11952539391,77.4
11952539394,77.8
11952539385,88.7
11952539383,88.7
11952539382,88.5
11952539395,77.9
11952539390,77.7
11952539392,77.1
11952539393,77.3
6235666693,77.4
1234868068,77.3
1234868176,76.1
2641850697,83.3
5850510735,83.3
971148104,83.3
971148116,83.3
12056336583,82.9
8629626693,82.0
8629647576,81.3
8649304315,82.9
12056336601,82.9
8649304313,83.9
8748461339,84.4
8748461334,84.4
8748461341,84.4
8748461344,84.7
14011067014,86.0
12056336593,82.8
11251311209,86.6
12057403700,83.4
12057403705,85.8
12057403701,86.1
728152743,86.2
12060113188,85.5
2632826041,86.4
12881569252,85.4
1143340281,85.2
10187060810,83.0
12060119845,84.2
13099588822,76.8
13097016021,77.5
13097016022,77.6
13093088283,89.0
13093088284,89.2
13093088251,90.4
347297391,90.4
13093088252,90.6
13093001979,93.4
52919555,93.3
726826004,90.6
6011826625,92.0
13295476707,74.4
13295476709,74.4
13295476708,74.2
1237906134,72.2
10211077758,72.6
14106068375,72.6
9890276216,67.0
12148862523,79.9
12154049581,4.1
12154049583,3.8
12154049584,3.6
12154049585,3.6
12154049586,3.6
244058969,73.1
52923207,73.3
11142096478,73.4
12666145744,77.8
12666145743,78.9
11251379140,90.9
12157982299,86.4
12179699223,90.7
6856285346,93.0
6856285345,93.0
12179699225,90.5
8748535335,29.7
12786862467,29.7
12786862408,35.9
8748535319,35.9
338353940,36.3
8748535318,36.8
12786862407,36.8
13148587348,41.3
338353649,41.6
11402441894,30.0
12786862468,29.2
12786862471,29.2
8748071294,58.9
338361065,56.4
11402441890,48.2
338360656,61.8
13266181126,61.8
12786862416,61.7
13266188879,76.4
12184237817,76.0
12184237819,74.9
12184237818,74.9
11650427955,93.5
11142096473,93.2
11650427954,93.5
12784804773,91.0
12784804774,91.2
12666145768,89.9
11142096474,90.3
8636706793,89.1
8708063457,82.2
971855311,87.2
7855938508,87.2
1095909066,87.1
12186528417,87.1
12356304883,90.0
12881304135,90.0
12356304881,90.0
12356304882,89.8
12805014805,91.1
12383399397,84.4
12383399398,84.4
12887391111,85.2
12887391110,85.1
6779488685,84.7
12383399399,84.1
12383399400,84.0
12884215029,78.9
12397185309,79.1
12397185310,79.1
12397185311,79.1
12397185312,78.9
12397185315,78.8
12397185313,78.8
12884215027,78.8
3075907237,86.0
6457062107,86.2
6457062108,86.1
9484714067,80.1
4784688419,80.3
9484714066,80.3
4784688418,80.2
2940013466,80.0
2940013465,80.1
10086088844,81.7
2947245017,81.3
2947245016,80.7
6304376241,77.3
6304376240,77.3
6304376239,77.2
6304376238,77.1
13025695810,76.7
9532470783,76.5
9532470784,77.4
13025695811,78.1
12505496907,82.0
12505496908,82.8
12505496909,83.3
12505496910,83.5
12505496911,84.1
12505496912,84.3
12505496913,84.4
12505496914,84.4
12505496915,85.1
12508538830,86.6
12508538832,86.9
6232041213,87.2
14208195048,87.7
14208195049,87.8
14208195050,87.9
14208195051,88.0
6232041212,88.0
14208195052,88.1
14208195053,88.1
14005372228,97.0
12806866936,97.0
13285994384,93.4
12805251423,100.2
12805251424,100.3
8816277618,94.5
621511944,94.9
7708055101,95.9
8816277619,96.6
14005372229,97.5
13999181285,80.4
6237376046,73.4
1234868186,73.8
12874111034,78.7
12874111038,79.5
12583741838,80.0
12874111005,80.0
12874111059,80.1
12874111006,80.4
12583741839,80.1
12874111007,82.8
12874111008,82.3
12874111009,81.9
12874111010,81.0
12583741840,81.1
12583741841,81.1
12874111036,78.6
12583741846,79.3
12583741845,79.4
12874111012,79.8
12874111013,80.0
12583741855,80.3
12583741854,80.5
12874111011,80.9
12583741842,80.9
12583741830,77.6
12583741862,79.7
12583741863,79.9
12874111069,79.9
12874111068,79.6
12996765346,75.2
9249600118,76.0
8708065039,79.8
12786862440,81.4
8708064992,81.4
52925034,81.5
8708064991,81.5
12786862439,81.5
8708064948,82.7
8708064949,83.0
12786862443,84.6
8708063497,84.6
8708063496,84.4
12786862444,84.4
12786862445,82.8
8708063456,82.8
12331282092,77.8
428218875,77.7
12622210336,68.2
12622210337,66.4
12622210338,65.1
12622210339,64.0
12622210340,61.8
12622210352,61.8
12622210353,61.7
12622210341,61.7
12622210342,61.5
12622210351,61.4
12622210343,61.4
12622210345,61.2
12622210346,60.9
12622210347,60.7
12622210348,60.5
12622216617,60.4
12622210350,60.2
12622210349,60.1
12622210355,56.5
12622210356,53.6
12622210357,53.6
12622210358,53.5
12622210359,53.4
12622210360,53.3
12622210361,53.3
12622210362,53.4
12622210363,53.4
12622210364,53.5
12622210365,53.6
12622210390,53.0
12622210371,53.1
12622210389,53.1
12622216614,53.3
12622210392,53.1
12622210393,54.8
12622210394,54.9
12622210395,54.9
12622210396,55.2
12622210397,55.4
12622210398,55.7
12622210399,55.5
12622216606,53.2
12622210400,53.3
12622216607,53.3
12622216604,52.7
12622216605,53.1
12622216615,53.2
12622216619,60.1
12622216620,60.1
13921418903,60.3
13921418909,60.4
13921418904,60.5
13921418910,60.4
9088689561,33.5
9532410921,33.9
12674019095,93.8
12674019066,93.8
12674019063,90.5
12674019054,91.5
12674019060,93.2
12674019061,93.4
8990500698,93.3
4484561910,93.6
12674019099,92.5
12674019098,92.2
12674019080,92.9
12674019081,92.5
12674019075,92.3
12674019076,93.0
12674019077,93.5
12674019078,93.6
12674019079,93.7
12674019082,93.8
12674019083,93.9
12674019084,93.9
12674019085,94.1
12674019086,94.4
12674019087,94.4
12674019088,94.6
12674019089,94.7
12674019090,94.8
12674019091,94.8
12674019092,94.9
12674019093,95.0
12674019094,95.0
12674021417,93.7
12674021419,91.6
9339339598,91.8
9339339599,91.6
8588202649,91.0
12674021420,91.7
12674021421,91.9
12774260104,84.9
12774260105,84.1
12776790932,84.0
14097433396,85.2
12776790933,85.2
12776790934,84.0
12776790935,83.9
12776790936,83.9
12776790937,80.0
12776790944,79.4
12922419442,79.4
12922419547,80.7
12776790940,80.3
12776790943,79.7
12776992601,79.5
12776992604,77.3
12776992605,77.4
12776992608,77.5
12922419482,77.7
12922419480,77.8
12776992609,77.8
12776992610,77.2
12776992611,77.2
12776992612,77.7
12776992613,77.5
12776992614,77.4
12776992615,77.2
12776992616,77.2
12776992629,78.1
12776992621,77.9
12776992622,77.5
12776992628,78.1
12776992624,78.2
12776992625,77.0
12776992626,77.0
12776992630,85.8
12776992631,85.8
12776992633,86.8
12776992619,77.9
12776992627,78.4
12060113198,80.4
12786862484,77.4
12786862485,76.9
12786862486,76.7
12801985097,96.6
12802023901,96.5
12801985100,96.5
12802023907,96.5
12801985099,96.8
12801985098,96.8
12802023924,96.5
12802023940,96.6
12802023925,96.5
12802023902,96.8
12802023905,96.7
12802023904,96.8
12802023903,96.7
12802023945,96.5
12802023926,96.5
1034904475,96.7
1034904357,96.5
12802023927,96.5
1034904269,95.7
1034904955,95.8
1034904644,96.0
12802023941,96.2
12802023937,96.8
12802023934,96.3
12802023931,95.9
12802023929,96.4
12802023928,96.1
12802023933,96.6
12802023932,96.5
691132869,91.2
615967563,94.4
11693464822,95.5
11693464817,94.5
14208218633,90.2
12805014828,91.0
730355403,89.4
12805207851,100.4
12805207852,100.4
13680104635,100.6
12805207853,100.2
12805251434,100.2
13804955585,96.6
13285994403,96.5
13804955591,96.6
13522292112,96.6
8691222329,96.4
13522292114,96.4
13522292113,96.5
13522292116,96.3
13522292115,96.3
13522292117,96.2
12805207898,96.1
8691222355,96.1
9029057986,96.2
12805251405,96.3
12805251406,95.6
12805251407,95.8
12805251412,100.5
12805251413,100.5
12805251415,97.9
12805251416,97.8
12805251417,97.9
12805251418,97.6
12805251419,97.6
12805251420,98.6
6290170348,99.7
6290170347,99.7
12805251440,100.4
12805251448,96.0
6580640241,96.2
6580640242,96.3
6580640243,96.8
6580640244,96.9
12805251449,96.5
12806784668,94.6
12806784688,94.5
12806784690,95.1
12806784691,95.8
12806784689,95.8
12806784692,94.5
12806784693,94.5
12805003960,96.5
7708055119,93.7
13285994380,92.2
12807889523,84.5
12948782767,84.5
12807889531,84.3
12807889514,84.0
12807889516,84.0
12807889517,84.6
12807889518,83.9
12807889519,84.1
12807889520,84.4
12807889521,84.5
12807889522,84.6
12807889525,83.8
12807889526,83.9
12807889527,84.4
12807889528,84.3
12807889529,84.2
12807889530,84.2
12807889533,84.3
12807889534,84.3
12807889535,84.1
12837509614,96.0
12837509616,96.2
10996237560,94.6
5295101426,95.8
5295101427,95.9
8990500635,96.0
8990500637,96.0
14208218660,95.6
12837509645,96.0
12837509657,96.5
12837509649,96.5
12837509646,96.5
12837509648,96.5
12837509650,97.2
1034904382,97.2
12837509651,97.1
12837509652,97.1
12860085196,73.3
12860085197,72.7
12860085198,72.8
12860085199,72.9
12860085200,73.2
12860102101,73.5
12860102102,73.4
12860102103,73.7
12860102104,74.1
12860102105,74.4
12860102106,74.7
12860102107,75.1
12860102108,75.3
616029917,101.0
12806866933,100.3
12874111014,80.2
12874111015,80.2
12874111016,80.2
12874111017,80.4
12874111018,80.8
12874111019,79.8
12874111020,79.0
12874111021,79.2
12874111022,79.5
12874111023,79.8
12874111062,79.8
12874111024,80.2
12874111025,80.3
12874111065,80.2
12874111026,80.6
12874111027,80.3
12874111028,80.5
12874111029,79.8
12874111030,79.5
12874111031,79.4
12874111032,79.0
12874111058,78.9
12874111033,78.4
12874111039,77.7
12874111040,77.8
12874111041,77.6
12874111042,77.5
12874111043,77.7
12874111044,77.6
12874111045,77.5
12874111046,76.7
12874111047,77.0
12874111048,77.3
12874111049,78.5
12874111050,78.1
12874111051,78.1
12874111052,78.4
12874111053,78.5
12874111054,78.5
12874111055,78.6
12874111056,78.9
12874111057,79.0
12874111060,79.0
12874111061,79.4
12874111063,79.5
12874111064,80.3
12874111066,79.1
12874111067,79.5
12874111070,79.5
12880398201,81.4
12880398202,81.4
12880398203,81.5
12880398204,81.5
12880398205,81.5
12880398206,81.5
12880398207,81.9
12880398208,86.0
12880398209,86.0
12880398210,86.0
12880398211,85.9
12880398212,85.8
12880398213,85.6
12880398214,85.5
12880398215,85.4
12880398216,85.4
12880398217,84.2
12920219058,84.2
12880398218,83.8
12880398219,83.5
12880426774,77.5
12880426775,77.4
3947511958,88.9
3488070927,86.8
6419638354,86.6
12881569227,86.7
12881569228,86.7
1120799793,91.0
1120800039,90.9
729440560,90.8
14179670245,88.4
12883681779,88.0
12884142375,87.6
879369136,87.5
10211049472,85.7
12884142378,85.8
12884142377,85.8
1034822332,87.1
14208195068,86.9
12884214872,77.2
13999198411,77.3
12884214873,77.4
12884215048,80.6
13999181284,80.7
12884214875,80.6
12884214911,86.0
12884214910,85.7
14208195062,87.2
14208195063,87.0
10086088839,84.3
10086088838,84.1
10086088836,84.0
10086088835,83.9
10086088834,83.8
10086088833,83.5
10086088832,83.5
10086088831,83.4
10086088830,83.2
12884214968,83.9
12884214969,84.0
12884214970,84.1
12884214971,84.2
12884214972,84.5
13999184228,84.5
12884214973,84.6
12884214974,84.5
12884214975,84.5
12884215012,80.0
12884215013,79.5
12884215014,78.7
12884215015,78.6
12884215016,78.6
14019619166,78.7
12884215017,78.7
12884215018,78.9
12884215019,79.0
12884215020,79.1
14047430889,87.1
14047430890,87.2
14047430891,87.1
14047430892,86.9
12884214922,81.5
12884215067,81.5
12884215030,81.5
12884215032,80.6
12884215033,80.4
12884215034,80.3
12884215035,80.2
12884215038,81.5
12884215066,81.6
12884215039,81.6
12884215041,82.7
12884215042,83.0
12884215043,83.0
12884215044,82.9
12884215046,82.6
12884215047,82.4
12884215053,81.8
12884215056,81.4
12884215058,81.5
12884215060,81.5
12884215061,78.3
12884215062,78.1
12884215064,79.9
12884215065,81.5
12887383845,78.4
12887383844,78.3
12887383858,78.1
12887383859,78.0
12887383860,78.3
12887383861,78.5
12887383862,79.3
12887383863,79.8
12887383864,80.4
12887383866,83.1
12887383867,83.2
12887383868,83.3
12887383869,83.4
6779488686,83.4
12887383870,83.4
10200939753,83.4
12887383846,78.5
12887383847,78.6
12887383848,78.7
12887383849,79.2
12887383850,79.4
12887383852,78.7
12887383853,78.7
12887383854,78.7
12887383855,78.4
12882380492,83.3
12922419523,83.4
12887383872,83.4
12887383873,83.5
12887383874,83.7
12887383875,83.6
12887383876,83.1
12887383877,83.0
12882380482,82.9
6377215038,80.8
26046281,95.2
12887391121,79.3
12887391178,93.6
12887391220,92.3
14208195097,92.6
10309852522,92.7
6779488688,93.4
12887391261,84.5
9196948927,73.3
10187060930,73.7
6373214025,74.9
12887768674,79.7
12887768683,79.5
12887768680,79.4
12887768684,79.4
12887768681,79.5
12887768685,79.5
12887768682,79.6
12887768686,79.6
8851581994,79.4
7278855502,88.5
14185862875,88.4
14185865348,88.4
12891953204,88.5
12891953111,88.7
12891953116,86.4
14204807987,86.6
13535483912,87.0
12891953117,87.2
12891953124,89.5
1124349829,94.1
1124349781,93.3
730355398,92.7
8355044939,93.2
971430740,93.4
971430721,93.8
12895360790,92.0
12895360797,92.0
8990552589,92.0
8990552590,91.9
8990552591,92.0
8990552592,91.9
8990552593,91.8
12895360791,87.7
12895360792,89.1
12895360793,89.5
12895360794,89.4
12895389928,89.1
12895360796,88.8
12895360799,87.3
12895389921,80.8
12895389922,81.7
12913615586,101.1
12913615588,96.3
12913615585,96.5
12913618708,97.0
12913618706,97.0
12918629071,99.7
12918629072,99.6
12918629073,99.4
12918629074,99.2
12918629075,99.2
12918629076,99.2
12918629077,98.7
12918629078,98.3
12918629079,98.3
12918629080,98.5
12918629081,98.2
12918629082,98.1
12918629083,98.7
12918629084,98.5
482786157,44.7
482786158,44.6
12920194451,99.7
12920194448,100.0
12920194444,101.2
12805251613,101.4
482786160,46.0
482786161,47.1
14065084912,48.0
482786162,48.0
482786163,48.8
14065084911,49.4
14065084910,49.4
14065084909,49.9
3743254198,50.3
14065084908,50.3
14065084907,50.0
14065084906,50.2
482786164,50.4
3743254199,50.6
482786165,50.6
482786166,50.4
482786168,50.9
12920497037,100.9
12972801768,85.3
12920219046,85.7
12972801770,85.9
12972801771,86.5
12920219060,84.2
12920219059,82.2
12920219061,84.6
12920219062,85.2
12920219063,85.5
12920497041,100.5
1123073053,100.0
12920624551,101.9
12920497049,102.0
12920497042,101.8
12920497040,101.8
12920497044,101.1
12920497045,100.5
12920624554,98.0
12920624557,98.0
12920624552,101.4
12920624575,99.1
12920624573,99.1
12920624568,99.7
5295101431,88.9
12922400238,88.6
2622700008,78.4
12922419440,78.5
12922419441,78.5
14097505405,79.4
12922419542,79.9
13050735291,79.8
13050735296,79.6
13050735294,79.8
13050735295,80.1
10184820110,78.0
10184820111,77.8
10184820112,77.9
10184820114,77.8
10184820115,80.6
10184820116,80.5
12922419513,81.4
12922419514,81.6
12922419516,83.2
12922419518,83.8
12922419502,83.9
12922419519,83.9
12922419520,83.9
12922419521,83.4
12922419522,83.4
10200939756,83.8
12922419524,83.0
12922419533,85.1
12922419530,85.1
12922419534,85.1
6794450880,84.5
6794450881,84.8
6794450882,84.8
12922419541,84.8
6794450883,85.0
14097433394,83.8
13050745620,85.5
14005372227,98.3
12926617127,3.9
12936465980,55.4
12936465979,49.4
12943388021,88.4
12943388022,88.4
12943388023,88.4
12943388024,88.4
743060720,95.1
3492713139,96.2
3492713138,96.4
3492713141,96.7
12944779773,96.2
6796333397,95.8
6796333396,95.1
729440546,95.5
13471558673,95.8
12944765943,90.9
12952498090,95.2
12952498089,94.8
12060113196,80.6
26046241,82.6
626087033,85.2
626087045,89.9
626087036,88.8
730355389,77.0
691132874,78.5
12996765328,78.7
12996765336,73.0
12996765330,73.1
5924621692,73.2
12996765341,78.2
5924621694,73.4
12996765331,73.4
12996765347,75.6
5924621642,75.5
5924621645,75.3
8657427978,75.6
8657427981,75.7
8657427982,75.8
8657427980,76.4
8657427986,77.1
12996765318,77.8
8657427961,77.9
8708065034,75.9
8708065033,75.6
691132866,78.4
691132867,91.7
691132868,90.8
13003531468,77.3
13003531467,77.4
13003531470,77.5
13003531471,77.3
13003531472,77.2
13003531473,77.1
8669234931,77.5
8669234930,85.7
8669234924,77.3
8669233482,86.1
13003531485,86.2
13003531482,78.6
13003531481,78.6
13003531477,78.5
13003531479,78.5
13003531487,86.0
13003531483,86.3
13003531486,85.8
13003531489,85.5
8669234940,83.4
13003531492,83.3
13003531497,83.2
8669233490,89.3
13003531493,83.3
13003531491,83.4
13003531496,83.1
14088697889,80.5
14088697894,81.1
14088697896,82.4
14088697882,82.9
14088697898,83.5
14088697900,84.1
12922419511,81.1
13050745603,81.1
13050745604,81.4
13050745605,81.7
13050745606,81.9
13050745607,81.9
13050745608,82.1
13050745609,82.3
8807416980,77.5
10187060756,80.0
13050745636,79.2
13050745637,80.6
13050745638,80.8
13050745639,81.2
13050745640,82.8
13050745642,82.9
13050745643,83.4
13050745644,83.5
13050745651,83.6
13050745655,84.6
13050745645,85.4
13050745646,86.3
13050745648,86.8
13050745653,83.5
971927960,84.4
13050745661,85.2
13070259045,53.2
13070259042,53.1
13070259043,53.1
13070259044,53.5
13093001976,93.6
13093001978,93.7
13093001971,93.3
13093001977,93.4
13093001983,92.3
13093001984,91.3
5924621734,90.6
13093088247,90.8
13093088242,91.0
13093088246,91.1
13093088244,90.5
13093088243,90.7
13093088245,90.2
5924621738,90.4
13093088279,89.1
5924621732,89.2
13093088278,88.9
13093088277,89.0
13093088273,88.7
13093088274,89.0
13093088275,89.0
13093088276,88.7
13093088285,77.3
8600558118,77.2
5924621703,77.2
13093088288,77.2
3075803699,88.1
3478231662,88.0
13097016019,77.5
5924621710,77.6
13097016017,78.0
13097016018,77.8
13097016026,73.3
13097016031,73.3
13097016030,73.2
13097016025,73.1
13097016028,73.0
13097016029,73.1
13097016032,73.0
13099588812,76.8
5924621676,76.8
5924621664,76.6
13099588809,76.7
13099588810,77.1
13099588811,76.8
13099588820,76.9
13099588813,76.5
13099588821,76.6
5924621662,76.7
13113331937,75.4
11142096481,77.5
13266188878,76.4
10187773571,76.1
10187770027,74.5
8708065002,74.0
13113331934,75.2
13113331933,75.1
13113331931,75.6
13113331932,75.3
11142096480,77.7
13305571949,23.8
13132245896,23.0
13132245899,26.7
13132245900,26.1
13132266007,30.2
13132266004,30.2
13132266019,32.6
13132266024,37.3
13132266030,41.9
13132266029,42.7
13146699628,80.3
13146699629,80.4
13146699630,80.5
13146699631,80.6
13146699632,80.6
13146699633,80.5
13186894405,84.0
13186894429,85.4
13186894430,84.9
13186894431,84.9
13186894432,84.3
13186894433,84.8
13186894434,84.3
13186894436,90.2
3743254579,67.6
14065063800,70.4
13260151790,75.4
13260151792,75.8
13260151793,75.8
13260151794,75.7
13260151795,75.7
13260151796,75.6
13260151797,75.5
13260151798,75.4
13260151799,75.3
13260151800,75.2
13260178949,75.1
13260178901,74.7
13260178902,73.7
13260178903,73.4
13260178904,73.3
13260178905,72.9
13260178907,72.3
13260178908,72.2
13260178911,71.9
13260178910,72.1
13260178960,75.4
13260178961,75.4
13260178962,75.4
13260178963,74.3
13260178964,74.4
13260178965,74.2
13260178966,74.1
13260178967,74.0
13260178968,73.9
13260178969,73.6
13260178985,73.1
13260178970,73.0
13260178991,73.0
13260178971,72.9
13260178992,72.8
13260178972,72.8
13260178973,72.4
13260178974,72.4
13260178975,72.4
13260178976,72.3
13260178977,72.3
13260178978,72.2
13260178979,72.1
13260178980,72.1
13260178981,72.1
13260178982,72.0
13260178983,71.9
13260178986,73.0
13260178987,73.1
13260178988,73.1
13260178989,72.9
13260178990,73.4
13260178993,74.6
13260178994,74.7
13260178995,74.6
5516099609,73.4
13263217507,78.5
13263217513,78.2
13263217512,78.7
13263217515,80.7
8710874565,80.8
13263217517,80.7
13263217524,80.2
13263217521,80.1
13263217526,47.7
8748071304,54.9
13263217530,61.8
13263217542,77.8
13263217546,77.8
13263217543,78.2
13263217547,78.1
13263217540,77.8
13263217541,78.3
13266146328,71.5
8743203538,71.6
13266146335,71.5
13266146334,71.5
13266146333,71.4
13266146332,71.5
13266146331,71.6
13266146330,71.6
13266146329,71.7
13266146343,76.3
13266146345,76.5
13266146342,75.5
13266146344,75.7
13266146348,83.9
13266146349,83.0
13266146351,84.1
13266146350,82.8
12786862480,74.2
8708064990,81.3
8708064989,81.5
8708064984,79.7
13266147360,79.7
14106068374,72.1
14106068373,72.1
14204807960,72.8
10028555514,68.1
13285969551,80.4
13285969553,81.1
13285969554,81.3
13285969555,81.3
13285969556,81.4
8805786538,83.4
8805786537,84.5
8805786536,85.7
8805786535,86.7
8805786534,86.8
8805786533,87.2
8805786532,88.0
8809792154,89.9
8809792155,90.6
8805786539,81.3
4339326992,81.4
13285969560,81.3
13285969562,81.0
13285969573,76.2
13285969575,74.2
6390179558,73.9
10612848156,74.0
4339342996,74.1
6390179555,74.2
6390179554,74.3
6390179553,74.3
6390179552,74.1
13285969572,75.8
6390179562,75.9
6390179561,75.0
6390179560,74.4
11051408208,66.7
11051408207,65.6
11051408206,65.1
11051408205,63.9
11051376904,63.7
8805786543,81.7
8805786542,81.7
8805786541,81.5
8805786540,81.7
6575367930,81.7
6328181127,93.3
13285994356,94.0
729440572,91.0
13285994372,91.1
13285994371,91.1
13285994378,91.4
6796333361,91.4
6796333362,91.0
6796333363,90.3
6796333364,90.1
6796333365,90.2
6796333366,90.2
6796333368,90.4
6796333369,90.0
13285994382,91.8
13285994381,92.0
743060733,95.1
13285994394,90.1
6796333370,90.6
13294396575,79.3
13294396576,79.4
13295476710,74.1
13295476711,74.3
13356171691,3.7
8748099575,64.9
13382567716,58.5
8748071299,58.4
13382539779,30.0
8748535342,30.1
8748535323,36.2
13382539787,38.3
13382539786,38.0
13382539788,38.5
13382561350,47.2
8748319075,47.2
8748319079,38.6
13382539799,45.0
13382539793,44.8
13382539795,44.3
13382539796,44.5
13382539798,44.9
13382561356,55.4
8748319094,55.5
8748319088,45.2
13382567704,50.2
13382567705,50.6
13382567710,54.5
13382567709,55.2
8748071298,59.1
13382567713,60.0
13382567711,59.2
13382567715,58.5
13382567717,58.9
8748071305,60.0
8748071308,62.1
13382567720,63.4
13382567719,63.9
13382567722,64.7
13382567723,64.8
13382567724,64.9
13382567726,64.9
13382567727,64.8
8748099573,64.9
8748099561,67.7
13382567731,65.8
13382567730,65.9
13382567735,66.9
13382567734,66.8
13382567739,66.8
13382567738,66.9
13382567742,67.9
13382567741,68.0
8746934333,75.8
8746934317,73.2
13382567749,73.1
13382567744,71.2
13382567751,73.4
13382567750,73.2
8746934326,75.4
13382567756,74.6
13382567757,74.7
13382567759,75.3
13382567760,75.5
8743203551,77.3
13382567762,76.3
13382567763,76.5
13382567768,77.3
13382567770,78.1
13382567773,76.5
13382567772,76.3
13382567776,73.4
13382567775,73.5
13987031958,74.8
8710874566,73.8
13382567780,72.2
13382567794,73.5
13382567790,73.9
13382567793,73.6
13382567807,83.1
13382567800,82.8
13382567803,82.0
13382567804,82.3
13382567805,82.6
13382567806,83.0
8708063465,73.7
8708063466,82.5
8708063470,83.4
13382567809,84.4
13382567808,84.4
13382567810,83.7
13382567811,83.8
13382567814,84.6
13382567818,84.7
13382567816,84.7
8708063503,84.7
8708063502,74.3
13382567834,82.9
8708064953,82.9
13382567823,84.3
13382567824,84.4
13382567826,84.5
13382567825,84.3
13382567835,82.9
13382567829,82.7
13382567831,82.7
13382567830,83.0
13382567832,83.0
13382567848,81.7
8708064994,81.8
8708064961,83.0
13382567837,81.9
13382567838,81.8
13382567840,82.0
13382567839,82.0
13382567842,81.3
13382567843,81.3
13382567844,81.3
13382567845,81.6
13382567846,81.6
13382567847,81.6
8708065005,81.5
8708064998,79.6
8708064996,81.6
13382567850,81.0
13382567851,80.9
13382567853,81.2
13382567852,81.0
13382567857,79.9
13382567860,79.7
13382567864,83.3
8708063515,80.4
13382567866,83.5
8805692445,69.3
6434652733,69.0
10538632627,99.0
8691222330,96.3
14204826323,86.7
13544957531,85.2
13544957529,85.1
6636558447,90.5
6636558448,90.5
14057506755,90.6
6636558449,90.6
14057506756,90.7
14057506749,90.7
3743254147,69.2
3743254148,69.0
317504224,69.3
3743254149,69.3
11554592966,69.6
3743254151,70.2
3743254152,70.3
783668063,71.5
3743254153,71.4
317504225,71.1
11512387725,71.2
3743254154,71.3
11512387726,71.1
3743254155,70.8
317504226,70.5
3743254156,69.9
317504227,68.1
317504228,67.2
3743253806,67.3
317504231,67.5
3743253807,68.0
3743253808,68.2
11512387723,68.1
13186888118,68.2
317504232,67.8
11512387724,67.2
13687441361,67.1
13654061223,66.8
13654251445,3.2
13654251446,2.4
13654251447,2.4
13654251448,2.7
13654251449,2.8
13654251450,3.4
13654251451,4.5
13654251452,3.1
13654251453,2.8
13654251454,2.5
13654251455,2.4
13654251456,2.4
13654251457,3.4
13654251458,4.0
13654251459,4.1
13654251460,3.6
13654251461,2.5
13654251462,5.5
13654251463,5.5
13654251464,5.9
13654251465,4.2
13654251466,4.2
13654251467,3.6
13654251468,3.1
13654251469,3.9
13654251470,3.5
13654251471,2.8
13654251472,2.5
13654251473,3.5
13654251474,5.8
13654251475,6.9
13654251476,10.5
13654251477,12.0
13654251478,9.1
13654251479,10.6
13654251480,11.8
13654251481,13.9
13654251482,14.7
13654251483,15.3
13654251484,15.1
13654251485,14.5
13654251486,10.2
13654251487,9.0
13654251488,7.4
13654251489,6.7
13654251490,8.8
13654251491,10.7
13654251492,12.6
13654251493,11.6
13654251494,8.4
13654251495,5.9
13654251496,6.1
13654251497,8.1
13654251498,9.0
13654251499,5.0
13654251500,6.8
13654251501,7.6
13654251502,9.9
13654251503,4.7
13654251504,5.3
13654251505,6.9
13654251506,6.4
13654251507,6.8
13654251508,6.2
13654251509,5.9
13654251510,6.1
13654251511,4.8
13654251512,8.6
13654251513,7.0
13654251514,5.4
13654251515,3.1
13654251516,3.4
13654251517,3.4
13654251518,3.1
13654251519,2.3
13654251441,2.3
13659604276,74.4
13659604278,73.3
13659604279,73.8
13659604280,73.6
13659604282,73.5
13659604297,70.9
10028555515,69.2
13659604299,69.8
13659660001,73.2
13659660002,73.4
13659660007,73.2
13659660008,75.4
6814475803,77.8
766968842,77.3
677177301,77.0
13648850207,79.5
307349164,79.6
13648850205,79.4
13648850208,79.7
13648850206,79.3
13676535491,93.6
1124349785,94.0
13676603392,92.5
13676603393,92.9
13676603391,92.0
13676603397,92.5
13676603394,92.9
13687188886,3.8
13687188887,4.0
13687188895,3.9
13687188888,3.9
13687188889,3.8
13687253702,3.9
13687188897,3.9
13687188898,3.9
13687188899,3.9
13687188900,3.9
13687253701,3.9
317504295,97.3
5174204253,96.9
13687419943,91.4
13687441385,47.2
11512387746,47.2
11512387747,47.1
482786103,47.0
482786106,47.2
11512387745,47.0
11512387744,46.8
11512387743,46.0
482786112,45.7
11512387742,45.8
482786114,45.3
11512387741,45.2
11512387740,45.1
11512387739,44.8
13687441402,44.6
13687441401,44.6
482786118,44.5
482786122,44.4
13687441386,44.3
317125486,69.4
13250504340,69.7
336895496,69.6
336895500,68.9
13250504339,68.9
336895505,68.4
3743253796,67.7
336895510,67.5
3743253797,67.1
3743253798,66.6
3743253799,65.1
3743253800,63.9
336895514,62.7
3743253801,61.9
336895518,61.3
3743253802,60.3
3743253803,59.4
336895525,57.8
3743253804,56.4
3743253805,55.5
11554592967,55.2
11554592968,55.0
336895528,54.7
13250504355,53.7
13687441297,53.3
13687441376,53.7
482786053,53.6
482786056,53.5
13198544552,53.8
482786058,53.2
13198544553,53.1
482786061,53.0
13198544555,52.8
13198544554,52.8
13687441377,52.4
13687441373,54.2
13198544551,54.1
13687441374,54.2
13198544550,54.1
13687441375,53.8
13687441378,52.0
482786071,51.4
13198544556,51.4
13198544557,50.9
13198544558,50.7
482786076,50.5
13687441382,50.3
13687441383,50.2
482786080,50.1
13198544559,50.1
13198544560,50.0
482786084,49.2
482786086,48.7
13687441384,48.3
482786091,47.8
482786097,47.6
482786100,47.3
482786137,43.4
13687441399,43.2
13687441398,43.2
482786138,43.3
13687441396,43.1
13687441397,42.7
482786139,42.7
13687441389,43.3
482786132,44.0
13687441387,43.6
482786135,43.5
13687441400,43.4
482786125,43.7
13687441423,33.4
13687441424,33.3
13687441425,33.3
13687441426,33.3
3190360576,33.4
676620224,62.5
13025695809,61.7
318783196,61.7
317504630,60.4
320728209,59.8
318782936,59.7
1111144460,59.6
3743253964,59.6
318782937,59.5
3743253966,60.0
318782939,60.1
318782940,60.6
318782941,60.1
13687441540,59.4
318782943,57.2
318782944,56.5
317504707,56.0
13737032620,100.1
13737032621,100.2
13737032622,100.4
13737032624,100.2
13737032623,100.3
13737032631,100.2
13737032632,101.0
13737032625,99.9
13737032626,99.4
13737032627,99.1
13737032628,98.9
13737032633,99.8
14003750760,90.1
13741057237,90.1
14077890678,89.6
13741057238,89.7
1260309702,91.9
13755654866,92.0
13804955590,96.6
13804955584,96.6
13804955586,96.5
13804955587,96.5
13804955589,96.7
13804955588,96.4
13804955594,99.9
13804955593,99.8
13804965006,96.6
13804955598,96.1
13804955597,96.2
13804955596,96.2
13804955595,96.2
13804955599,96.2
13804965004,96.3
13804955600,96.4
13804965002,96.2
13804965003,96.2
13804965005,95.9
13804965018,97.3
13804965017,96.5
13804965016,96.1
13986331571,75.0
13986331572,73.6
13986331573,72.9
13986331575,73.9
13986331576,73.9
13986331577,74.2
13986331578,73.6
13986331579,73.9
13986331580,73.7
10647513671,90.5
13999184229,84.2
13999184230,84.2
13999181282,80.3
13999181283,80.5
13999198409,76.9
13999198410,77.1
13999198412,77.1
13999198413,77.1
13999198414,77.0
13999198415,76.8
8805733228,67.0
14003800791,90.5
14005359573,91.8
14005359574,91.9
14005359575,91.2
14005359576,91.0
14005359577,90.4
7054138965,85.9
14019619164,78.4
14019619165,78.6
14019619168,79.1
14019619169,79.3
14019642452,74.5
14019642451,74.1
14028439112,78.2
14028439115,78.1
14028439111,77.9
14028439110,77.9
14028439109,77.8
14028439108,77.8
14028439107,77.9
14028439106,77.9
14028479114,77.9
14028479115,77.9
14028479116,77.9
14028479117,76.0
14028479143,75.2
14028479134,75.1
14028479118,74.9
14028479124,75.0
14028479137,75.1
14028479125,75.2
14028479126,75.3
14028479127,75.6
14028479128,76.6
14028479129,77.1
14028479130,77.5
14028479131,77.9
14028479135,75.0
14028479136,75.1
14028479120,74.5
14028479121,74.6
14028479123,74.6
14028479122,74.7
14028479119,74.5
14028479139,74.6
14028486005,72.7
14028486006,73.3
14028486007,74.6
14028486009,74.6
14028486008,74.6
14028486012,73.6
14028486013,74.3
14028486010,74.5
14028486011,74.5
14028492408,61.6
14028492409,61.7
14028492410,61.7
14030296883,91.6
14030296884,91.7
14030749851,84.6
6391530822,85.2
14030758235,85.4
14030758237,85.5
14030758236,85.5
12884214991,85.7
14030791069,80.9
14030791070,81.0
14030791071,81.1
14030791072,81.0
14030791073,80.7
14030791074,80.7
14030791075,80.6
14030791076,81.7
6232041268,87.5
14047430893,87.1
14047430894,87.2
783668152,88.0
6232041244,88.0
6232041245,87.9
6232041246,87.9
783668134,87.8
783668120,87.6
6232041241,87.5
6232041243,87.5
6232041240,87.5
6232041242,87.5
6232041239,87.5
783668076,87.6
6232041238,87.5
783668058,87.4
783668042,87.4
6232041237,87.3
783668026,87.3
783668092,87.2
6232041235,87.2
783668078,87.2
6232041234,87.1
783668059,87.0
6232041233,87.0
6232041232,87.0
783668044,86.9
783668153,86.6
783668135,86.5
6232041231,86.3
783668121,86.3
6232041229,86.0
6232041230,86.0
783668108,86.0
6232041228,85.8
783668094,85.6
6232041227,85.5
783668079,85.4
6232041225,85.3
783668028,85.4
783668014,85.2
6232041226,85.2
783668156,85.0
783668136,85.2
6232041223,85.2
783668141,85.2
6232041224,85.2
6232041222,85.1
783668109,85.1
6232041221,85.2
783668060,85.2
6232041220,85.1
6232041219,85.1
783668045,85.0
6232041218,84.8
6232041217,84.8
6232041216,84.7
6232041215,84.7
783668030,84.8
6232041214,84.7
783668016,84.6
14055558753,59.0
14055558755,60.0
14055558756,61.5
14055558757,62.0
14055558758,62.9
14057506740,90.7
14057506747,90.8
14057506741,90.9
14057506744,90.2
14057506746,90.6
14057506745,90.8
14057506758,90.9
14057506761,90.8
14057506752,90.6
14057506751,90.7
14057506753,90.7
14057506757,90.7
14057506754,90.8
14057506763,90.8
14057506764,86.3
14057506768,85.7
14057506770,85.9
14057506765,86.0
14057506766,85.6
14057506769,86.0
14057506767,85.7
14057506771,86.5
14057506778,86.4
14057506779,86.6
14057506775,85.4
14057506776,83.1
14057506777,82.8
11646067777,4.0
1315815937,4.1
660057055,4.2
7907560742,4.2
7907560743,4.2
13356234410,3.7
1315815891,4.6
13356234412,4.2
783668009,87.6
6232041267,87.7
14077890646,87.4
1062435244,87.2
14077890651,88.0
14077890648,87.0
14077920964,86.8
14077920961,86.8
14077920963,86.9
14077920962,86.9
14077890649,88.4
14077890650,88.1
14077890652,87.6
14077890653,87.2
14077890654,86.8
14077890655,86.8
14077890656,86.9
14077890657,86.9
14077890658,86.9
14077890659,86.9
14077890660,86.9
14077890661,86.9
14077890669,88.1
14077901804,88.6
14179670246,88.5
14179670244,88.4
14077890662,88.5
14077890663,88.5
14077890664,88.4
14077890665,88.3
14077890666,88.3
14077890667,88.3
14077890668,88.1
14077890671,87.9
14077901812,87.8
14077890670,87.8
14077920960,87.5
14077890673,87.0
14077890675,87.0
14077890674,87.5
14077890677,87.8
14077901823,87.8
14077890679,89.5
14077890687,89.0
14077890686,89.0
14077890682,89.2
14077890680,87.6
14077890688,88.4
14077890683,88.6
14077890684,88.7
14077890681,88.9
14077890685,88.8
14077890689,90.5
14077901803,88.6
14077901805,88.6
5850073006,87.1
14077901806,87.7
1062435381,88.3
14077901807,88.7
14077901809,87.1
14077901811,87.2
14077901820,87.3
14077890676,87.1
14077901824,87.9
14077901825,88.5
14077901822,88.1
14077901821,88.5
14077928613,88.3
14077928610,87.4
14077928611,87.2
14077928618,90.8
14077928617,90.9
14077928619,90.8
14077928620,90.5
14077928621,90.1
14077928624,91.1
14081189123,88.5
14081189126,88.5
14081189125,88.5
14081189129,88.5
14081189127,88.6
12887768692,80.9
8851581995,79.4
8851581996,79.2
8851581997,78.2
10184841839,85.5
10184841831,83.5
10184841832,83.7
10184841833,84.4
10184841834,84.5
10184841840,84.6
14088697870,85.2
14088697872,85.4
14088697871,85.4
1149427664,85.4
14204807999,85.0
6794450884,85.3
14088697875,85.1
14088697877,85.2
14088697876,85.3
14088697893,80.9
14097505409,81.4
14088697897,82.3
14088697887,83.0
14088697880,84.9
14088737704,85.2
14088697881,84.6
14088697884,83.5
14088697886,83.0
14088697885,83.2
14088697888,83.5
14088697899,83.8
14097433387,84.3
14088697890,80.1
14088697878,79.7
14088697879,79.7
13260446853,79.7
14088697891,80.5
14088697892,80.3
14097433391,84.4
14088737705,85.4
14088737706,85.3
14173850944,85.6
14088737709,87.4
14088737708,89.7
13469607163,75.5
317126438,75.3
13469607165,75.4
724834763,73.5
724834643,73.5
14089071546,73.9
724834743,74.2
724834708,75.0
724834591,75.0
14089071536,74.4
14089071537,74.8
14089071538,75.1
14089071540,73.7
14089071541,73.5
14089071542,73.4
14089071543,73.3
14089071544,73.0
13469028441,36.0
479571676,36.4
13025695816,36.1
479571679,35.7
479571681,34.2
14089071617,24.6
14089071616,25.0
14089071650,4.2
14089071695,13.5
14089071707,17.1
14089071711,17.0
14089071710,17.9
14089071709,19.0
14089071708,19.2
14089071713,19.6
14089071714,19.8
14089071715,20.0
14089071716,20.6
14089071717,19.6
14089071718,16.0
14089071719,21.9
14089071720,22.0
14089071814,4.0
14089215456,82.7
6359483193,82.9
6359483192,83.0
6359483197,82.6
6359483196,82.7
6359483195,82.8
14092968686,79.8
14092968684,80.7
14092968683,80.7
14092968685,80.6
14092968687,80.3
14093555124,91.0
14093555125,90.9
14093555126,90.6
14093555127,90.6
14093555129,88.6
14093555130,88.8
14093555137,88.5
14093555131,88.6
14093555132,88.6
14093555135,88.7
14093555133,89.1
14093555134,89.3
14093555136,88.6
14093555143,88.7
14093555142,86.9
14093555139,88.2
14093555140,87.8
14093555141,87.1
14093555144,89.9
14093555147,92.5
14093555146,91.9
14093555149,92.4
14093555148,92.0
14093555151,91.9
14093555152,92.4
14097433380,82.5
14097433379,82.3
14097433381,82.9
14097433382,83.1
14097433385,85.0
14097433386,85.1
14097433388,84.2
14097433389,84.0
14097433392,83.6
14097433393,83.7
14097505407,80.6
14097505406,80.7
13050735275,85.4
14156557597,75.1
14156557598,75.2
14156557599,75.2
14156557600,75.2
14156701501,75.4
14156701502,75.5
14156701503,75.5
14156701504,75.6
620044868,80.5
14173850906,87.6
14173850932,87.7
14173850942,88.7
14173850911,88.1
14173850938,89.4
14173850946,89.2
14173850943,86.5
14173850924,86.4
14173829476,88.9
14173829467,89.2
14173829478,85.5
14173850922,88.1
14173850941,86.8
14173829456,87.6
14173829495,87.6
14173850947,85.9
14173850902,86.8
14173829459,86.0
14173829465,86.4
14173829486,87.7
14173850950,85.5
14173829489,86.0
14173850908,87.6
14179666166,84.9
14204826357,84.9
14179666167,85.2
14179666162,85.0
14179666165,84.9
14179666164,85.1
14179670101,84.2
14179670109,85.4
14179670107,85.5
14179670106,85.6
14179670105,85.5
14179670344,85.5
14204826347,85.7
14179670114,85.6
14179670113,85.5
14179670133,86.5
14179670132,86.4
14179670116,86.0
14179670117,86.2
14179670119,86.1
14179670120,86.3
14179670122,86.4
14179670131,86.4
14179670130,86.4
14179670129,86.5
14179670128,86.7
14179670127,86.7
10990485981,86.4
14179670196,86.4
14179670195,86.3
14179670192,86.4
12922400267,86.4
14204807967,87.5
14179670387,85.8
14179670337,85.9
14192021648,85.9
14192025806,86.0
14192021692,86.0
14192025809,86.0
14179670316,86.0
14207217385,86.1
14204826385,87.0
14204826348,86.7
14204826351,85.8
14179670375,85.9
14179670360,85.6
14179670374,85.5
5771946176,87.4
14179670334,87.5
14179670338,87.5
14179670313,87.4
14204826386,87.3
14179670390,87.3
14179670339,87.5
14204826362,87.5
3947251483,87.5
14185865376,87.5
14185865383,87.5
5771946175,87.6
14179670349,87.5
14179670320,87.5
14179670307,87.3
14179670357,87.1
14179670373,86.9
14179670317,86.7
14179670359,86.6
14179670333,86.4
14179670379,86.3
14179670309,86.0
14180674312,75.8
14180674313,75.9
14180674314,75.9
14180674318,76.2
14180674317,76.5
14180674316,77.8
7455212706,86.4
7455212712,86.4
7455212707,86.4
7455212711,86.4
7455212708,86.0
14185865507,86.6
7855894007,87.2
14185865482,86.8
14185862808,86.7
14185862865,86.6
14185865456,86.6
6327754954,86.5
14192021682,86.6
14192021687,86.6
6327754957,86.6
14192021689,86.6
14192021664,86.6
5771946166,86.6
14057506738,90.5
14185865438,86.6
14185865332,86.6
14185865330,86.6
7855938493,86.6
14192021695,86.5
14185865439,86.6
3488071200,86.8
14185865419,86.7
14185862828,87.7
14185865481,87.6
14185862857,87.4
14185865518,87.3
14185865301,86.6
14185865360,87.2
14185865491,87.3
14185865392,87.4
14185865487,86.4
14185865429,86.4
14185865310,87.4
7278855509,88.5
14185862883,88.5
7278855512,88.6
14185865446,88.4
7278855511,88.4
14185862858,88.3
7278855503,88.3
14185865471,88.4
7855921284,86.3
14185865394,86.6
14185865319,87.1
14185862845,87.2
7455212703,86.6
14192021698,86.6
14185865440,86.5
7455212705,86.5
14185865366,86.5
14185865451,86.5
14185865391,86.4
14185865340,86.3
14185865500,86.4
14185865313,86.4
14179670125,86.0
14192021683,86.2
14192021654,86.5
14192021670,84.6
14192025808,84.6
14192021661,85.1
14192021688,85.9
14192025803,86.0
14192025804,85.5
14192021677,85.1
14192025812,86.5
14192021663,84.3
14192021653,86.1
14192021649,86.5
14192021652,86.5
14192025807,86.4
14204807951,87.0
299852848,87.8
12884214926,79.7
1233278066,79.8
1233278116,79.7
1233278101,79.7
1233278070,79.7
1233278075,79.6
1233278059,79.5
1233278111,79.6
6232057541,79.3
1231226293,79.4
783668043,80.0
1233174530,79.6
6232057493,79.4
14204807993,88.9
14204807982,89.0
14204807966,89.1
766968880,90.6
5953000937,90.1
5563248228,89.1
14204807981,89.2
14204826307,89.2
14204826363,89.3
14204826321,89.1
14204807972,88.2
14204826360,89.3
14204807958,86.6
14204826371,86.6
13050745623,85.3
13050745622,85.2
13544957519,85.2
582292719,85.3
14204807959,86.6
14204826340,84.1
971487843,84.3
14204826306,86.7
14204807990,86.7
14204826331,86.8
14204826318,86.6
13544957517,88.8
709178782,89.5
14204826344,90.6
384143754,91.0
6794432446,91.4
14204826302,93.2
14204826388,86.9
14204826329,86.8
3488070906,86.0
3488070904,86.0
3488069392,85.8
14204826381,87.1
13544957524,87.6
14204807975,88.1
5563248227,89.1
14204826335,83.7
971128733,84.9
14204826346,89.0
14204826378,88.1
14209454357,88.1
14204807996,87.4
14204826337,88.6
14204826354,86.6
14204826343,86.7
14204807976,86.6
14207217312,77.3
14207217319,93.6
14207217318,93.6
14207217323,93.4
1124349761,93.5
14207217336,90.7
14207217335,90.3
14207217334,89.5
14207217355,85.5
14209842844,85.7
971357846,83.7
766968872,89.9
766968837,90.3
766968765,90.7
6457061475,87.9
6941765714,89.2
6941765715,89.2
6941765716,89.7
12881309173,89.8
12881309176,90.0
6941765717,90.3
6941765718,90.7
6941765719,90.7
6941765720,90.7
6941765721,90.8
6941765722,90.9
6941765723,91.0
6941765724,90.9
6941765725,91.2
6941765726,91.2
6941765727,91.3
6941765728,91.4
6941765729,91.5
6941765730,91.9
6941765731,92.2
6941765732,92.6
6941765733,93.0
6941765734,93.5
6941765735,93.7
6941765736,93.7
6941765737,93.9
6941765738,93.9
6941765739,93.8
6941765740,93.7
6941765741,93.2
6941765742,93.1
6941765743,92.7
6941765744,92.2
6941765745,91.7
6941765746,90.7
6941765747,89.9
3075907243,85.7
13877345140,85.8
6235707992,85.8
6235707994,85.9
1235053050,85.5
1235052947,85.2
1235052877,85.1
13877345136,86.7
3075803698,86.8
14208195066,95.1
14208195078,85.7
14208195077,85.7
14208195075,85.6
14208195074,85.8
14208195073,85.9
14208195080,85.9
14208195079,85.8
9029184409,85.7
6235707996,85.7
14208195089,86.3
14208195088,86.2
14208195087,86.0
14208195086,85.8
14208195084,85.7
14208195083,85.6
14208195095,86.4
1034822377,86.2
14208195090,86.0
10309733003,85.8
627860598,90.7
566272106,91.7
14208218655,95.7
14208218684,96.2
14208218685,96.4
1034904067,97.4
1034904885,97.3
10772019241,97.2
1034904209,96.2
14208218686,96.0
1034904440,96.0
878206770,90.7
14209842814,83.1
14209842864,84.4
14209842858,84.9
14209842849,85.1
6796291675,84.0
6796291673,84.0
6794450869,84.3
6794450871,85.0
10187060921,85.0
6794450872,85.1
6794450873,85.1
6794450875,84.6
6794450876,84.2
6794450877,84.1
6794450878,84.1
6794450879,84.3
14209842848,82.9
14209842833,95.9
14209842830,95.7
14209842819,95.1
14209842863,95.1
14209842831,94.9
14209842815,85.3
